AUC,Precision,Recall,F1,Accuracy,PosEdges,NegEdges,NegRatio,InputGraph,TargetGraph
0.9610444767074865,0.6410256410256411,0.9634831460674157,0.769852314045877,0.7119662921348314,8900.0,8900.0,1.0,70.0,71.0
0.9821592860110895,0.6446956769055745,0.9852222101488645,0.7793871147977822,0.7211235466695642,9203.0,9203.0,1.0,71.0,72.0
0.9775868288118286,0.644808743169399,0.9799772468714448,0.777822926542959,0.7200796359499431,8790.0,8790.0,1.0,72.0,73.0
0.9828104786108411,0.6488274203247144,0.9844890510948905,0.7821674519753534,0.7258211678832117,8768.0,8768.0,1.0,73.0,74.0
0.9820585315693827,0.6445641198249747,0.9835644581407293,0.7787718584790565,0.7205957883923986,9735.0,9735.0,1.0,74.0,75.0
0.9779847906458393,0.6462010744435918,0.9799813780260708,0.7788363703635186,0.721717877094972,8592.0,8592.0,1.0,75.0,76.0
0.9814450095717726,0.646539027982327,0.9841751285770803,0.7804036390254104,0.7230647500989055,7583.0,7583.0,1.0,76.0,77.0
0.9853225404560412,0.6484444805458534,0.986286137879911,0.7824552805684881,0.725784531751915,8094.0,8094.0,1.0,77.0,78.0
0.9731923104739979,0.6455736657078939,0.974903474903475,0.7767736973658912,0.7198359073359073,8288.0,8288.0,1.0,78.0,79.0
0.978130372074351,0.6478136882129277,0.9826964671953857,0.780865081638499,0.72422494592646,9709.0,9709.0,1.0,79.0,80.0
0.9507569201278737,0.6417730121573662,0.9551584625758598,0.7677160019872634,0.7110024724657227,8898.0,8898.0,1.0,80.0,81.0
0.9640657044781787,0.6447174447174447,0.9701066863842822,0.7746288798920378,0.7177564170275694,9467.0,9467.0,1.0,81.0,82.0
0.979657940059042,0.6493236212278877,0.9819634426824839,0.7817288233593525,0.7258201186297059,8261.0,8261.0,1.0,82.0,83.0
0.9848439124880939,0.6508523641042135,0.988399071925754,0.7848727272727273,0.7290878007082672,8189.0,8189.0,1.0,83.0,84.0
0.9775507551207291,0.6443371889822751,0.9818665990362668,0.7780736572376024,0.7199467410601065,7886.0,7886.0,1.0,84.0,85.0
0.9813579056578562,0.6484110266507922,0.9837432263443101,0.7816294987856038,0.7251632624704738,7197.0,7197.0,1.0,85.0,86.0
0.9810005864360674,0.645732966276669,0.9823321554770318,0.7792369582143784,0.7216987305326528,7641.0,7641.0,1.0,86.0,87.0
0.9798824841285348,0.6459592671812517,0.9813506640293869,0.7790925915540351,0.7217434303475558,7078.0,7078.0,1.0,87.0,88.0
0.9857877559347945,0.6485494269340975,0.987861429350791,0.783027027027027,0.7262684124386252,7332.0,7332.0,1.0,88.0,89.0
0.9830079408077002,0.6450845665961945,0.986661277283751,0.7801214445509748,0.7219078415521423,7422.0,7422.0,1.0,89.0,90.0
0.9752841829088578,0.6454597094863264,0.9769098501596659,0.7773271439042267,0.7201547531319086,8142.0,8142.0,1.0,90.0,91.0
0.9695238714676785,0.6458610372340425,0.9766243559130325,0.7775276402021112,0.7205605127560638,7957.0,7957.0,1.0,91.0,92.0
0.9685359626024113,0.6434782608695652,0.9694734164334775,0.7735322474247729,0.7161663698804376,7862.0,7862.0,1.0,92.0,93.0
0.9409495818060677,0.6370488807674737,0.9452101220063263,0.7611207131811153,0.7033438770899232,8852.0,8852.0,1.0,93.0,94.0
0.9676966773463217,0.6419447878038731,0.9696290764251929,0.7724726064752838,0.7144012944983819,8034.0,8034.0,1.0,94.0,95.0
0.9695964944073014,0.6441601516228382,0.9678452776459421,0.773505286615144,0.7165994304698624,8428.0,8428.0,1.0,95.0,96.0
0.9656374084629381,0.6469133833147233,0.969983257593877,0.7761722488038277,0.7202822291317866,8362.0,8362.0,1.0,96.0,97.0
0.9705899826097615,0.641491801885991,0.9739455694569844,0.7735095267363246,0.7148200696504579,7753.0,7753.0,1.0,97.0,98.0
0.9704885392225259,0.6471122549390659,0.977922672157401,0.7788457158474924,0.7223175474719744,8742.0,8742.0,1.0,98.0,99.0
0.9804766604786235,0.6509362026603406,0.9829836233367452,0.7832203476222029,0.7279298874104401,7816.0,7816.0,1.0,99.0,100.0
0.967205567649722,0.6452116856741135,0.9748613242063023,0.7764982373678025,0.7194028089224596,8473.0,8473.0,1.0,100.0,101.0
0.9807164549244002,0.6456399270015076,0.9851089588377724,0.7800412213008676,0.7222154963680387,8260.0,8260.0,1.0,101.0,102.0
0.9715019721079732,0.6465818895621747,0.9741545583129742,0.7772647994254642,0.7208435129227209,7777.0,7777.0,1.0,102.0,103.0
0.9847495196996133,0.6500247157686604,0.9876079609463012,0.7840214637054702,0.7279384153210665,7989.0,7989.0,1.0,103.0,104.0
0.9712083359453272,0.6379779099405267,0.9722905606629548,0.7704304109167394,0.710280978894212,7723.0,7723.0,1.0,104.0,105.0
0.9852627393529969,0.6494982010982768,0.9889001009081736,0.7840448025601463,0.727620008649272,6937.0,6937.0,1.0,105.0,106.0
0.9838448531523986,0.6458720467215291,0.9855522549284365,0.7803496017533543,0.7225897920604915,7406.0,7406.0,1.0,106.0,107.0
0.9785044817295777,0.6458490724418702,0.9806270711190416,0.7787843514347892,0.7214504205964822,7846.0,7846.0,1.0,107.0,108.0
0.9766376531990794,0.6458850486919993,0.9787326388888888,0.7782123547682043,0.7210648148148148,6912.0,6912.0,1.0,108.0,109.0
0.9776628259839564,0.6426894701542589,0.9815620998719591,0.7767757624886007,0.7179257362355954,7810.0,7810.0,1.0,109.0,110.0
0.9830977487291213,0.6458368951957599,0.9875816993464053,0.7809592722762042,0.7230065359477125,7650.0,7650.0,1.0,110.0,111.0
0.9751933359904299,0.6411448140900196,0.9832437163936476,0.7761709688564237,0.716456171064149,7997.0,7997.0,1.0,111.0,112.0
0.8194648686080835,0.6013709857685716,0.8087984768012827,0.6898290598290598,0.6363363062431105,9979.0,9979.0,1.0,112.0,113.0
0.9322157503467388,0.6349366695158909,0.9354321694333142,0.7564339937048695,0.6987979393245564,8735.0,8735.0,1.0,113.0,114.0
0.9636367830727288,0.6466356960887157,0.9819092046876777,0.7797605601987803,0.7226646945044942,8789.0,8789.0,1.0,114.0,115.0
0.9323882374806176,0.6371643940035572,0.9373286817842014,0.7586345989008219,0.701781709444306,8026.0,8026.0,1.0,115.0,116.0
0.9559143506711726,0.6411764705882353,0.955514850189716,0.7674039825566122,0.7103885908674604,7643.0,7643.0,1.0,116.0,117.0
0.957551278054976,0.6406460296096904,0.962947189097104,0.7694074609723935,0.7114033219761499,9392.0,9392.0,1.0,117.0,118.0
0.9713996946950125,0.6439285445089319,0.9761197440585009,0.7759662109995913,0.7181787020109689,8752.0,8752.0,1.0,118.0,119.0
0.9667596754788754,0.6369052165279157,0.9699895312318251,0.7689257722452744,0.7085029661509828,8597.0,8597.0,1.0,119.0,120.0
0.9812301052869206,0.6465184498996449,0.9851782143277261,0.7807037986483337,0.7232678508410775,8501.0,8501.0,1.0,120.0,121.0
0.9850505491191068,0.6493973018280514,0.9880966840762784,0.7837186897880539,0.7273168954208672,8233.0,8233.0,1.0,121.0,122.0
0.9733482094087964,0.6438781852082038,0.977589054022175,0.7763934426229508,0.7184477471101675,8478.0,8478.0,1.0,122.0,123.0
0.9713876790999867,0.6429730606945797,0.9726279612127163,0.7741683356943969,0.7162759297901068,8147.0,8147.0,1.0,123.0,124.0
0.9832220931135842,0.6486337071552677,0.9860727578340737,0.7825258444095088,0.7259574978989074,8329.0,8329.0,1.0,124.0,125.0
0.979638520749758,0.6447099970853979,0.981475318912923,0.7782224372223933,0.7202995008319467,9015.0,9015.0,1.0,125.0,126.0
0.9836653264856506,0.644546027742749,0.9870850935425468,0.7798598197682735,0.7213639106819554,8285.0,8285.0,1.0,126.0,127.0
0.9787390301187442,0.642733799872762,0.9815405968077724,0.7768014059753954,0.7179736294240111,7205.0,7205.0,1.0,127.0,128.0
0.975559737254668,0.6455213962966244,0.9770685262169774,0.777422108408024,0.7202628402842967,7457.0,7457.0,1.0,128.0,129.0
0.9629005027206207,0.6445698166431594,0.9660372040586246,0.77322204049405,0.7166713641488163,7096.0,7096.0,1.0,129.0,130.0
0.9622803857669378,0.6378945512255334,0.9629974710501797,0.7674356934500133,0.7081725009982697,7513.0,7513.0,1.0,130.0,131.0
0.9858741008057077,0.6480038022813688,0.9875416485585977,0.7825288411869368,0.7255541069100391,6903.0,6903.0,1.0,131.0,132.0
0.9822792351624142,0.6478732124965844,0.9844982698961938,0.7814765985497693,0.7247058823529412,7225.0,7225.0,1.0,132.0,133.0
0.9824998150887707,0.6446615614822638,0.9846732992739984,0.7791903824671526,0.7209599354665233,7438.0,7438.0,1.0,133.0,134.0
0.9701344691133592,0.6425444031391987,0.976277143215765,0.7750099641291351,0.7165808961968119,7967.0,7967.0,1.0,134.0,135.0
0.9647197724443807,0.6437300743889479,0.9648261215821609,0.772229894826304,0.7154234138571808,7534.0,7534.0,1.0,135.0,136.0
0.9455133727839082,0.6390899689762151,0.9487015479084048,0.7637093867463055,0.7064730715108097,7817.0,7817.0,1.0,136.0,137.0
0.9647981029834541,0.6472915933872669,0.9655036726128017,0.7750052642661613,0.719700944386149,7624.0,7624.0,1.0,137.0,138.0
0.9744828012147876,0.6493318887685084,0.9834541227950225,0.78220675403774,0.7261725693969643,7313.0,7313.0,1.0,138.0,139.0
0.972939394042017,0.6412893190459731,0.972990690966304,0.7730610969321319,0.7143700013111315,7627.0,7627.0,1.0,139.0,140.0
0.9741082215083386,0.6431663574520717,0.9766568285484304,0.7755819528045598,0.7174000536624631,7454.0,7454.0,1.0,140.0,141.0
0.9814409681900176,0.644794952681388,0.9830974302597224,0.7787938166775528,0.720764051119967,7277.0,7277.0,1.0,141.0,142.0
0.9731870753722406,0.6449336246009074,0.9790816326530613,0.7776314456488704,0.7200255102040817,7840.0,7840.0,1.0,142.0,143.0
0.9722863810834856,0.6443192177011685,0.9759005899334756,0.7761804931616252,0.7185891803690222,7967.0,7967.0,1.0,143.0,144.0
0.9634392476795632,0.6403996524761078,0.9683394640042039,0.7709444618763728,0.7122963741460852,7612.0,7612.0,1.0,144.0,145.0
0.9752170307702771,0.6431031654912251,0.9779274223718668,0.7759362786325632,0.7176081805711435,8019.0,8019.0,1.0,145.0,146.0
0.9737800971022623,0.6437103396789847,0.9755338707396408,0.7756226457525158,0.7177909772309433,7071.0,7071.0,1.0,146.0,147.0
0.9761865029174577,0.6400132989776411,0.9797684183738389,0.7742584213172449,0.7143402468507444,7859.0,7859.0,1.0,147.0,148.0
0.9714532655635782,0.6447532343076186,0.9749311693957398,0.7761882787263498,0.7188813215476018,6901.0,6901.0,1.0,148.0,149.0
0.9805960281780656,0.6486325296072251,0.9842275371687136,0.7819433032046015,0.7255332902391726,7735.0,7735.0,1.0,149.0,150.0
0.9731126828162725,0.6430704245867016,0.9785017730496454,0.7760931663370688,0.7176972517730497,9024.0,9024.0,1.0,150.0,151.0
0.9719992355425131,0.6479191041283637,0.9785434810046699,0.7796269294584947,0.7234002271866717,7923.0,7923.0,1.0,151.0,152.0
0.9858328978050448,0.6490196078431373,0.9891845737868222,0.783785307549191,0.7271239504767326,7027.0,7027.0,1.0,152.0,153.0
0.9525438568829869,0.6404208998548622,0.9548282391127941,0.7666413291345423,0.7093589396808223,7394.0,7394.0,1.0,153.0,154.0
0.9758266494085236,0.6482994331443814,0.9779929577464789,0.7797272909564869,0.7237173038229376,7952.0,7952.0,1.0,154.0,155.0
0.9782105036123242,0.6428150021070375,0.982101467937162,0.7770363201059549,0.71819469482359,7766.0,7766.0,1.0,155.0,156.0
0.9752134472835345,0.6434115955917585,0.9812920198772289,0.7772182670602535,0.7187225957322421,6842.0,6842.0,1.0,156.0,157.0
0.9811691318477859,0.6446024352373948,0.9839091929649495,0.7789078700503604,0.7207184732443558,8017.0,8017.0,1.0,157.0,158.0
0.9817950492459308,0.6454123634186499,0.9835766423357665,0.7793944871215545,0.7216012773722628,8768.0,8768.0,1.0,158.0,159.0
0.9832909509541905,0.6484119187950229,0.9853215574076377,0.7821278696618119,0.7255255628809554,8039.0,8039.0,1.0,159.0,160.0
0.9693640899361278,0.6406667715049537,0.9746411483253589,0.7731283803017364,0.7139952153110047,8360.0,8360.0,1.0,160.0,161.0
0.977206727795415,0.6404457821524445,0.978498632861049,0.7741776881852599,0.7145786726323639,8046.0,8046.0,1.0,161.0,162.0
0.9861985065458593,0.6500269210060765,0.9895784543325526,0.7846432384754654,0.7283957845433255,8540.0,8540.0,1.0,162.0,163.0
0.9737233033370568,0.6457555970149254,0.9761457109283196,0.7772995227846917,0.7203290246768508,8510.0,8510.0,1.0,163.0,164.0
0.9722533082807565,0.6514644692828587,0.9775954946131243,0.7818849449204406,0.7272894221351616,8168.0,8168.0,1.0,164.0,165.0
0.9732800550923563,0.644296405954437,0.9757130402291693,0.7761046166039232,0.718520363681654,8029.0,8029.0,1.0,165.0,166.0
0.9676776863264177,0.6430034667507091,0.97143197238424,0.773811216991419,0.7160457088441852,8401.0,8401.0,1.0,166.0,167.0
0.970681787467806,0.64356608044576,0.9745550428477258,0.7752084316501494,0.7174027686222808,7585.0,7585.0,1.0,167.0,168.0
0.9725992510060877,0.6428571428571429,0.9767078724788549,0.775373172873302,0.71704619388419,7685.0,7685.0,1.0,168.0,169.0
0.980817281360038,0.6497293804022942,0.9862660944206009,0.783383656374793,0.7272838749233599,8155.0,8155.0,1.0,169.0,170.0
0.9619307625945259,0.644976666373162,0.9640694919715714,0.7728831442891058,0.7167017636220058,7598.0,7598.0,1.0,170.0,171.0
0.9748830602638825,0.6457605297038809,0.9789488359124494,0.778190280933119,0.7209675170779312,7173.0,7173.0,1.0,171.0,172.0
0.9618107735115194,0.644754615038271,0.9669142471303174,0.7736358725013506,0.7170830519918974,7405.0,7405.0,1.0,172.0,173.0
0.9723083664865542,0.6426771212545506,0.9739708586787381,0.7743785850860421,0.7162257745084171,7069.0,7069.0,1.0,173.0,174.0
0.9665191560176668,0.638886479923684,0.9690870823467509,0.7700831024930748,0.7106682451986319,7602.0,7602.0,1.0,174.0,175.0
0.9673620829280458,0.638562874251497,0.9672269923811827,0.7692603635664134,0.709880275728625,8269.0,8269.0,1.0,175.0,176.0
0.9760062915520514,0.6462827746432127,0.9777805674114989,0.7781996203416924,0.7213155912628672,7966.0,7966.0,1.0,176.0,177.0
0.9771181398147052,0.6411734780396812,0.9810586403736378,0.7755102040816326,0.7160093409444733,7708.0,7708.0,1.0,177.0,178.0
0.9773748584262044,0.6464619959765591,0.9795891318754142,0.7789018863947729,0.7219350563286945,7545.0,7545.0,1.0,178.0,179.0
0.9786764106081323,0.6480758041725543,0.9831042743664102,0.7811842500751428,0.7246248896734334,7931.0,7931.0,1.0,179.0,180.0
0.9804864279784213,0.6421934778648205,0.982989403234802,0.7768595041322314,0.7176519799219185,7172.0,7172.0,1.0,180.0,181.0
0.9771981899762607,0.647808908045977,0.9817637452367991,0.7805669768448388,0.724006532389766,7348.0,7348.0,1.0,181.0,182.0
0.9745854593268893,0.6490767336889618,0.9792001980933515,0.7806731813246471,0.724897858115637,8077.0,8077.0,1.0,182.0,183.0
0.9679122976944401,0.6491627377662169,0.970470288005833,0.7779455457600701,0.7229918580629481,8229.0,8229.0,1.0,183.0,184.0
0.9508324366301317,0.6382018976512677,0.9616781905543186,0.7672385582721706,0.7082503222782139,8533.0,8533.0,1.0,184.0,185.0
0.9696707636762842,0.6395532805956259,0.970758581720582,0.7710951526032316,0.7118237039129821,7079.0,7079.0,1.0,185.0,186.0
0.9694505724537066,0.6456270627062707,0.9710846363862,0.7755971850530281,0.7190369818813601,8058.0,8058.0,1.0,186.0,187.0
0.9665353788736847,0.6411836238346169,0.9698344573881055,0.7719863347974621,0.7135499693439608,8155.0,8155.0,1.0,187.0,188.0
0.975163560154212,0.6484542393633302,0.981696014828545,0.7810138248847927,0.7247451343836886,8632.0,8632.0,1.0,188.0,189.0
0.9617588718339865,0.6395795949756473,0.9644375724777735,0.7691122071516646,0.7104754541940471,7761.0,7761.0,1.0,189.0,190.0
0.9804613263813895,0.6448304536634945,0.9847608296881615,0.7793411501954216,0.7211796246648794,7087.0,7087.0,1.0,190.0,191.0
0.9763725434291538,0.6519007731958762,0.9788366186963358,0.7825960841189268,0.7280807836497762,8269.0,8269.0,1.0,191.0,192.0
0.9486312965786992,0.6350579273131249,0.9563814531548758,0.7632808774439676,0.7033938814531548,8368.0,8368.0,1.0,192.0,193.0
0.9738003507116255,0.644586415601883,0.9779364876928963,0.7770177838577291,0.7193597755388343,7841.0,7841.0,1.0,193.0,194.0
0.971148729964574,0.6444208100682443,0.9776791717090224,0.7768162393162393,0.7191071668683608,7437.0,7437.0,1.0,194.0,195.0
0.9790473647382258,0.6472372286987016,0.9835805847616305,0.7807248199382646,0.7237505401123434,6943.0,6943.0,1.0,195.0,196.0
0.9732197949948675,0.647207267833109,0.9751584283903676,0.7780362018404288,0.7217997465145755,7890.0,7890.0,1.0,196.0,197.0
0.982219323497186,0.6446839311565064,0.9846456209310895,0.7791980558930741,0.7209802235597592,8141.0,8141.0,1.0,197.0,198.0
0.9863895873663834,0.6489345738295318,0.9918577981651376,0.7845609579100146,0.7276376146788991,8720.0,8720.0,1.0,198.0,199.0
0.9696119513204384,0.6440341644379259,0.9726384364820847,0.7749403093532649,0.7175244299674267,7675.0,7675.0,1.0,199.0,200.0
0.9789589789133497,0.6428571428571429,0.9850853981236468,0.7779994300370476,0.7189078662496993,8314.0,8314.0,1.0,200.0,201.0
0.965098094425408,0.6438663377438888,0.9700416713593873,0.7739935298346513,0.7167473814618763,8879.0,8879.0,1.0,201.0,202.0
0.9747713769494167,0.6476153547886778,0.9772966647162084,0.7790111940298508,0.7227618490345231,8545.0,8545.0,1.0,202.0,203.0
0.9813511426468594,0.6466666666666666,0.982749178532311,0.7800478156922408,0.7228915662650602,7304.0,7304.0,1.0,203.0,204.0
0.9690201231154334,0.6476469703803939,0.9760933605257195,0.7786514822848879,0.7225243598459098,8826.0,8826.0,1.0,204.0,205.0
0.9787579364160871,0.6440038529458982,0.9810467106872096,0.7775731730955612,0.719369038884813,8178.0,8178.0,1.0,205.0,206.0
0.976361732841666,0.6447585827060768,0.9788182831661093,0.7774211400110681,0.7197603121516165,7176.0,7176.0,1.0,206.0,207.0
0.9858243688642998,0.6455022120268721,0.9879623824451411,0.7808334572122293,0.7226959247648903,7975.0,7975.0,1.0,207.0,208.0
0.9746211772807255,0.6428792809545948,0.9788815478999529,0.7760733327097559,0.7175554506842851,8476.0,8476.0,1.0,208.0,209.0
0.9724265760751053,0.6462030106803465,0.9811031664964249,0.7791918065203063,0.7219739530132788,7832.0,7832.0,1.0,209.0,210.0
0.9715024698356528,0.6437656670689815,0.9777213761985336,0.7763533560991994,0.7183446136491822,7092.0,7092.0,1.0,210.0,211.0
0.9687806618842267,0.6435643564356436,0.9702719797596457,0.7738485597538213,0.7164452877925364,7905.0,7905.0,1.0,211.0,212.0
0.9660854464674765,0.6458144703267759,0.966375169355832,0.7742253799092165,0.7181918955536396,8119.0,8119.0,1.0,212.0,213.0
0.9794014735978394,0.6522140931844436,0.9872930753089298,0.7855122200064926,0.7304150151550478,8578.0,8578.0,1.0,213.0,214.0
0.9725453482197728,0.6470400510611137,0.9726553130247062,0.7771176696052128,0.7210362197169585,8338.0,8338.0,1.0,214.0,215.0
0.959375415908922,0.6399844418514197,0.9648176380907705,0.7695257693386961,0.7110355341855283,8527.0,8527.0,1.0,215.0,216.0
0.9840152893305064,0.6525889239081495,0.9880027266530333,0.7860086767895879,0.7310156782549421,7335.0,7335.0,1.0,216.0,217.0
0.9796382372194972,0.645698796141274,0.9851599562097069,0.7801001733769987,0.7222965575963994,8221.0,8221.0,1.0,217.0,218.0
0.981152977452286,0.6488556416421765,0.9840626688276607,0.7820533462137068,0.7257563479200432,7404.0,7404.0,1.0,218.0,219.0
0.9701145559783264,0.6378986866791745,0.9725400457665904,0.7704509404033537,0.7102402745995423,6992.0,6992.0,1.0,219.0,220.0
0.9676973249485853,0.6403847882765441,0.9704359673024523,0.7715972485511564,0.7127384196185286,7340.0,7340.0,1.0,220.0,221.0
0.9768568851764552,0.6429809358752167,0.9790148278461925,0.7761892901618929,0.7177054536315657,7958.0,7958.0,1.0,221.0,222.0
0.9673638835775121,0.6443551548412387,0.9713399320431378,0.7747599128026866,0.717609691239474,6769.0,6769.0,1.0,222.0,223.0
0.9708940593223897,0.6468624261621436,0.9743391360412637,0.7775262399670714,0.7212121212121212,7755.0,7755.0,1.0,223.0,224.0
0.9746176301804921,0.6477928850810206,0.9766919404661611,0.7789473684210526,0.7228306655433867,7122.0,7122.0,1.0,224.0,225.0
0.9757181189892666,0.6398262915045689,0.9796370688461006,0.7740805604203153,0.71408782379831,7219.0,7219.0,1.0,225.0,226.0
0.9703403116361359,0.6470300659985334,0.9691237490846961,0.7759808472174721,0.7202221137417623,8194.0,8194.0,1.0,226.0,227.0
0.9732949365680338,0.6453611898016998,0.9747292418772563,0.7765645805592544,0.7195480679235192,7479.0,7479.0,1.0,227.0,228.0
0.9885437364149194,0.6446171509317319,0.9900976668475312,0.7808504947847018,0.7221242539338035,7372.0,7372.0,1.0,228.0,229.0
0.9678424354210391,0.6411182079052116,0.9753555837206027,0.7736818588025023,0.7146880721025207,7101.0,7101.0,1.0,229.0,230.0
0.9726450933021797,0.6438772689578919,0.9752965806001396,0.7756687756687757,0.7179344033496162,7165.0,7165.0,1.0,230.0,231.0
0.9747441632471308,0.6409865470852018,0.9774343544857768,0.7742389773588993,0.7149890590809628,7312.0,7312.0,1.0,231.0,232.0
0.9657173344537424,0.646313738226697,0.9682520374650286,0.7751862492087452,0.7191947451648218,8221.0,8221.0,1.0,232.0,233.0
0.8973170246990048,0.6280888593060987,0.8989045010716837,0.739481804378704,0.6833174565372708,8398.0,8398.0,1.0,233.0,234.0
0.9817917532484626,0.6491048593350384,0.9843568196509372,0.7823272540457231,0.726115061409179,7735.0,7735.0,1.0,234.0,235.0
0.977489693119827,0.6474003694906307,0.9804156674660272,0.7798442219043077,0.7232214228617106,7506.0,7506.0,1.0,235.0,236.0
0.9630047179187229,0.6460305899490167,0.9686049686049686,0.7750955761878755,0.7189462189462189,7326.0,7326.0,1.0,236.0,237.0
0.9767923175030604,0.645124617402711,0.9798113959357152,0.77800042185193,0.7204143976623721,7529.0,7529.0,1.0,237.0,238.0
0.9731920057150617,0.6452293950466911,0.9790537210448497,0.7778375997259067,0.7203671759487432,8116.0,8116.0,1.0,238.0,239.0
0.9820794631720199,0.6468364197530864,0.9842667605964541,0.7806490664431718,0.7234354819772221,8517.0,8517.0,1.0,239.0,240.0
0.9722733962847704,0.6436213991769547,0.9772556860784803,0.7761016276300119,0.7180704823794052,8002.0,8002.0,1.0,240.0,241.0
0.9757483555431024,0.6475308131359087,0.9761815687741614,0.7785955838472249,0.7224092779648336,8019.0,8019.0,1.0,241.0,242.0
0.9756455180321231,0.6425992779783394,0.9793672627235214,0.7760217983651226,0.717331499312242,7270.0,7270.0,1.0,242.0,243.0
0.9771882944992096,0.6434314527119106,0.9794627113369982,0.7766583048895834,0.718338346644539,9641.0,9641.0,1.0,243.0,244.0
0.9593747173837719,0.6428820351977697,0.9628131524008351,0.7709748197680493,0.7139874739039666,7664.0,7664.0,1.0,244.0,245.0
0.9693343228853344,0.6406860247919851,0.9715462855671431,0.7721667945766181,0.7133384833268959,7767.0,7767.0,1.0,245.0,246.0
0.9767719580182977,0.6447667307356282,0.980600584639915,0.777988614800759,0.7201700770661706,7526.0,7526.0,1.0,246.0,247.0
0.9835716445616717,0.6460270843530755,0.9860540405927033,0.780620040415989,0.7228863155273316,8031.0,8031.0,1.0,247.0,248.0
0.9804690028016272,0.6451141255787507,0.9807359841936281,0.7782840903522955,0.7206100271672018,8098.0,8098.0,1.0,248.0,249.0
0.9850510342128779,0.6491847369305765,0.9883557261676263,0.7836453102013899,0.7271273192578375,7815.0,7815.0,1.0,249.0,250.0
0.9665966475577584,0.6441501103752759,0.9671218348137346,0.7732669069323723,0.7164258252684608,7543.0,7543.0,1.0,250.0,251.0
0.9750558862382201,0.6437050515553245,0.9787878787878788,0.776645235481679,0.7185111989459816,7590.0,7590.0,1.0,251.0,252.0
0.9667471745693722,0.6427692016289421,0.9698485281509003,0.7731389189497067,0.715418691054587,6998.0,6998.0,1.0,252.0,253.0
0.9673861158743337,0.6419390378259273,0.973816155988858,0.7737937140327579,0.7153203342618384,7180.0,7180.0,1.0,253.0,254.0
0.9727978723673713,0.6419949471320295,0.9766548042704626,0.7747289972899729,0.7160142348754448,7025.0,7025.0,1.0,254.0,255.0
0.9775478394840356,0.6445704317488007,0.9828434632264929,0.7785503581963759,0.7204415480782019,7519.0,7519.0,1.0,255.0,256.0
0.9778465707690782,0.6437441919405255,0.9813264649066323,0.7774716865625957,0.7191242755956214,7765.0,7765.0,1.0,256.0,257.0
0.9673828656127635,0.6450120303535073,0.9721059972105998,0.7754784156653316,0.7185495118549512,7170.0,7170.0,1.0,257.0,258.0
0.9766214349117015,0.6459154929577465,0.9831356295555238,0.7796225987419958,0.7220951836501358,6997.0,6997.0,1.0,258.0,259.0
0.9620333350973058,0.6378012048192772,0.9659148504815003,0.7682926829268293,0.7086923466801824,7892.0,7892.0,1.0,259.0,260.0
0.9697676174771978,0.6467856492442178,0.9732803507810359,0.7771334792122538,0.7208824335434365,7298.0,7298.0,1.0,260.0,261.0
0.9813122369845698,0.6440934296756847,0.9835771105978958,0.7784321689683185,0.7200410572235053,7794.0,7794.0,1.0,261.0,262.0
0.9652872725581448,0.6418084751418085,0.9670688788335847,0.7715603690332932,0.7136752136752137,7956.0,7956.0,1.0,262.0,263.0
0.9736485966362441,0.6450161786757163,0.9768136727620413,0.7769749976233482,0.719612764431696,8367.0,8367.0,1.0,263.0,264.0
0.9737110944224715,0.6484030837004405,0.9786674054578196,0.7800165608611648,0.7239922426928938,7219.0,7219.0,1.0,264.0,265.0
0.9747644060617707,0.6433479075577764,0.9789545145960624,0.776437648072367,0.7181262729124236,7365.0,7365.0,1.0,265.0,266.0
0.9815800634162373,0.6439503320820098,0.9842577607768133,0.7785406726405214,0.7200235397969692,6797.0,6797.0,1.0,266.0,267.0
0.9587297142133459,0.6411439114391144,0.9647905098435133,0.7703546956872229,0.7123927309439677,7924.0,7924.0,1.0,267.0,268.0
0.9811204924361576,0.6461053184964514,0.9858288770053476,0.7806065738633357,0.722927807486631,7480.0,7480.0,1.0,268.0,269.0
0.9705031261641559,0.6433021806853583,0.9764875870221988,0.775627314935573,0.7175226586102719,7613.0,7613.0,1.0,269.0,270.0
0.9784011365083519,0.6418125643666324,0.980182447310475,0.7757032611401543,0.7165775401069518,6358.0,6358.0,1.0,270.0,271.0
0.978383179437405,0.6470750045846323,0.9804112253403723,0.7796067167476801,0.7228396776882468,7198.0,7198.0,1.0,271.0,272.0
0.9815312346756647,0.645294912201711,0.9836650652024709,0.779336595976074,0.7214824982841455,7285.0,7285.0,1.0,272.0,273.0
0.9741952699728342,0.6424063517915309,0.9757266542980829,0.7747360667812423,0.716295609152752,6468.0,6468.0,1.0,273.0,274.0
0.9617125324688981,0.6398763523956723,0.9631859860407828,0.7689282202556539,0.7105515259340358,7307.0,7307.0,1.0,274.0,275.0
0.9649880921455214,0.6469156603950201,0.9701010668163953,0.7762116021789184,0.7203116226838855,7124.0,7124.0,1.0,275.0,276.0
0.9726812785654454,0.6411845730027548,0.9743589743589743,0.7734164070612669,0.7145473574045003,7644.0,7644.0,1.0,276.0,277.0
0.9826989807201716,0.6421267893660532,0.9845832244577999,0.7773078906652914,0.7179252678338124,7654.0,7654.0,1.0,277.0,278.0
0.9788189292085553,0.6451368421052631,0.9815502882767457,0.7785569105691057,0.7208199871877002,7805.0,7805.0,1.0,278.0,279.0
0.9785605272006415,0.6448841698841699,0.9804813619019666,0.7780365669034587,0.7202817728206633,6814.0,6814.0,1.0,279.0,280.0
0.9766980054609543,0.6469601263324122,0.9771914132379249,0.7785035629453682,0.7219737626714371,6708.0,6708.0,1.0,280.0,281.0
0.9744383370462011,0.6439616363280486,0.9762611275964391,0.7760349097770963,0.7182492581602374,6740.0,6740.0,1.0,281.0,282.0
0.9730734274648161,0.646172676772432,0.9714083510261854,0.7760940857175167,0.7197452229299363,7065.0,7065.0,1.0,282.0,283.0
0.9814094749665655,0.6453031437125748,0.9844419069369112,0.7795863004408274,0.7216671424493292,7006.0,7006.0,1.0,283.0,284.0
0.9638207464017717,0.642993762993763,0.9703815261044176,0.7734707147501626,0.715800702811245,7968.0,7968.0,1.0,284.0,285.0
0.9695066498142322,0.6453847594083505,0.9731789949181253,0.7760891590678825,0.7192264257481649,7084.0,7084.0,1.0,285.0,286.0
0.9796224947972392,0.650147334583445,0.981134617976014,0.782062298603652,0.7265867133809459,7421.0,7421.0,1.0,286.0,287.0
0.9826924295019884,0.6454624027657736,0.9873083024854574,0.780599979094805,0.7225013220518244,7564.0,7564.0,1.0,287.0,288.0
0.9879969818533387,0.6507358887271552,0.9900344488188977,0.7853030155167366,0.7293307086614174,8128.0,8128.0,1.0,288.0,289.0
0.9762908481967126,0.6459234608985025,0.977464434092912,0.7778390021539848,0.7208233664862143,7943.0,7943.0,1.0,289.0,290.0
0.9744414073602516,0.645496618013528,0.9750483975048397,0.7767639120935612,0.7197784469778447,9298.0,9298.0,1.0,290.0,291.0
0.966158696027669,0.6421339232536374,0.9696775022484903,0.7726248976248976,0.7146344597199024,7783.0,7783.0,1.0,291.0,292.0
0.973307237871758,0.6418005263635539,0.9762562120375483,0.7744620270492252,0.7156957482054114,7244.0,7244.0,1.0,292.0,293.0
0.9818132068328116,0.645225975628567,0.9841195153511352,0.7794288908557321,0.7215033525467592,8501.0,8501.0,1.0,293.0,294.0
0.9652820376510991,0.6398269132869506,0.963952447910009,0.7691366209393645,0.7106608717883165,7823.0,7823.0,1.0,294.0,295.0
0.9819480135631071,0.6488667582417582,0.9843709299296692,0.7821587498706406,0.7258400625162803,7678.0,7678.0,1.0,295.0,296.0
0.9844653357992299,0.6476277372262774,0.9878914405010438,0.7823642876825572,0.7251913709116214,7185.0,7185.0,1.0,296.0,297.0
0.9747150157578436,0.6461036095666755,0.9783509287718829,0.7782502391835867,0.7212347988774556,7483.0,7483.0,1.0,297.0,298.0
0.9786182827076653,0.6469935431799838,0.9831365935919055,0.7804076665652571,0.7233634830599417,6523.0,6523.0,1.0,298.0,299.0
0.9801874708468348,0.6443873179091688,0.983435047951177,0.778602243313201,0.720357454228422,6882.0,6882.0,1.0,299.0,300.0
0.9787824661157024,0.6427959241976955,0.9818181818181818,0.7769337016574586,0.7181090909090909,6875.0,6875.0,1.0,300.0,301.0
0.963616302149701,0.6384908398331217,0.9646478487256782,0.7683911809648548,0.7092354069608112,7298.0,7298.0,1.0,301.0,302.0
0.9731125602272025,0.6496765847347995,0.9745148771021992,0.7796119016817594,0.7245148771021992,7730.0,7730.0,1.0,302.0,303.0
0.9854470518237842,0.6447597493036211,0.9911682055399438,0.7812879067559728,0.722534457379901,7473.0,7473.0,1.0,303.0,304.0
0.9690028668187673,0.6413318225398762,0.9736667989943099,0.7733053074093537,0.7145692735212386,7557.0,7557.0,1.0,304.0,305.0
0.9763449116516133,0.6482153927907183,0.9800482056775576,0.7803187803187803,0.7240894483128013,7468.0,7468.0,1.0,305.0,306.0
0.9631130203148213,0.6431165401122483,0.9636408607469701,0.7714087714087714,0.7144447192678703,8086.0,8086.0,1.0,306.0,307.0
0.9619624433473262,0.6429584120982986,0.9667219327333018,0.7722800378429517,0.7149455234486025,8444.0,8444.0,1.0,307.0,308.0
0.9724654456745061,0.6424345643599857,0.9776292456690765,0.7753556553253638,0.716750784340472,7331.0,7331.0,1.0,308.0,309.0
0.9777693928640158,0.6475711591990662,0.9794920548689393,0.7796756756756756,0.7232106478337634,7363.0,7363.0,1.0,309.0,310.0
0.9670296199342524,0.6439525967235971,0.9727524022640516,0.7749174225344728,0.7174542582598394,7597.0,7597.0,1.0,310.0,311.0
0.9746544255690356,0.6435700734141714,0.978061928043124,0.776318407960199,0.7181897956625298,7977.0,7977.0,1.0,311.0,312.0
0.9778706685648004,0.645932157880605,0.9809705042816366,0.7789530491095521,0.7216256626342259,7357.0,7357.0,1.0,312.0,313.0
0.9730427117300566,0.6438173239562005,0.9761101363206911,0.77588241604978,0.7180456201916587,7409.0,7409.0,1.0,313.0,314.0
0.9641156509113694,0.6425200978678783,0.9678820587073845,0.7723333858515834,0.7146900092141635,7597.0,7597.0,1.0,314.0,315.0
0.9804825391388334,0.6423318107919795,0.9830568720379147,0.7769817858313434,0.7178317535545023,8440.0,8440.0,1.0,315.0,316.0
0.9674682227932677,0.644199611147116,0.970703125,0.7744448772886638,0.71728515625,7168.0,7168.0,1.0,316.0,317.0
0.9826872635920353,0.6444206634886662,0.9865951742627346,0.7796151356440888,0.7211051534107834,6714.0,6714.0,1.0,317.0,318.0
0.977806100425485,0.6453026568063545,0.9824854045037531,0.7789717308646057,0.7212260216847373,7194.0,7194.0,1.0,318.0,319.0
0.9816049461805753,0.6493983101476487,0.985238896801761,0.7828189300411522,0.7266606241098019,7723.0,7723.0,1.0,319.0,320.0
0.9758830895263322,0.6442180251822399,0.9768873257128502,0.7764189088004793,0.7186911192061299,7961.0,7961.0,1.0,320.0,321.0
0.9785075275471447,0.6454602717538018,0.980319803198032,0.7784047748236571,0.7209238759054257,7317.0,7317.0,1.0,321.0,322.0
0.9845972468692952,0.6479707368054346,0.9876543209876543,0.782540099921115,0.7255409531395195,7533.0,7533.0,1.0,322.0,323.0
0.9745822739555052,0.6475299112311849,0.9789934354485776,0.7794877751321215,0.7230488694383661,6855.0,6855.0,1.0,323.0,324.0
0.9654064456257724,0.6471900471900471,0.980246913580247,0.7796382428940568,0.722936972059779,7695.0,7695.0,1.0,324.0,325.0
0.9705203991374465,0.6445122532659483,0.9734984876854386,0.7755593803786575,0.7182774016995535,6943.0,6943.0,1.0,325.0,326.0
0.9751310240865562,0.6436740207113912,0.9789098877019995,0.7766610528603248,0.718501780334155,7302.0,7302.0,1.0,326.0,327.0
0.9804277515611488,0.6481200151917964,0.9824409902130109,0.7810068649885583,0.7245250431778929,6948.0,6948.0,1.0,327.0,328.0
0.9764255074563767,0.6478916589719914,0.9769492574257426,0.7791006106964407,0.7230043316831684,6464.0,6464.0,1.0,328.0,329.0
0.9734436791300781,0.6504183339396145,0.9766489143793528,0.7808286478519569,0.7258637170558514,7323.0,7323.0,1.0,329.0,330.0
0.9839368968547512,0.6438869665513264,0.9858719646799117,0.778998778998779,0.720309050772627,6795.0,6795.0,1.0,330.0,331.0
0.9425332414237425,0.6339844845312647,0.9444444444444444,0.7586824003131816,0.6995962127541074,7182.0,7182.0,1.0,331.0,332.0
0.9650272600862005,0.6419623302671923,0.9670097651095276,0.7716527141578476,0.7138427025600422,7578.0,7578.0,1.0,332.0,333.0
0.9701534329094628,0.642831541218638,0.9734056987788331,0.7743119266055046,0.7162822252374491,7370.0,7370.0,1.0,333.0,334.0
0.9780175740065971,0.6430812417437253,0.978886515018223,0.7762220339827595,0.7177956516274978,7957.0,7957.0,1.0,334.0,335.0
0.9804533366056,0.6441243800076307,0.9845458521650386,0.7787580003459609,0.7202945035719492,6859.0,6859.0,1.0,335.0,336.0
0.9846326865448042,0.6421420934979104,0.9871507545196474,0.778118007301849,0.7185118780815778,6693.0,6693.0,1.0,336.0,337.0
0.963829003567182,0.6397226530426056,0.9671724137931035,0.7700840151556752,0.7112413793103448,7250.0,7250.0,1.0,337.0,338.0
0.9515458480749219,0.6378130144701499,0.9498064516129032,0.7631538022912239,0.7052258064516129,7750.0,7750.0,1.0,338.0,339.0
0.9714279357898843,0.6392163514544992,0.9751584939836978,0.772233606557377,0.7123819381550006,7729.0,7729.0,1.0,339.0,340.0
0.9674681428783282,0.6398535845013839,0.968382650993109,0.7705623051284808,0.7116605864072423,7401.0,7401.0,1.0,340.0,341.0
0.9806679231542139,0.6426005747126436,0.9822923816060398,0.7769393626838934,0.7179821551132464,7285.0,7285.0,1.0,341.0,342.0
0.9812480007397546,0.6468177636530903,0.9847211611917495,0.7807783554590884,0.7235166793990323,7854.0,7854.0,1.0,342.0,343.0
0.9739401065970904,0.6408573564841737,0.9773216774357025,0.7741093828399398,0.7148105916634993,7893.0,7893.0,1.0,343.0,344.0
0.9808127318439792,0.644881685013435,0.9852999602701629,0.779547359597653,0.7213614090848894,7551.0,7551.0,1.0,344.0,345.0
0.9782751115409852,0.6467799642218247,0.9792795232936078,0.7790346907993967,0.722237269772481,7384.0,7384.0,1.0,345.0,346.0
0.9631369252410205,0.6425519794930219,0.9661670235546038,0.7718097844680123,0.7143468950749464,7005.0,7005.0,1.0,346.0,347.0
0.9747311953096722,0.6434748809639491,0.9822011272619401,0.7775494628074914,0.719000296647879,6742.0,6742.0,1.0,347.0,348.0
0.9705979322605166,0.6453850794289161,0.9771654741969859,0.7773539206781713,0.7201248287410564,6569.0,6569.0,1.0,348.0,349.0
0.9551659215599483,0.6372265413126017,0.962320819112628,0.7667373687931691,0.707235494880546,7325.0,7325.0,1.0,349.0,350.0
0.9592393080853665,0.642838370565046,0.9634978991596639,0.7711628395775314,0.7140887605042017,7616.0,7616.0,1.0,350.0,351.0
0.9795389252821691,0.6461978740801309,0.984797507788162,0.7803505307331523,0.722803738317757,8025.0,8025.0,1.0,351.0,352.0
0.9662925245248353,0.6420654911838791,0.9680972274971515,0.7720733000151446,0.7142043296619826,7899.0,7899.0,1.0,352.0,353.0
0.9673997438481565,0.6414597771734363,0.9671957671957672,0.7713486998259402,0.7132936507936508,7560.0,7560.0,1.0,353.0,354.0
0.9567996530932972,0.6411442995372318,0.9618783135571826,0.7694249507749785,0.7117520828073719,7922.0,7922.0,1.0,354.0,355.0
0.9828329930250645,0.6427444139878727,0.9854814060112074,0.7780403197425971,0.7188614365766683,7852.0,7852.0,1.0,355.0,356.0
0.9542100457633691,0.6360993905297703,0.966794926606812,0.767334011989594,0.7068547812455466,7017.0,7017.0,1.0,356.0,357.0
0.9751246740644482,0.6416861826697893,0.9778230945704818,0.7748712251287748,0.7159061942391027,7846.0,7846.0,1.0,357.0,358.0
0.9734865408424958,0.6369172043988003,0.9772695579417097,0.7712116209970287,0.7100822758332171,7171.0,7171.0,1.0,358.0,359.0
0.9784254514844619,0.646241971879882,0.9792214623882167,0.7786259541984732,0.7215938979484482,7604.0,7604.0,1.0,359.0,360.0
0.9844131855855476,0.6501525094740734,0.985292057711164,0.7833834502728589,0.7275528785544194,7139.0,7139.0,1.0,360.0,361.0
0.9778453483725172,0.6450845665961945,0.9803212851405623,0.7781319732228243,0.7204819277108434,7470.0,7470.0,1.0,361.0,362.0
0.979810643549474,0.6491966335118592,0.9816341287057122,0.7815324391226757,0.7255965292841648,6915.0,6915.0,1.0,362.0,363.0
0.9698854288523475,0.6429031367859442,0.9663993362831859,0.7721372148262718,0.7148091814159292,7232.0,7232.0,1.0,363.0,364.0
0.9821360382506893,0.6446097372488409,0.985380980507974,0.7793739780425134,0.7210572947430597,6772.0,6772.0,1.0,364.0,365.0
0.9623852082208647,0.6400112233445566,0.9662524710533748,0.7700011252391133,0.7113809658288619,7082.0,7082.0,1.0,365.0,366.0
0.9804364111661795,0.6450526315789473,0.9834381820516113,0.7790886899918633,0.7211452047759661,7789.0,7789.0,1.0,366.0,367.0
0.9828166018434653,0.6489423076923077,0.9852554744525548,0.7824927536231884,0.7261313868613138,6850.0,6850.0,1.0,367.0,368.0
0.9757119460791711,0.647567974409634,0.9763120567375887,0.7786639515809718,0.7224822695035461,7050.0,7050.0,1.0,368.0,369.0
0.9797906603432684,0.6460169419012578,0.9848682494129924,0.7802407895416731,0.7226063135924863,7666.0,7666.0,1.0,369.0,370.0
0.9783784148260142,0.6464437032362751,0.980046467131338,0.779033134166214,0.7220172201722017,7317.0,7317.0,1.0,370.0,371.0
0.9810241356658121,0.646042107198676,0.9838980677681322,0.7799544924801598,0.7224166900028003,7142.0,7142.0,1.0,371.0,372.0
0.9672913229813543,0.6443406538805525,0.9710948030552643,0.7746714456391876,0.7175378163846039,6677.0,6677.0,1.0,372.0,373.0
0.9790185081516696,0.6461787688202782,0.9824688496088091,0.7796045067831685,0.7222544190089829,6902.0,6902.0,1.0,373.0,374.0
0.9782586982079353,0.6416912487708948,0.9791447861965491,0.7752895752895753,0.7162040510127532,6665.0,6665.0,1.0,374.0,375.0
0.9608190247485969,0.6447775628626693,0.9630218113534594,0.7724034061287146,0.7162357359526217,6923.0,6923.0,1.0,375.0,376.0
0.9724179911635519,0.6430296589701479,0.9773861967694567,0.7757123710739467,0.7174008810572687,6810.0,6810.0,1.0,376.0,377.0
0.9777904928837259,0.6479376718606783,0.9805798307670966,0.7802858877421491,0.7238868081564711,7209.0,7209.0,1.0,377.0,378.0
0.9812313274365378,0.6466210954399931,0.9840663681854095,0.7804292204062451,0.7231366868580458,7594.0,7594.0,1.0,378.0,379.0
0.9695206223958366,0.6389684813753582,0.9720191226096738,0.7710668674362835,0.7114032620922385,7112.0,7112.0,1.0,379.0,380.0
0.9682686474728449,0.6407729838323926,0.971710430871899,0.7722817940735617,0.7134774408820542,6893.0,6893.0,1.0,380.0,381.0
0.9611784750225579,0.6407413676371022,0.9618854021090077,0.769136993955402,0.7112819209757337,7871.0,7871.0,1.0,381.0,382.0
0.9613683700478448,0.6390774586597041,0.9632690541781451,0.7683775440799456,0.7096287550833006,7623.0,7623.0,1.0,382.0,383.0
0.9757422804401052,0.6477761207123431,0.9791804800424347,0.7797254487856389,0.7233788622198647,7541.0,7541.0,1.0,383.0,384.0
0.9752994483991021,0.6451728461400681,0.9788043478260869,0.7777178020079888,0.7202445652173913,7360.0,7360.0,1.0,384.0,385.0
0.9691943238565086,0.6491742141715503,0.9702720637027207,0.7778900888439645,0.7229595222295953,7535.0,7535.0,1.0,385.0,386.0
0.9301121128747796,0.6349000259672812,0.9314285714285714,0.7550957381099445,0.6979047619047619,7875.0,7875.0,1.0,386.0,387.0
0.9670815225624534,0.6423152570946895,0.9702886247877759,0.7729501267962806,0.7149830220713073,7068.0,7068.0,1.0,387.0,388.0
0.964011614952558,0.6416533617172254,0.9658210947930574,0.7710509486250267,0.7132176234979973,7490.0,7490.0,1.0,388.0,389.0
0.952578599102086,0.641267414203194,0.9539997472513585,0.766979933959868,0.7101604953873373,7913.0,7913.0,1.0,389.0,390.0
0.9691060254682399,0.6458507263316079,0.9741846115098854,0.776745820573322,0.7199974814255131,7941.0,7941.0,1.0,390.0,391.0
0.977538242818302,0.6446724397590361,0.9803893501288291,0.7778534923339012,0.7200114514743773,6986.0,6986.0,1.0,391.0,392.0
0.9694808956663162,0.6412731791244504,0.9748619587329265,0.7736392988929889,0.7147631502470212,6882.0,6882.0,1.0,392.0,393.0
0.9797529985945929,0.6479071403447063,0.9826620432115231,0.7809220985691574,0.7243264870632169,7498.0,7498.0,1.0,393.0,394.0
0.9788964479143893,0.6478524464178977,0.9817546583850931,0.7805957096558465,0.7240553830227743,7728.0,7728.0,1.0,394.0,395.0
0.9812905969158832,0.6497434512557386,0.9839149400218102,0.7826511249661154,0.726758451472192,7336.0,7336.0,1.0,395.0,396.0
0.9814905217013746,0.6474071244389266,0.9836041787579802,0.7808558428842942,0.7239553105049332,6892.0,6892.0,1.0,396.0,397.0
0.9788415318588786,0.6429883057891176,0.9805453205600589,0.7766752276441746,0.7180545320560059,6785.0,6785.0,1.0,397.0,398.0
0.9741636085808419,0.6449065543564095,0.9768740031897927,0.7769145394006659,0.7194976076555024,7524.0,7524.0,1.0,398.0,399.0
0.9768634223366817,0.6464250734573947,0.9803193464537691,0.7791057990261178,0.7220571852952098,8079.0,8079.0,1.0,399.0,400.0
0.9597365608180171,0.6418285493379724,0.9613491603937464,0.7697478991596639,0.7124348581354951,6908.0,6908.0,1.0,400.0,401.0
0.968709593001931,0.6436060855263158,0.9711493718008376,0.7741576506955178,0.7166899333023111,6447.0,6447.0,1.0,401.0,402.0
0.974915151953184,0.6445157476990627,0.9778375608506277,0.7769352129879383,0.7192544196771714,7806.0,7806.0,1.0,402.0,403.0
0.975291838951186,0.6476851411731153,0.9783170591614015,0.7793856889549848,0.7230758184951177,6964.0,6964.0,1.0,403.0,404.0
0.9801438527817552,0.6455223880597015,0.9866920152091255,0.7804511278195488,0.7224334600760456,7364.0,7364.0,1.0,404.0,405.0
0.9839016709961473,0.6491383554899065,0.9872697319155309,0.7832699619771863,0.7268234236932755,6677.0,6677.0,1.0,405.0,406.0
0.9789670515371232,0.6469795037756203,0.9810523446019629,0.7797399783315276,0.7228735005452562,7336.0,7336.0,1.0,406.0,407.0
0.9757785544179816,0.6456469373709567,0.9784876140808344,0.7779620607442729,0.7207301173402868,7670.0,7670.0,1.0,407.0,408.0
0.98129853550137,0.6498188060270838,0.9848243965891025,0.7829933927032462,0.7270559329382859,6919.0,6919.0,1.0,408.0,409.0
0.958955823145964,0.6385155466399197,0.9575812274368231,0.7661571789625707,0.7077316486161251,6648.0,6648.0,1.0,409.0,410.0
0.9644359704666181,0.6437307440948558,0.9656862745098039,0.7725057419752395,0.7156162464985995,7140.0,7140.0,1.0,410.0,411.0
0.9827519080475684,0.639460470611401,0.9879829631883176,0.7764030840953918,0.7154700334651658,6574.0,6574.0,1.0,411.0,412.0
0.9733963730693285,0.6427063436211923,0.9766269477543538,0.7752379797489845,0.7168499847234953,6546.0,6546.0,1.0,412.0,413.0
0.9795574007598744,0.647620924046892,0.981487011048074,0.7803430470651077,0.7237234995521051,6698.0,6698.0,1.0,413.0,414.0
0.9618123867154399,0.6425691772035917,0.9661110345777655,0.7718043250976724,0.7143545942967351,7259.0,7259.0,1.0,414.0,415.0
0.978934921970106,0.6420068027210885,0.9829307102560394,0.7767045779276447,0.7174164617387531,6913.0,6913.0,1.0,415.0,416.0
0.9647333128129394,0.6421513875762522,0.9677586430143726,0.7720276830905898,0.714230221416548,7723.0,7723.0,1.0,416.0,417.0
0.964106700822581,0.6453393665158371,0.9712612367202397,0.7754458460200087,0.7187414873331517,7342.0,7342.0,1.0,417.0,418.0
0.983572799831968,0.6444823663253697,0.9852173913043478,0.7792297111416782,0.7208695652173913,6900.0,6900.0,1.0,418.0,419.0
0.9837793456631946,0.6482896652110626,0.9868439274338734,0.7825179816614506,0.725730508239856,7221.0,7221.0,1.0,419.0,420.0
0.9763465904831107,0.644016136261766,0.9776810016330975,0.7765227260444252,0.7186309199782254,7348.0,7348.0,1.0,420.0,421.0
0.9715111422816541,0.6453305351521511,0.9720758693361433,0.7756989699390372,0.7189146469968388,7592.0,7592.0,1.0,421.0,422.0
0.9760002596814547,0.6424640511272857,0.9779759491960546,0.7754861520329994,0.7168625861370085,7401.0,7401.0,1.0,422.0,423.0
0.9658712420586305,0.6437755976759691,0.968615649183147,0.7734737083023402,0.716322728575523,6978.0,6978.0,1.0,423.0,424.0
0.9728852984641447,0.6440217391304348,0.9770677660396805,0.7763332992117924,0.7185003864983251,7762.0,7762.0,1.0,424.0,425.0
0.9643663186940538,0.6402161791198422,0.9697245322245323,0.7712499354105307,0.7123830561330561,7696.0,7696.0,1.0,425.0,426.0
0.9791005043789566,0.6462207419742807,0.9832488738738738,0.7798805336906157,0.7224802927927928,7104.0,7104.0,1.0,426.0,427.0
0.9692568290675441,0.6447935626017818,0.974095513748191,0.7759525044671163,0.7187409551374819,6910.0,6910.0,1.0,427.0,428.0
0.9767244490311545,0.642227602905569,0.9794682422451995,0.7757823925124305,0.7169128508124076,6770.0,6770.0,1.0,428.0,429.0
0.9739601265762042,0.6412789653314173,0.9775465498357064,0.7744874715261959,0.7153614457831325,7304.0,7304.0,1.0,429.0,430.0
0.9673655460039613,0.6391419085724015,0.9647905422770496,0.7689077781760458,0.7100359804677461,7782.0,7782.0,1.0,430.0,431.0
0.969913980829836,0.6421979510625688,0.9746851709072218,0.7742561118766906,0.7158185556412233,7782.0,7782.0,1.0,431.0,432.0
0.956590653160997,0.6389331544074478,0.9584801207851031,0.7667455085300187,0.7084172118772019,7948.0,7948.0,1.0,432.0,433.0
0.9616121312726592,0.6405410781778397,0.9646494907130018,0.7698744769874477,0.7116536848412223,6676.0,6676.0,1.0,433.0,434.0
0.963744055263649,0.6464170376189229,0.9677250751339344,0.7750915750915751,0.7191950868940284,7653.0,7653.0,1.0,434.0,435.0
0.9807526227047356,0.6463995764207554,0.9841461776165524,0.7802929427430093,0.7228939943571141,7443.0,7443.0,1.0,435.0,436.0
0.9748708617985705,0.6432908051033875,0.983719052744887,0.7778900888439645,0.7191200215285253,7432.0,7432.0,1.0,436.0,437.0
0.9608132440691651,0.6421496518583897,0.9669226225634967,0.7717602687253227,0.7140431187241583,6772.0,6772.0,1.0,437.0,438.0
0.9722616756015763,0.6395723896415076,0.9717166059927191,0.771411104318346,0.7120554466535984,7142.0,7142.0,1.0,438.0,439.0
0.9485233877311492,0.6348815165876778,0.9467137809187279,0.7600567375886524,0.70113074204947,7075.0,7075.0,1.0,439.0,440.0
0.9569346039177078,0.6418140589569161,0.9541531823085221,0.7674204218860149,0.7108279395900755,7416.0,7416.0,1.0,440.0,441.0
0.9605241765573025,0.6372913603736055,0.9561437654080706,0.7648157758173326,0.7059815751913845,7707.0,7707.0,1.0,441.0,442.0
0.9695847069750153,0.6401052274270197,0.9675474602360185,0.7704800817160368,0.7117752693689071,7796.0,7796.0,1.0,442.0,443.0
0.9634703630496553,0.6435055865921788,0.9728160464502508,0.7746138489019649,0.7169437846397466,7578.0,7578.0,1.0,443.0,444.0
0.9479673280330762,0.6327417602318001,0.9449628127112915,0.7579586745485113,0.6982420554428668,7395.0,7395.0,1.0,444.0,445.0
0.9723592588013578,0.6388955200127318,0.9726226529376135,0.7712035347228893,0.7114476075105997,8255.0,8255.0,1.0,445.0,446.0
0.9641087128052945,0.6426129607609988,0.9656058068118369,0.7716746240685378,0.7142936906756002,8955.0,8955.0,1.0,446.0,447.0
0.9736811500971396,0.6409431939978564,0.9742058104805865,0.7731925439069066,0.7142275319033397,7366.0,7366.0,1.0,447.0,448.0
0.971613580302239,0.6386486486486487,0.9733626252917754,0.7712560517869771,0.7113140189482356,7283.0,7283.0,1.0,448.0,449.0
0.9783591706017528,0.6475927738720298,0.9788808178638687,0.7794976166247122,0.7230965832660748,7434.0,7434.0,1.0,449.0,450.0
0.9719268459774225,0.6415552855407047,0.9711375212224108,0.7726684302358304,0.7142756083757782,7068.0,7068.0,1.0,450.0,451.0
0.975080326771045,0.6428324399100813,0.9773892467464178,0.77556981171439,0.7171683975285921,7607.0,7607.0,1.0,451.0,452.0
0.9807256776159897,0.6438699636866678,0.9814180284659989,0.7775921478542341,0.7192936215076436,7588.0,7588.0,1.0,452.0,453.0
0.964225337351776,0.6432653838826443,0.9633380884450785,0.7714187799862919,0.7145506419400856,7010.0,7010.0,1.0,453.0,454.0
0.9611337400028237,0.6393927821271721,0.964985590778098,0.7691512576088205,0.7103746397694525,6940.0,6940.0,1.0,454.0,455.0
0.96734081750774,0.6448445171849427,0.9669336088865926,0.7737067851790606,0.7171919400671661,7742.0,7742.0,1.0,455.0,456.0
0.98146487390302,0.6465467763535488,0.9815567818762707,0.7795847750865051,0.7224803950043567,6886.0,6886.0,1.0,456.0,457.0
0.9644714723275949,0.6390798014509355,0.9677652500722752,0.7698056801195815,0.710610002891009,6918.0,6918.0,1.0,457.0,458.0
0.9504546138681851,0.6352681446049121,0.9526831287074079,0.7622516556291391,0.7028555662850048,7249.0,7249.0,1.0,458.0,459.0
0.963943806869933,0.6418280774771891,0.9632432432432433,0.7703540035544455,0.7128528528528528,8325.0,8325.0,1.0,459.0,460.0
0.9762711579259659,0.6433318564466105,0.976462676529926,0.7756410256410257,0.7175521183591123,7435.0,7435.0,1.0,460.0,461.0
0.983649737182939,0.6454170631144941,0.9867862771245,0.7804036239873448,0.7223299793914414,8249.0,8249.0,1.0,461.0,462.0
0.9817249360320762,0.6468847894187261,0.9848966613672496,0.7808823529411765,0.7236354001059884,7548.0,7548.0,1.0,462.0,463.0
0.9617139479704224,0.6392410046453035,0.9629937136757205,0.7684081014575052,0.7097615941169494,8431.0,8431.0,1.0,463.0,464.0
0.9710458129853934,0.6435924072150345,0.9710743801652892,0.7741239279831885,0.7166571672841265,7018.0,7018.0,1.0,464.0,465.0
0.977112049463721,0.644222373144465,0.9773329408301442,0.7765627741067774,0.7187959964674713,6794.0,6794.0,1.0,465.0,466.0
0.9764069674582938,0.6441379310344828,0.9809452363090773,0.7776390127862028,0.7195048762190548,6665.0,6665.0,1.0,466.0,467.0
0.9802303737311441,0.642595733285727,0.9844113223027485,0.777597753294448,0.7184466019417476,7313.0,7313.0,1.0,467.0,468.0
0.9824994919939419,0.6461469534050179,0.9847057216987574,0.7802845858356328,0.7227229277618462,7323.0,7323.0,1.0,468.0,469.0
0.973117017991426,0.6434384135261121,0.9743957884661403,0.7750654294551511,0.7172170375687964,8358.0,8358.0,1.0,469.0,470.0
0.9711913320528349,0.6451762882603642,0.975398313027179,0.7766428804626649,0.7194821930646673,8536.0,8536.0,1.0,470.0,471.0
0.9547044313493867,0.6366880799428979,0.9576523917451986,0.7648628048780488,0.7055946558511272,8383.0,8383.0,1.0,471.0,472.0
0.9640134898412549,0.6403819244382254,0.9668199328942463,0.7704495939790057,0.7119423387597863,8047.0,8047.0,1.0,472.0,473.0
0.9723732932568876,0.6472118636718411,0.9776002095886822,0.7788155491781894,0.7223604925334032,7634.0,7634.0,1.0,473.0,474.0
0.9572539045576393,0.6402934761054928,0.9570243034973326,0.7672567423072354,0.7096917605216361,6748.0,6748.0,1.0,474.0,475.0
0.9715700702708869,0.6464578313253012,0.9727338651196519,0.776722640416908,0.7203770848440899,6895.0,6895.0,1.0,475.0,476.0
0.9754775582693342,0.6445172195225016,0.9810258884064962,0.7779407076824992,0.7199710564399421,6219.0,6219.0,1.0,476.0,477.0
0.9834609572675749,0.6423220973782772,0.9850031908104658,0.7775818639798489,0.7182514358647096,6268.0,6268.0,1.0,477.0,478.0
0.9780256920494312,0.6460803234996784,0.9804741980474198,0.7789042158329178,0.7216875871687587,7170.0,7170.0,1.0,478.0,479.0
0.9780842533904126,0.6433509921882015,0.9805665799917886,0.7769464324441553,0.7184891200218968,7307.0,7307.0,1.0,479.0,480.0
0.970157185234774,0.6417300760913096,0.972566156834183,0.7732471167302032,0.7147972808934208,8238.0,8238.0,1.0,480.0,481.0
0.9764934294620805,0.6453331078796077,0.9833805720175213,0.7792751403777437,0.7214635403246586,7762.0,7762.0,1.0,481.0,482.0
0.966434351697562,0.6462486408118884,0.9665266296246103,0.7745859353787673,0.7187288250440439,7379.0,7379.0,1.0,482.0,483.0
0.9644969039637326,0.6454202851056857,0.9729529455353835,0.7760429493178348,0.7192169939483759,8097.0,8097.0,1.0,483.0,484.0
0.9565162620844264,0.6416898792943361,0.956672203765227,0.7681449372012893,0.7112403100775194,7224.0,7224.0,1.0,484.0,485.0
0.9827548087620308,0.6435891228919551,0.9876176324913324,0.7793248326737994,0.720344229816741,8076.0,8076.0,1.0,485.0,486.0
0.9775966833446692,0.6462239355177852,0.9800690938081318,0.7788806758183738,0.72176454956152,7526.0,7526.0,1.0,486.0,487.0
0.9765169806069147,0.6418377681613111,0.9789355427608482,0.7753308864419975,0.716331975846089,7121.0,7121.0,1.0,487.0,488.0
0.9838795014780972,0.6469692899991046,0.9871584699453552,0.781653956406512,0.7242486338797814,7320.0,7320.0,1.0,488.0,489.0
0.9825964584438689,0.6502399409376154,0.9840782122905027,0.7830629028673038,0.7273743016759776,7160.0,7160.0,1.0,489.0,490.0
0.9734517032447118,0.6477387395651775,0.9752762430939227,0.778457637395954,0.7224447513812154,7240.0,7240.0,1.0,490.0,491.0
0.9835355852941684,0.648946402028504,0.9864433811802232,0.7828701017878804,0.7264088250930356,7524.0,7524.0,1.0,491.0,492.0
0.9752570626366371,0.646448889704533,0.9791521890201529,0.7787542143370364,0.7218207088255734,7195.0,7195.0,1.0,492.0,493.0
0.9803224135921809,0.645519505600618,0.9832328283571113,0.7793646167298164,0.7216502426827475,6799.0,6799.0,1.0,493.0,494.0
0.9606456505412585,0.639057372974048,0.9658851818455064,0.7691939441086709,0.7101743312293357,6654.0,6654.0,1.0,494.0,495.0
0.9790199625510402,0.6471988282680337,0.9886729128793176,0.7822959889349931,0.7248636554328066,7151.0,7151.0,1.0,495.0,496.0
0.9643610279488695,0.6414966644107125,0.9657933042212519,0.7709289490501365,0.7130276564774382,6870.0,6870.0,1.0,496.0,497.0
0.9692194874838455,0.6406609317775317,0.9773908523908524,0.7739877553120338,0.7145919958419958,7696.0,7696.0,1.0,497.0,498.0
0.980695927380977,0.648047359877781,0.9859093550261476,0.7820475888690442,0.725232423009878,6884.0,6884.0,1.0,498.0,499.0
0.9757727330807965,0.6475450901803608,0.9792903144336406,0.7795928625282734,0.7231342341204697,7919.0,7919.0,1.0,499.0,500.0
0.9772456032770815,0.6483933787731256,0.9808513772278686,0.7807022685972214,0.7244807777286787,6789.0,6789.0,1.0,500.0,501.0
0.9509997335140777,0.6374708041374708,0.9484919945389103,0.762484410077326,0.7045426337346407,8057.0,8057.0,1.0,501.0,502.0
0.9695566118797264,0.6448250860975168,0.972393057263906,0.7754345812217318,0.7183955172885063,7317.0,7317.0,1.0,502.0,503.0
0.9798856416214399,0.6430158860811589,0.9837551945598791,0.7777003484320557,0.718801158544264,7941.0,7941.0,1.0,503.0,504.0
0.9720764648917556,0.6394183881549783,0.9769710105662422,0.7729489309254595,0.7130181522622595,7382.0,7382.0,1.0,504.0,505.0
0.9560768637178063,0.6387935034802784,0.9614471294873586,0.7675922828147652,0.7088978907668669,7159.0,7159.0,1.0,505.0,506.0
0.9675086939543411,0.6416285452881976,0.9701203485959331,0.7723993611983039,0.7141375017291465,7229.0,7229.0,1.0,506.0,507.0
0.9668846725870207,0.6469661150512215,0.9718276515151515,0.7768000756930646,0.7207623106060606,8448.0,8448.0,1.0,507.0,508.0
0.9701431537630966,0.6400659521846661,0.9731762346452745,0.7722299582255818,0.7129606417648533,7978.0,7978.0,1.0,508.0,509.0
0.9819410816743073,0.6456699624957382,0.9850455136540962,0.780043249922768,0.7222366710013004,7690.0,7690.0,1.0,509.0,510.0
0.9680224207974312,0.6387842690724358,0.9709759020103848,0.7706043956043956,0.7109572626814006,7511.0,7511.0,1.0,510.0,511.0
0.9651430737098331,0.6431981942876985,0.9693837498364517,0.7733013255401315,0.7158183959178334,7643.0,7643.0,1.0,511.0,512.0
0.9583777589931435,0.6379259837906455,0.9572161172161172,0.7656158443689206,0.706959706959707,6825.0,6825.0,1.0,512.0,513.0
0.9400208602950941,0.631094576072058,0.9440538957234915,0.7564839807534327,0.6961042765084944,6828.0,6828.0,1.0,513.0,514.0
0.9620806255405795,0.6389719067543336,0.9672749208264213,0.7695722598836163,0.7103755089730056,6631.0,6631.0,1.0,514.0,515.0
0.9735866282734199,0.6403779010063668,0.9785030597834615,0.7741294767550121,0.7144986662482348,6373.0,6373.0,1.0,515.0,516.0
0.9659032534214635,0.6413746500627474,0.9700686231566652,0.7721989772198977,0.7138268360344576,6849.0,6849.0,1.0,516.0,517.0
0.9617425040205172,0.6416621694549379,0.9704802067745885,0.7725377659862472,0.7142565637328254,7351.0,7351.0,1.0,517.0,518.0
0.9708600084015963,0.6421281421281422,0.9847826086956522,0.7773710101819014,0.7179710144927536,6900.0,6900.0,1.0,518.0,519.0
0.9695586618698513,0.6435057244374259,0.973715651135006,0.7748989778939862,0.7171445639187575,6696.0,6696.0,1.0,519.0,520.0
0.9802784201496992,0.6480562821322269,0.9820940404592674,0.7808509482149649,0.7243712411153636,7316.0,7316.0,1.0,520.0,521.0
0.9825634623565366,0.6439768631067148,0.9851243908694537,0.7788310437471486,0.7202487817389074,7798.0,7798.0,1.0,521.0,522.0
0.9818715461242373,0.6459755071515378,0.9841902862840052,0.7799977424088498,0.7224042159236576,7021.0,7021.0,1.0,522.0,523.0
0.9783573355767394,0.647834274952919,0.9817096899727591,0.780568304883709,0.724023868205993,7709.0,7709.0,1.0,523.0,524.0
0.9837750274110784,0.6461965478358921,0.9867549668874173,0.7809633628596887,0.7232450331125828,7550.0,7550.0,1.0,524.0,525.0
0.9811783899191732,0.6483561870147034,0.9854362837413685,0.7821234617109262,0.7254865034526051,7965.0,7965.0,1.0,525.0,526.0
0.967866947780405,0.6437873033098209,0.971877133105802,0.7745199368982212,0.7170648464163822,7325.0,7325.0,1.0,526.0,527.0
0.974834953509427,0.6424177587590265,0.9749695575700176,0.774505588993981,0.7161412528751184,7391.0,7391.0,1.0,527.0,528.0
0.9694122012141001,0.6453826774389714,0.9720005233547037,0.7757126448783543,0.7189585241397357,7643.0,7643.0,1.0,528.0,529.0
0.9665601350357662,0.6435215634689467,0.9688782005941434,0.7733739837398373,0.7160843117838449,7069.0,7069.0,1.0,529.0,530.0
0.973942223118522,0.6431802191174992,0.9785899984707142,0.7762008733624454,0.7178467655604832,6539.0,6539.0,1.0,530.0,531.0
0.9794690224289184,0.6397916867586074,0.9812157964798107,0.7745475773496789,0.714391362224523,6761.0,6761.0,1.0,531.0,532.0
0.9785736578853953,0.6457055214723927,0.9811995027967682,0.7788603848051308,0.7214108141702921,6436.0,6436.0,1.0,532.0,533.0
0.9796695280155304,0.6481412292172614,0.982721994051834,0.7811110485731975,0.7246140773261578,7061.0,7061.0,1.0,533.0,534.0
0.9749865299405124,0.6473607038123167,0.981383717699361,0.7801214798453893,0.7233953876076687,7198.0,7198.0,1.0,534.0,535.0
0.9700223156637395,0.6445551066428639,0.9744318181818182,0.7758864446078154,0.7185369318181818,7040.0,7040.0,1.0,535.0,536.0
0.9791087004531829,0.6406930505586064,0.9822906082159966,0.7755429488281473,0.7157061982871245,6889.0,6889.0,1.0,536.0,537.0
0.9657323098669072,0.6402500504133898,0.9668087697929354,0.7703506005095232,0.7117844092570037,6568.0,6568.0,1.0,537.0,538.0
0.9817569466443263,0.6453306239945813,0.9851363577614062,0.7798240229179456,0.7218560165438801,7737.0,7737.0,1.0,538.0,539.0
0.9798267672282336,0.6503300330033003,0.9826704899638449,0.7826820912566407,0.7271537214811121,8021.0,8021.0,1.0,539.0,540.0
0.9801425822554706,0.6441108728456835,0.9821969238222115,0.7780122793553338,0.7197529369020226,8257.0,8257.0,1.0,540.0,541.0
0.9594987570692972,0.6368849426563078,0.9629422458397426,0.7666870789957134,0.7069640609704937,7151.0,7151.0,1.0,541.0,542.0
0.9822859451208203,0.6478920179970005,0.9840546697038725,0.7813504823151125,0.7246266767906859,7902.0,7902.0,1.0,542.0,543.0
0.9697345448045017,0.6441574202496533,0.972516686297605,0.7749908744850602,0.7176416699384898,7641.0,7641.0,1.0,543.0,544.0
0.9711847701476704,0.6435837245696401,0.9778570367067915,0.7762637881200968,0.718160202110269,6729.0,6729.0,1.0,544.0,545.0
0.9720387234269273,0.6495295372975071,0.9775182481751825,0.780465062066554,0.7250364963503649,6850.0,6850.0,1.0,545.0,546.0
0.9781546025534608,0.64499238385377,0.9837374764048207,0.7791386349261112,0.7211412806737331,6887.0,6887.0,1.0,546.0,547.0
0.9794661492961186,0.6467279610600325,0.9812900049236829,0.7796322858260529,0.7226325291317905,6093.0,6093.0,1.0,547.0,548.0
0.9712331183868677,0.6454602249062891,0.9754523996852872,0.7768657184034088,0.7198269079464988,6355.0,6355.0,1.0,548.0,549.0
0.9587164674760155,0.6419242089771892,0.9603687904224577,0.7695021776283146,0.7123297096463465,7267.0,7267.0,1.0,549.0,550.0
0.9735667721543004,0.6445794053662074,0.9794765840220385,0.777498359938771,0.7196969696969697,7260.0,7260.0,1.0,550.0,551.0
0.9623877173546537,0.638942462230794,0.96329052580567,0.768286790994299,0.7094741943300218,8254.0,8254.0,1.0,551.0,552.0
0.9640034987708026,0.6426130653266332,0.9665910808767951,0.7719891337156656,0.7145124716553288,6615.0,6615.0,1.0,552.0,553.0
0.9611897053303303,0.6390312063344201,0.9656531531531531,0.769101407029542,0.7100929054054054,7104.0,7104.0,1.0,553.0,554.0
0.9690697597306847,0.6354401805869074,0.9716669063713504,0.7683821438726187,0.707104846828707,6953.0,6953.0,1.0,554.0,555.0
0.9771289949439879,0.6446355817111815,0.9801762114537445,0.777759571795292,0.719920154185022,7264.0,7264.0,1.0,555.0,556.0
0.9781502345910472,0.647399961337715,0.9812481687664811,0.7801071511763336,0.7234104893055963,6826.0,6826.0,1.0,556.0,557.0
0.9639403983598075,0.6425349087003223,0.9595765158806545,0.76968605249614,0.712864934231633,6234.0,6234.0,1.0,557.0,558.0
0.969254219504738,0.6434251895690771,0.9713807064079296,0.7741002391945263,0.7165293871282982,7163.0,7163.0,1.0,558.0,559.0
0.9821888560572821,0.6443870014771049,0.9851799576570219,0.7791482949154435,0.7207480592801694,7085.0,7085.0,1.0,559.0,560.0
0.9750731803269489,0.6409698169223157,0.9775128282523393,0.774251389636005,0.714986417144582,6626.0,6626.0,1.0,560.0,561.0
0.9847221466244805,0.6461004919751593,0.9877928483353884,0.7812180018528451,0.7233662145499383,8110.0,8110.0,1.0,561.0,562.0
0.9753363608150956,0.647635814889336,0.9774769075034797,0.7790832534920075,0.7228267746425409,7903.0,7903.0,1.0,562.0,563.0
0.9859270304133078,0.6456450861667443,0.9874626015101866,0.7807817956516842,0.7227525288502635,7019.0,7019.0,1.0,563.0,564.0
0.9725863094374244,0.6420489977728285,0.9740505473712664,0.7739475945017182,0.7155020948776861,7399.0,7399.0,1.0,564.0,565.0
0.9740711859279454,0.6463897131552918,0.9780493888750312,0.7783622828784119,0.7215016213519581,8018.0,8018.0,1.0,565.0,566.0
0.979861559778807,0.6490630323679727,0.9846457889936151,0.7823881137887299,0.7261325630890848,6578.0,6578.0,1.0,566.0,567.0
0.9805631720191118,0.6482347090999503,0.9847408974165281,0.7818160009595778,0.7251850732739085,6619.0,6619.0,1.0,567.0,568.0
0.9737248480912705,0.6470749043193001,0.9770225646670335,0.7785330555860103,0.7220693450742983,7268.0,7268.0,1.0,568.0,569.0
0.9585152665979634,0.6418116766953976,0.9644428152492669,0.7707255150864173,0.7130987292277615,8184.0,8184.0,1.0,569.0,570.0
0.9796394058532207,0.6450047573739296,0.9813259988419224,0.7783901710873808,0.7206137811233353,6908.0,6908.0,1.0,570.0,571.0
0.9843792265589539,0.6451645264847512,0.9866523473458116,0.7801771199805896,0.7220006136851795,6518.0,6518.0,1.0,571.0,572.0
0.9568842898426485,0.6354342524854624,0.9604479727814006,0.7648453375479792,0.704706549475475,7054.0,7054.0,1.0,572.0,573.0
0.958432551605109,0.634684260131951,0.9581673306772909,0.7635786370336772,0.7033295389869095,7028.0,7028.0,1.0,573.0,574.0
0.9777382971407522,0.6481644640234948,0.9812159608758475,0.7806517221559004,0.7242969878848505,8997.0,8997.0,1.0,574.0,575.0
0.9631889092583541,0.6414113277623027,0.9671006579868403,0.7712834254452073,0.7132157356852863,7143.0,7143.0,1.0,575.0,576.0
0.982971948254629,0.6490569864124924,0.9853756157635468,0.7826140114928475,0.7262931034482759,6496.0,6496.0,1.0,576.0,577.0
0.9783651519947155,0.6465909090909091,0.980904389338284,0.7794109899373057,0.722384299164567,7541.0,7541.0,1.0,577.0,578.0
0.970041679052715,0.6432447872036561,0.9706896551724138,0.7737502147397355,0.7161637931034482,6960.0,6960.0,1.0,578.0,579.0
0.9761532273977619,0.6438069312113914,0.9785168682367918,0.7766340385222608,0.7185709739019732,6284.0,6284.0,1.0,579.0,580.0
0.9583245168886604,0.6416506307462049,0.9597057882954909,0.7690927729369554,0.711864406779661,6254.0,6254.0,1.0,580.0,581.0
0.9820862635916742,0.6507483346310234,0.985587002096436,0.7839091240685738,0.7283149895178197,7632.0,7632.0,1.0,581.0,582.0
0.9708549792466007,0.642189091582554,0.9712885154061625,0.7731757623055912,0.7150560224089636,7140.0,7140.0,1.0,582.0,583.0
0.9745653921930367,0.6459276018099548,0.979287598944591,0.7784186241610739,0.7212401055408971,7580.0,7580.0,1.0,583.0,584.0
0.9775889513247432,0.6434887833938379,0.981820764096009,0.7774403958614485,0.7189319698906406,7041.0,7041.0,1.0,584.0,585.0
0.9572580540678806,0.6399155227032735,0.9602632862018528,0.7680233975140142,0.7099585568015602,8204.0,8204.0,1.0,585.0,586.0
0.9853358056983103,0.6517309687765305,0.988412017167382,0.7855153203342619,0.7301144492131617,6990.0,6990.0,1.0,586.0,587.0
0.9681890225950718,0.6440452428476381,0.972009539349818,0.774748636886599,0.7173967616417724,7967.0,7967.0,1.0,587.0,588.0
0.9724051124415038,0.6426446598215142,0.9760967788952047,0.7750260386529337,0.7166593790992567,6861.0,6861.0,1.0,588.0,589.0
0.9603208878873616,0.6420295271911792,0.9605759821054103,0.7696443573228787,0.7124982524814764,7153.0,7153.0,1.0,589.0,590.0
0.9539688012398644,0.6365363305366472,0.9528436018957346,0.76321533643352,0.7043838862559242,8440.0,8440.0,1.0,590.0,591.0
0.9724214396969371,0.6442987752285665,0.975705329153605,0.7761038961038961,0.718521421107628,7656.0,7656.0,1.0,591.0,592.0
0.9488744984399893,0.6345999822016553,0.9546184738955823,0.7623884107553323,0.7024765729585006,7470.0,7470.0,1.0,592.0,593.0
0.970759842503599,0.6386266811461031,0.9715338670733257,0.7706653225806451,0.7108908374634643,7869.0,7869.0,1.0,593.0,594.0
0.9716870762878134,0.6438311688311689,0.9744471744471744,0.775366568914956,0.7176904176904176,8140.0,8140.0,1.0,594.0,595.0
0.978255432125317,0.6477395312346769,0.9901064308199671,0.783139672753142,0.7258282116624194,6671.0,6671.0,1.0,595.0,596.0
0.9713057105268751,0.6431349340547853,0.9716438881083153,0.7739736480643028,0.7162472857325329,7829.0,7829.0,1.0,596.0,597.0
0.9714221316334611,0.6448307410795975,0.9740187949143173,0.7759550809204008,0.718767274737424,7236.0,7236.0,1.0,597.0,598.0
0.9622132820613634,0.6428636821386066,0.9637661268185561,0.7712669559009281,0.7141778753774362,7286.0,7286.0,1.0,598.0,599.0
0.9570622319141862,0.6356496669649071,0.9597718402882017,0.7647867950481431,0.7048183728610027,6662.0,6662.0,1.0,599.0,600.0
0.9663020204776672,0.6433542692242403,0.9706748623383276,0.7738247154305549,0.7162888974260468,7809.0,7809.0,1.0,600.0,601.0
0.9616094142477669,0.6426347079362084,0.9645892351274787,0.771365464121878,0.7140934844192635,7060.0,7060.0,1.0,601.0,602.0
0.9620449142769186,0.6410351201478743,0.9605317823016203,0.7689152486004102,0.7113280709043068,7221.0,7221.0,1.0,602.0,603.0
0.9655616641855265,0.6433264033264033,0.9694235588972431,0.7734066483379155,0.7159774436090226,7980.0,7980.0,1.0,603.0,604.0
0.9271283842627069,0.6369698092239303,0.9300878972278567,0.7561149892815918,0.7,7395.0,7395.0,1.0,604.0,605.0
0.962878813210887,0.6448218571164851,0.9626567452115199,0.7723177270465977,0.7162050434063663,7257.0,7257.0,1.0,605.0,606.0
0.9619833500219763,0.6407921492352577,0.9620387576320679,0.7692226054656408,0.7113750995487125,7534.0,7534.0,1.0,606.0,607.0
0.970940846421333,0.6452887811012306,0.9746303079636413,0.7764807609165586,0.7194410527743861,7371.0,7371.0,1.0,607.0,608.0
0.9756014626353539,0.6445689101092645,0.9771714922048997,0.7767634854771784,0.7191675946547884,7184.0,7184.0,1.0,608.0,609.0
0.9620747811143008,0.638281475773047,0.9650451500145645,0.7683655128428133,0.709073696475386,6866.0,6866.0,1.0,609.0,610.0
0.9789002145236474,0.6420485175202156,0.9779663336526618,0.7751803438737321,0.7163678664294512,7307.0,7307.0,1.0,610.0,611.0
0.9684149265870369,0.6429059245347447,0.9708650251385845,0.7735606799856196,0.715805079283228,7757.0,7757.0,1.0,611.0,612.0
0.9671181961162483,0.6415574251614166,0.9683992911990549,0.7718018124043781,0.7136739515652688,6772.0,6772.0,1.0,612.0,613.0
0.9732048165506183,0.6383973967866585,0.974088440651668,0.7713004484304933,0.7111714507370054,6445.0,6445.0,1.0,613.0,614.0
0.9734771447754484,0.6491357796469175,0.9782699540325951,0.7804200466718524,0.7247527510795375,7179.0,7179.0,1.0,614.0,615.0
0.9755704665384781,0.6411917098445595,0.9787072243346008,0.7747877912226837,0.7155133079847908,6575.0,6575.0,1.0,615.0,616.0
0.9755050494777963,0.6397440141233587,0.9779052116714454,0.7734791889007471,0.7136110642604149,5929.0,5929.0,1.0,616.0,617.0
0.9655583699664285,0.6424127203594884,0.9668357393679282,0.7719225377706246,0.7143321628300169,7689.0,7689.0,1.0,617.0,618.0
0.9804626455129616,0.6404532386267546,0.9826154644525169,0.7754684140473022,0.715490399584847,7708.0,7708.0,1.0,618.0,619.0
0.9655694830141786,0.6452328159645233,0.9691572545612511,0.7746976098153828,0.718143643208804,6906.0,6906.0,1.0,619.0,620.0
0.9707856522564302,0.6393272065198543,0.9742370194213238,0.7720253363346071,0.712313383538116,7569.0,7569.0,1.0,620.0,621.0
0.9828756450551084,0.6485625426685884,0.9850230414746544,0.782143347207611,0.7256336405529954,8680.0,8680.0,1.0,621.0,622.0
0.9738133581511544,0.6417135439203808,0.9751446607048921,0.7740487499347565,0.7153471856917412,7604.0,7604.0,1.0,622.0,623.0
0.9785429203799118,0.644009643916914,0.9830148619957537,0.7781948568547258,0.7198159943382874,7065.0,7065.0,1.0,623.0,624.0
0.9837838053349518,0.6436884512085944,0.9860120680197477,0.7788971942368107,0.7201042238069116,7292.0,7292.0,1.0,624.0,625.0
0.9820008628858993,0.6495471387402223,0.9854778263585259,0.7830024813895782,0.726889444097439,6404.0,6404.0,1.0,625.0,626.0
0.9643343292204485,0.6447444551591128,0.9663246133834369,0.7734397593845798,0.7169388639976876,6919.0,6919.0,1.0,626.0,627.0
0.9698065226862771,0.6399363164069046,0.9711342828077314,0.7714920699060511,0.7123601220752798,7864.0,7864.0,1.0,627.0,628.0
0.9688686374341356,0.6438885312241331,0.9718212104386452,0.7745754273386071,0.7171710161021655,7204.0,7204.0,1.0,628.0,629.0
0.9699686596918016,0.6456950860982781,0.9742712294043092,0.7766607729224552,0.7198352344740178,7890.0,7890.0,1.0,629.0,630.0
0.9830199769150351,0.6474250141482739,0.9848727093838396,0.7812682926829269,0.7242651580371418,8131.0,8131.0,1.0,630.0,631.0
0.974686695465553,0.6492890995260664,0.9747350079860607,0.7794032276790898,0.7241179032960651,6887.0,6887.0,1.0,631.0,632.0
0.9757683960182922,0.6448568229083347,0.9774490785645005,0.7770602409638554,0.7195683802133851,8248.0,8248.0,1.0,632.0,633.0
0.9819761443862649,0.6443804553225951,0.985413513141599,0.7792165397170838,0.7207926241915509,7267.0,7267.0,1.0,633.0,634.0
0.9833516532027694,0.6453876722753022,0.9859209506587445,0.7801114006847565,0.7221002324980625,7742.0,7742.0,1.0,634.0,635.0
0.9768969938078655,0.6448036560595802,0.979305912596401,0.7776076750357216,0.7199228791773779,7780.0,7780.0,1.0,635.0,636.0
0.9721739429154328,0.6492802709568163,0.9749523204068659,0.7794663278271918,0.7241576605212969,7865.0,7865.0,1.0,636.0,637.0
0.9672662089361667,0.6382492113564668,0.9699185043144775,0.7698820395738204,0.710091083413231,8344.0,8344.0,1.0,637.0,638.0
0.9727388571312799,0.6445170321978535,0.9766652524395418,0.7765658382997863,0.7189930702870881,7071.0,7071.0,1.0,638.0,639.0
0.9784920063301072,0.6415181885671863,0.9822392725206024,0.7761311328168856,0.7166808752486502,7038.0,7038.0,1.0,639.0,640.0
0.9774313304423673,0.6447512166054226,0.980072463768116,0.7778110585275265,0.7200332125603864,6624.0,6624.0,1.0,640.0,641.0
0.9800848655948865,0.6470699611852694,0.9831703107019563,0.7804738795318299,0.7234608745684695,6952.0,6952.0,1.0,641.0,642.0
0.9712118912981628,0.6444073455759599,0.9721633085896076,0.7750594451783356,0.7178552492046659,7544.0,7544.0,1.0,642.0,643.0
0.9661364040120003,0.6419289897510981,0.9682539682539683,0.772024431849447,0.7140786749482402,7245.0,7245.0,1.0,643.0,644.0
0.969583525455691,0.6432240921169177,0.9785743161299016,0.7762278873389985,0.7178951623770381,7421.0,7421.0,1.0,644.0,645.0
0.9698670252744058,0.6430208046925121,0.9685256764218664,0.7729000275406224,0.7154196576477084,7244.0,7244.0,1.0,645.0,646.0
0.9692015913810589,0.6459444400222877,0.9770045750060198,0.7777085629402463,0.7207440404526848,8306.0,8306.0,1.0,646.0,647.0
0.9728387990110551,0.6444803736638821,0.9775204359673024,0.7768093974990526,0.719141689373297,7340.0,7340.0,1.0,647.0,648.0
0.9767178015450627,0.6406570841889117,0.979032948224219,0.7744992947813822,0.7149479389530737,7011.0,7011.0,1.0,648.0,649.0
0.962267838480894,0.6377607025246982,0.964992973042034,0.7679715302491104,0.708445125846429,7827.0,7827.0,1.0,649.0,650.0
0.967500959849203,0.6437789543348775,0.9675494218575158,0.773135959465501,0.716088524182519,8043.0,8043.0,1.0,650.0,651.0
0.9664135336447418,0.6443664600910923,0.9696629213483146,0.774234064504553,0.7172471910112359,8900.0,8900.0,1.0,651.0,652.0
0.9739921388422607,0.6436037369346036,0.981520665820285,0.7774301675977654,0.7190012695725773,7089.0,7089.0,1.0,652.0,653.0
0.9751472737375267,0.6489950212059745,0.9824145150034892,0.7816334462273056,0.7255408234473133,7165.0,7165.0,1.0,653.0,654.0
0.9663119765671457,0.6385186510421326,0.9685210312075984,0.7696371772063184,0.7101085481682496,7370.0,7370.0,1.0,654.0,655.0
0.9736603540101263,0.64813704496788,0.9780276592994701,0.7796208530805687,0.7235362543621559,7737.0,7737.0,1.0,655.0,656.0
0.9827856328305706,0.6466367713004484,0.9870702768481898,0.7813835872117527,0.7238363249163371,6574.0,6574.0,1.0,656.0,657.0
0.9624773354739715,0.6395708014956918,0.9694430754066042,0.7706925262023705,0.7115574174470183,8116.0,8116.0,1.0,657.0,658.0
0.9706318812386415,0.6440567270013062,0.973487519390777,0.7752260093211297,0.7177407981948949,7091.0,7091.0,1.0,658.0,659.0
0.9557757639592847,0.6451487835611127,0.9678638941398866,0.7742235663603583,0.7177548349571033,6877.0,6877.0,1.0,659.0,660.0
0.963192679607482,0.640495867768595,0.969672242622059,0.7714362997024614,0.7127022983816129,7353.0,7353.0,1.0,660.0,661.0
0.9604194229494571,0.6400342824492905,0.9634461009174312,0.7691251358928878,0.7107941513761468,6976.0,6976.0,1.0,661.0,662.0
0.9712163738300474,0.6468699839486356,0.9800332778702163,0.7793384223918575,0.7225137591194164,7813.0,7813.0,1.0,662.0,663.0
0.9456590471665238,0.639572480689779,0.953024625267666,0.7654520047296571,0.7079764453961456,7472.0,7472.0,1.0,663.0,664.0
0.9668683694674496,0.642429634422517,0.97639827904118,0.7749646324210937,0.7164720344191764,8135.0,8135.0,1.0,664.0,665.0
0.9750917354976584,0.645706072583543,0.9770286801685469,0.7775434041862729,0.7204703003941824,7357.0,7357.0,1.0,665.0,666.0
0.9627332535147511,0.6445348622156464,0.964572377525602,0.7727272727272727,0.7163022419042347,7226.0,7226.0,1.0,666.0,667.0
0.9702904069611342,0.6414730381411662,0.9737787834420338,0.7734432815308172,0.7147610807932916,7513.0,7513.0,1.0,667.0,668.0
0.9551023089996346,0.6385688863913084,0.9578533295869627,0.7662826636695701,0.7078533295869627,7118.0,7118.0,1.0,668.0,669.0
0.9741373248862473,0.6404136064940085,0.9768573113207547,0.7736399719822554,0.7141804245283019,6784.0,6784.0,1.0,669.0,670.0
0.9632953643754777,0.6435192988370133,0.9643849456933569,0.7719369187221997,0.7150795655468553,7918.0,7918.0,1.0,670.0,671.0
0.9777804823375192,0.6464249308286005,0.9799116997792494,0.7789769237518646,0.7219646799116998,9060.0,9060.0,1.0,671.0,672.0
0.9684970718179002,0.6422800718132855,0.9629878869448183,0.7705977382875606,0.7133243606998654,7430.0,7430.0,1.0,672.0,673.0
0.9712569327846365,0.6423414634146342,0.9754074074074074,0.7745882352941177,0.7161481481481482,6750.0,6750.0,1.0,673.0,674.0
0.9719879421465819,0.6468926553672316,0.9753267733881628,0.7778623718887262,0.7214715817300632,6809.0,6809.0,1.0,674.0,675.0
0.9743027280944564,0.6427912979351033,0.9805934467726058,0.7765465783172782,0.7178315286176347,7111.0,7111.0,1.0,675.0,676.0
0.9744412619833596,0.6452952862560953,0.979575051405072,0.7780499755022048,0.7205620287868403,7295.0,7295.0,1.0,676.0,677.0
0.9818619245673866,0.6425550280535175,0.9840052875082618,0.7774412532637076,0.7183079973562458,7565.0,7565.0,1.0,677.0,678.0
0.969560038236797,0.6404017310361722,0.9730769230769231,0.7724429999507559,0.7133374689826303,8060.0,8060.0,1.0,678.0,679.0
0.9761612654240384,0.6448760029175784,0.9792330056763118,0.7776372931669507,0.7199916932022705,7223.0,7223.0,1.0,679.0,680.0
0.9654632592381018,0.6371271854645183,0.9736738703339882,0.7702429674143916,0.7095612311722331,7635.0,7635.0,1.0,680.0,681.0
0.9726561505045563,0.6403202790550182,0.9705599615477049,0.7715896064195644,0.7126892573900505,8322.0,8322.0,1.0,681.0,682.0
0.981034475327918,0.6446245365979826,0.9836863570582818,0.7788541666666666,0.7206946454413893,7601.0,7601.0,1.0,682.0,683.0
0.9846876132170901,0.6430015726802966,0.9865563598759048,0.778563656147987,0.7194071009996553,8703.0,8703.0,1.0,683.0,684.0
0.9808684629279564,0.6454013822434875,0.9852753623188406,0.7799192364170338,0.7219710144927536,8625.0,8625.0,1.0,684.0,685.0
0.9760337249571372,0.6449772513901928,0.9775612959719789,0.777183135360919,0.7197351138353766,9136.0,9136.0,1.0,685.0,686.0
0.9663111869825792,0.6413984368434322,0.9671777974908123,0.7712986356745831,0.7132175896591053,7891.0,7891.0,1.0,686.0,687.0
0.9647820185731231,0.6423656313929701,0.9688639551192146,0.7725341087005144,0.714726507713885,7130.0,7130.0,1.0,687.0,688.0
0.978694106181105,0.6479168565958611,0.9800055157198014,0.7800889084023929,0.7237313844456702,7252.0,7252.0,1.0,688.0,689.0
0.9797908289264219,0.644953003677973,0.9828123053929505,0.7788195815238848,0.7208867854029144,8029.0,8029.0,1.0,689.0,690.0
0.9804264793648914,0.6454422295335784,0.9830508474576272,0.7792511244815702,0.721518054532056,6785.0,6785.0,1.0,690.0,691.0
0.9789359736115723,0.6424765478424015,0.9833448196645991,0.7771776133629885,0.7180679990810935,8706.0,8706.0,1.0,691.0,692.0
0.9760321874432506,0.6484814398200225,0.9787775891341256,0.7801082543978349,0.7241086587436333,7068.0,7068.0,1.0,692.0,693.0
0.967776013407074,0.636849781234808,0.9697956766360675,0.7688244615294325,0.7083950251702694,6754.0,6754.0,1.0,693.0,694.0
0.9655557586707761,0.6404996353026987,0.9656357388316151,0.7701584169270405,0.7118213058419244,7275.0,7275.0,1.0,694.0,695.0
0.9610396103259005,0.642753019575177,0.9637782982045278,0.7711912049472172,0.7140515222482435,6405.0,6405.0,1.0,695.0,696.0
0.9830332477113682,0.6459749945163413,0.9862692565304756,0.780649436713055,0.7228734092431346,8958.0,8958.0,1.0,696.0,697.0
0.9781103713781808,0.6487419001935538,0.978920634920635,0.7803421398927017,0.7244444444444444,7875.0,7875.0,1.0,697.0,698.0
0.9758987764370576,0.6435308773803168,0.9790171923649654,0.7765906040268457,0.7183565723568431,7387.0,7387.0,1.0,698.0,699.0
0.9867630187857258,0.6513879369431117,0.9895874007549135,0.7856367863601137,0.7299882858258493,7683.0,7683.0,1.0,699.0,700.0
0.9750577397821696,0.6447948457104103,0.9778863461043971,0.777153366710943,0.7195937258935459,7778.0,7778.0,1.0,700.0,701.0
0.9797332027304361,0.648169736535323,0.985000590527932,0.781850567169776,0.7251683004606118,8467.0,8467.0,1.0,701.0,702.0
0.9697316386130795,0.6436345646437994,0.9711370987807912,0.7741743528711693,0.7167205772580244,8038.0,8038.0,1.0,702.0,703.0
0.9642496454763145,0.6365189170723375,0.9680477984153786,0.7680338004946414,0.7076243668008833,7699.0,7699.0,1.0,703.0,704.0
0.9712666901902095,0.6444465758680222,0.9744742567077592,0.7758212574331736,0.7184191443074692,6895.0,6895.0,1.0,704.0,705.0
0.9799061009035939,0.6454720616570327,0.9830313855575402,0.7792667509481669,0.7215488645062516,7838.0,7838.0,1.0,705.0,706.0
0.9760911982878239,0.6452871807923984,0.9768815823272541,0.7771930720891024,0.7199460570254302,7786.0,7786.0,1.0,706.0,707.0
0.9816350197867639,0.6503575076608784,0.9830168287787556,0.782811827626483,0.7272657094333796,6477.0,6477.0,1.0,707.0,708.0
0.9704641311406345,0.6372977922474311,0.9744866210329807,0.7706218859568186,0.7099408836341008,6428.0,6428.0,1.0,708.0,709.0
0.9601308488359108,0.6379203813222702,0.963985594237695,0.7677679804525656,0.7084167000133387,7497.0,7497.0,1.0,709.0,710.0
0.9812965429586215,0.6439119804400978,0.9848915482423336,0.7787108219988172,0.7201196709050112,6685.0,6685.0,1.0,710.0,711.0
0.9740111755870688,0.6468337129840547,0.977150722642808,0.7783991228070175,0.7218169304886441,7265.0,7265.0,1.0,711.0,712.0
0.9576332625155702,0.6413877551020408,0.9596921949432027,0.7688995449429955,0.7115549041162819,8187.0,8187.0,1.0,712.0,713.0
0.9711838749347065,0.6454520371562587,0.9748576191137658,0.7766710934041612,0.7196832893457424,7199.0,7199.0,1.0,713.0,714.0
0.9651470614317083,0.6414127550553573,0.9664966220874122,0.7710922890771092,0.7130842410037226,7253.0,7253.0,1.0,714.0,715.0
0.9612724278686289,0.6433397683397684,0.9676248548199767,0.7728432282003711,0.7155923344947736,6888.0,6888.0,1.0,715.0,716.0
0.9816437599386689,0.6477324366081978,0.9835771460115926,0.7810838950079456,0.7243306651945901,7246.0,7246.0,1.0,716.0,717.0
0.9793011081845965,0.6436668309512075,0.9835818647386655,0.7781220209723546,0.7195360747100467,6639.0,6639.0,1.0,717.0,718.0
0.9834865861201906,0.6416763905095294,0.9859554758703123,0.7774047240384049,0.7176901240101599,6693.0,6693.0,1.0,718.0,719.0
0.9741217621821343,0.6391831852358169,0.9770144965391145,0.7727906616393782,0.7127465064646729,7657.0,7657.0,1.0,719.0,720.0
0.97928617118267,0.648597324126025,0.9832504579952892,0.7816091954022989,0.7252682543836692,7642.0,7642.0,1.0,720.0,721.0
0.9762676671830526,0.6429433051869723,0.9807501769285208,0.7767066472368569,0.7180467091295116,7065.0,7065.0,1.0,721.0,722.0
0.9707931561277767,0.6438203292104528,0.9738359825573217,0.7751651550778188,0.71754114502743,7109.0,7109.0,1.0,722.0,723.0
0.9793774229271083,0.6424680494447936,0.9831676819493428,0.7771160669031931,0.7180185957037512,6238.0,6238.0,1.0,723.0,724.0
0.9679394251008455,0.6377426041077822,0.9733966062697728,0.7706056466302368,0.7102387115329307,6954.0,6954.0,1.0,724.0,725.0
0.9826623257356784,0.6424141442191984,0.9874786568013659,0.7784196063036285,0.7189100739897553,7028.0,7028.0,1.0,725.0,726.0
0.9771740936818955,0.6446632124352332,0.9812302839116719,0.7781113195747342,0.7201892744479496,6340.0,6340.0,1.0,726.0,727.0
0.9719989665513264,0.6398196536530382,0.9794509803921568,0.7740176025784059,0.7140392156862745,6375.0,6375.0,1.0,727.0,728.0
0.9647960217182828,0.6441483317839066,0.968623796210003,0.7737452695576649,0.7167598633115875,6438.0,6438.0,1.0,728.0,729.0
0.9802471707406816,0.6452266863251014,0.9848101265822785,0.7796459191626768,0.7216596343178622,7110.0,7110.0,1.0,729.0,730.0
0.9658581747539733,0.6438885312241331,0.9688624411846112,0.7736339024255484,0.7165098256296706,7226.0,7226.0,1.0,730.0,731.0
0.9727473528973042,0.6412833041393934,0.9757329218684248,0.7739207832665776,0.7149670360499368,7129.0,7129.0,1.0,731.0,732.0
0.9827261769558248,0.6458504519309778,0.9855112844803566,0.7803209971871381,0.7225550292560602,7178.0,7178.0,1.0,732.0,733.0
0.9768080102257801,0.6410684474123539,0.9791160757649344,0.7748258467451358,0.7154565322972317,8236.0,8236.0,1.0,733.0,734.0
0.9810208547874321,0.6448653198653199,0.9844512978668722,0.7792696572067949,0.7211513749678746,7782.0,7782.0,1.0,734.0,735.0
0.9706704179370717,0.640084835630965,0.9707301383081377,0.7714723926380368,0.7124477323898359,6218.0,6218.0,1.0,735.0,736.0
0.9784355061874186,0.6485739822865036,0.9820374015748031,0.7812087105456325,0.7249630905511811,8128.0,8128.0,1.0,736.0,737.0
0.9637825229973738,0.6436244745446054,0.9650986342943855,0.7722411619109887,0.7153612699894946,8567.0,8567.0,1.0,737.0,738.0
0.9839976478337601,0.6497520917260614,0.9865898129631808,0.7835022654024009,0.7273850135278203,8501.0,8501.0,1.0,738.0,739.0
0.9804688573859441,0.6476882536133515,0.9829132331555986,0.7808423586040915,0.7241274842462433,8252.0,8252.0,1.0,739.0,740.0
0.9844718474152787,0.6489025674252855,0.98767258382643,0.7832249865584828,0.7266395463510849,8112.0,8112.0,1.0,740.0,741.0
0.9801405874576147,0.6462348246880041,0.9827007487735605,0.7797183098591549,0.7223728375935967,7746.0,7746.0,1.0,741.0,742.0
0.9768138154633115,0.6472494823084541,0.9792943740634791,0.7793798785776236,0.7227898106524997,7341.0,7341.0,1.0,742.0,743.0
0.9625237424260865,0.6409897700445921,0.9654945344396154,0.770467682606411,0.7123666534966416,7593.0,7593.0,1.0,743.0,744.0
0.9837619082561733,0.6450499867291869,0.9888783398887834,0.7807881773399015,0.7223653872236538,7373.0,7373.0,1.0,744.0,745.0
0.9782469948864635,0.6427644667416313,0.9812491746995906,0.7767325180307306,0.7179453321008847,7573.0,7573.0,1.0,745.0,746.0
0.9711231503616177,0.6440221348478229,0.9746556473829201,0.7755710465167258,0.717961432506887,9075.0,9075.0,1.0,746.0,747.0
0.9703264384010072,0.6448311156601843,0.974477958236659,0.7761010163227595,0.7188708430007734,9051.0,9051.0,1.0,747.0,748.0
0.9839193731148016,0.6488892453284145,0.9881533952125061,0.7833664133223605,0.7267342452369321,8188.0,8188.0,1.0,748.0,749.0
0.9594048160757078,0.6434946790250601,0.9617752693689071,0.7710818593171535,0.7144689584402257,7796.0,7796.0,1.0,749.0,750.0
0.9558634368653462,0.6447600638709136,0.9629722605748714,0.7723749119097957,0.7162043429145224,7967.0,7967.0,1.0,750.0,751.0
0.9579033460356827,0.6391365210344065,0.9548706659328564,0.7657339571012446,0.7078701155751238,9085.0,9085.0,1.0,751.0,752.0
0.9700999635565755,0.6404206935758954,0.9707022834984921,0.7717074841582463,0.7128392934080138,6963.0,6963.0,1.0,752.0,753.0
0.9711630462969119,0.6393053710381477,0.9715892702624748,0.77117673992674,0.7117104124603404,6934.0,6934.0,1.0,753.0,754.0
0.9727137083480899,0.6410291879928067,0.9759898904802022,0.7738164815897136,0.7147219882055602,9496.0,9496.0,1.0,754.0,755.0
0.9775875019176601,0.6438321536905965,0.9788624135280554,0.7767612076852699,0.7186779400461184,7806.0,7806.0,1.0,755.0,756.0
0.9657569051771335,0.6406386320013959,0.9692449841605069,0.7714045593024478,0.7127771911298838,7576.0,7576.0,1.0,756.0,757.0
0.9726543581866062,0.6422653191295639,0.9752523157749206,0.774483970136144,0.7160237798976912,7233.0,7233.0,1.0,757.0,758.0
0.9631283321585496,0.6393799292901822,0.9637879201967751,0.7687612403945719,0.7100983875375786,7318.0,7318.0,1.0,758.0,759.0
0.9659712908386351,0.6432291666666666,0.9682346580156799,0.7729578072731197,0.7155988104893214,7398.0,7398.0,1.0,759.0,760.0
0.9462610695572663,0.6363228296974593,0.9478470179192298,0.7614545845195252,0.7030623161273067,7478.0,7478.0,1.0,760.0,761.0
0.9683627020977199,0.6409873594107693,0.9735449735449735,0.7730164446044893,0.7141345427059713,6615.0,6615.0,1.0,761.0,762.0
0.9718665394029681,0.6447157726180944,0.9741418418267049,0.7759108702198133,0.7186602147285649,6613.0,6613.0,1.0,762.0,763.0
0.9790151792207851,0.646585974313961,0.981349039405413,0.779547733095689,0.7224793156640023,7131.0,7131.0,1.0,763.0,764.0
0.9547774701095114,0.6403780348704579,0.9576023391812866,0.7675031735182111,0.7099171539961013,8208.0,8208.0,1.0,764.0,765.0
0.9796844238028067,0.6447469817621372,0.98444241077265,0.7791804635761589,0.7210092822591189,7649.0,7649.0,1.0,765.0,766.0
0.9700743101041551,0.644506584881833,0.9736985554647043,0.7756187581415545,0.7183156173344235,7338.0,7338.0,1.0,766.0,767.0
0.9761566444310589,0.6489126741420319,0.9850419084461638,0.7824038510779946,0.7260477111540942,7755.0,7755.0,1.0,767.0,768.0
0.959311634506853,0.6395287497802005,0.9539672131147541,0.7657245118164114,0.7081311475409836,7625.0,7625.0,1.0,768.0,769.0
0.9724666595267161,0.6472211998527788,0.9804850850292723,0.7797361711561911,0.7230275996654586,7174.0,7174.0,1.0,769.0,770.0
0.9743746174446831,0.6442824251726784,0.9764466414655423,0.7763264362501445,0.7186682175050887,6878.0,6878.0,1.0,770.0,771.0
0.9761055536473809,0.6455326308332595,0.9779983901261068,0.7777244359097456,0.7204856452911189,7454.0,7454.0,1.0,771.0,772.0
0.9672529677504127,0.6405534093971791,0.967304300637634,0.7707274889201168,0.7122507122507122,7371.0,7371.0,1.0,772.0,773.0
0.9737340185109111,0.6434247871333965,0.9787019715066916,0.7764141788914892,0.7181608864584832,6949.0,6949.0,1.0,773.0,774.0
0.9582421259647799,0.644756061933976,0.9636151942948624,0.7725787631271879,0.7163440547227478,6871.0,6871.0,1.0,774.0,775.0
0.9656896714687606,0.6448658056242558,0.9703652653342523,0.774818401937046,0.717987594762233,7255.0,7255.0,1.0,775.0,776.0
0.9694594407869929,0.6457689335394127,0.9709513435003632,0.775657016882288,0.7191721132897604,6885.0,6885.0,1.0,776.0,777.0
0.975589819767226,0.6430205949656751,0.9780364858377341,0.775910497500595,0.717534805568891,8332.0,8332.0,1.0,777.0,778.0
0.970631409911555,0.6431087109650152,0.9733475479744137,0.7744945567651633,0.7165955934612651,8442.0,8442.0,1.0,778.0,779.0
0.9680834668685998,0.6426507922612273,0.9738657468824622,0.7743262486155793,0.7161713982488723,7538.0,7538.0,1.0,779.0,780.0
0.9733456384403842,0.6436256307721603,0.9758914392955104,0.7756741250717154,0.7177710408546268,6927.0,6927.0,1.0,780.0,781.0
0.9815333161524805,0.6458872734515037,0.9849658314350798,0.780176820833584,0.7224753227031131,6585.0,6585.0,1.0,781.0,782.0
0.9793369746815929,0.6429982326645182,0.9833068362480127,0.7775473002702873,0.7186804451510334,6290.0,6290.0,1.0,782.0,783.0
0.9704176116969087,0.639276990718124,0.9729368029739777,0.7715801886792453,0.7119702602230483,6725.0,6725.0,1.0,783.0,784.0
0.9727239299659581,0.6433083300434268,0.9760407307577119,0.7754907792980369,0.7174303683737646,6678.0,6678.0,1.0,784.0,785.0
0.9679558008418757,0.6451501254650861,0.9723526343244653,0.7756566970091028,0.7187663015127804,7668.0,7668.0,1.0,785.0,786.0
0.9656132306394928,0.6432123321730482,0.9703675918979745,0.7736244019138756,0.7160540135033758,7998.0,7998.0,1.0,786.0,787.0
0.9813140277952169,0.6448818235343595,0.9854755784061696,0.7796024200518582,0.721401028277635,7780.0,7780.0,1.0,787.0,788.0
0.9841760216262868,0.6491337738881943,0.988845055094545,0.7837619278667314,0.7271799755135355,7351.0,7351.0,1.0,788.0,789.0
0.9717683134142998,0.6424037240795599,0.9754216867469879,0.7746380047202909,0.7162248995983935,6225.0,6225.0,1.0,789.0,790.0
0.977836992556452,0.6440897755610973,0.9828006088280061,0.7781862006628503,0.7198630136986301,6570.0,6570.0,1.0,790.0,791.0
0.9729153354147739,0.6403623459096003,0.9753911806543385,0.7731424061337242,0.7137980085348506,7030.0,7030.0,1.0,791.0,792.0
0.9592667165987764,0.6424902046147148,0.9652060170045782,0.7714584422373236,0.7140614780902551,7645.0,7645.0,1.0,792.0,793.0
0.9747290892250169,0.6450620251947302,0.9785557986870898,0.7775588269386808,0.7200583515681984,6855.0,6855.0,1.0,793.0,794.0
0.96559364815865,0.6425992779783394,0.9665618748213776,0.7719698698927185,0.7144898542440697,6998.0,6998.0,1.0,794.0,795.0
0.9807670463212763,0.647119341563786,0.9848643006263048,0.7810430463576159,0.7239039665970772,7664.0,7664.0,1.0,795.0,796.0
0.9468546451176291,0.6306484994825802,0.9487545407368967,0.7576668048072939,0.6965490399584847,7708.0,7708.0,1.0,796.0,797.0
0.970014894740609,0.6413271351745511,0.9785813630041724,0.7748472000440504,0.7156467315716273,7190.0,7190.0,1.0,797.0,798.0
0.9597484522301781,0.6447056593041994,0.9599153140437544,0.7713507995916978,0.71545518701482,7085.0,7085.0,1.0,798.0,799.0
0.9695041833277535,0.6410495844616677,0.9786172487526729,0.7746558338975401,0.7153243050605844,7015.0,7015.0,1.0,799.0,800.0
0.9683586112847112,0.6445612278945613,0.9718274430889197,0.7750639450323487,0.7179600050308137,7951.0,7951.0,1.0,800.0,801.0
0.9747136878989273,0.6436523762047192,0.979517005942597,0.7768362998245174,0.7186117081805538,7909.0,7909.0,1.0,801.0,802.0
0.983592054594692,0.6431674565560821,0.9859240199788104,0.7784881983866149,0.7194642046314514,6607.0,6607.0,1.0,802.0,803.0
0.9773318134198538,0.6401690480982088,0.979371921182266,0.7742485091882683,0.7144396551724138,6496.0,6496.0,1.0,803.0,804.0
0.974108313004316,0.6393618928123319,0.9772602739726027,0.7729981579802796,0.713013698630137,7300.0,7300.0,1.0,804.0,805.0
0.9691856735289663,0.6400875273522976,0.9702799522356376,0.7713321379601308,0.7123523948520631,7537.0,7537.0,1.0,805.0,806.0
0.978208119084515,0.642393594605984,0.9820899368638062,0.7767247528788342,0.7176910191985569,7761.0,7761.0,1.0,806.0,807.0
0.967596225621557,0.6420551207893841,0.9694323144104804,0.7724900214921707,0.7144875417415875,7786.0,7786.0,1.0,807.0,808.0
0.9603827343710595,0.6401387159879068,0.9634635974304069,0.7692061117640774,0.7109207708779444,7472.0,7472.0,1.0,808.0,809.0
0.9783313851213439,0.6436290525257602,0.9837387964148527,0.7781435154707044,0.7195262483994879,7810.0,7810.0,1.0,809.0,810.0
0.9831206181098268,0.6493567989898192,0.9856252994729277,0.7829106998429992,0.7267010062290369,8348.0,8348.0,1.0,810.0,811.0
0.9837746626796606,0.6470639712960532,0.9874465811965812,0.7818133756278086,0.7244257478632479,7488.0,7488.0,1.0,811.0,812.0
0.9832592377937468,0.6454816285998014,0.9874326750448833,0.7806529097062999,0.7225521336831929,7241.0,7241.0,1.0,812.0,813.0
0.9520817514519964,0.6375574523965857,0.9491691104594331,0.762765121759623,0.7047898338220919,7161.0,7161.0,1.0,813.0,814.0
0.9396504322089291,0.6352258298567024,0.9490514905149051,0.7610561773334782,0.7020325203252032,7380.0,7380.0,1.0,814.0,815.0
0.958083917356557,0.6409438775510204,0.9609342985930883,0.7689785210690278,0.7113099303373857,7321.0,7321.0,1.0,815.0,816.0
0.9838952419045769,0.6440492245448416,0.9884864165588616,0.7799326324385015,0.7210866752910737,7730.0,7730.0,1.0,816.0,817.0
0.9619794843383371,0.6394545617654974,0.9622030237580994,0.7683104284559418,0.7098407127429806,7408.0,7408.0,1.0,817.0,818.0
0.9576850805983763,0.6385488735142807,0.9644962486602358,0.7683850997972036,0.7092711682743837,7464.0,7464.0,1.0,818.0,819.0
0.9482948708275466,0.6372268004299534,0.952597750401714,0.7636324602833834,0.7051419389394751,7468.0,7468.0,1.0,819.0,820.0
0.9698888730912283,0.6409461663947797,0.9755431409062694,0.7736155550086143,0.7145251396648045,8055.0,8055.0,1.0,820.0,821.0
0.9670458350901614,0.6409209060527293,0.973903230356891,0.7730810145008679,0.7141345746931866,7089.0,7089.0,1.0,821.0,822.0
0.9610639576955476,0.6440788250604201,0.9719455744143639,0.7747526136300106,0.71742179828868,7129.0,7129.0,1.0,822.0,823.0
0.969072835454756,0.6439262383196891,0.9719171243135297,0.7746331758269087,0.7172366450324513,8012.0,8012.0,1.0,823.0,824.0
0.9707933135723797,0.6409814894532931,0.9712981082844097,0.7723029045643154,0.7136333985649054,6132.0,6132.0,1.0,824.0,825.0
0.970523662585017,0.6407254582093849,0.9723314402213484,0.7724433132808884,0.7135575942915392,6867.0,6867.0,1.0,825.0,826.0
0.9846018514410392,0.6422124265323258,0.988529886914378,0.7785977859778598,0.7189014539579968,6190.0,6190.0,1.0,826.0,827.0
0.9809233270431121,0.6407166806370495,0.9823293172690764,0.7755723254486651,0.7157429718875502,6225.0,6225.0,1.0,827.0,828.0
0.9571286500933338,0.6354553240079931,0.9604487271681289,0.7648608406826252,0.7047317704587948,6953.0,6953.0,1.0,828.0,829.0
0.9682241977370132,0.6440427106459456,0.9717658318711119,0.7746693794506613,0.7173392885627692,6269.0,6269.0,1.0,829.0,830.0
0.9658055972345931,0.6441583214115403,0.9636182051647881,0.7721504515834,0.7156513054644029,7009.0,7009.0,1.0,830.0,831.0
0.9789592106936206,0.6414383212794132,0.9805356586733105,0.7755403657860706,0.716209903456867,6422.0,6422.0,1.0,831.0,832.0
0.9668128994265536,0.6422818791946309,0.967644084934277,0.772085518354175,0.7143579373104145,6923.0,6923.0,1.0,832.0,833.0
0.973717639058713,0.6424658898516084,0.9749131026144778,0.7745227518309521,0.7161855825902977,6617.0,6617.0,1.0,833.0,834.0
0.9774697502936895,0.6399422174070062,0.979817528338402,0.7742217367558711,0.7142659662703899,7234.0,7234.0,1.0,834.0,835.0
0.9713278340968383,0.6440858136838037,0.9758418740849195,0.7759925486086855,0.7183016105417277,6830.0,6830.0,1.0,835.0,836.0
0.9468817117819205,0.6368009621166566,0.9462598927750829,0.7612836970474968,0.7032805718662242,7834.0,7834.0,1.0,836.0,837.0
0.9776966425837301,0.644817212143313,0.9867466517857143,0.7799525831173844,0.7216099330357143,7168.0,7168.0,1.0,837.0,838.0
0.9624007925147466,0.6379156327543424,0.9640017999100045,0.7677696810416915,0.7084145792710365,6667.0,6667.0,1.0,838.0,839.0
0.9701406266271788,0.6429400386847195,0.9760681250917633,0.775231764911667,0.7170019086771399,6811.0,6811.0,1.0,839.0,840.0
0.9617740955624378,0.6376580879101441,0.9648066372273518,0.7678381256656017,0.7082831526829921,7473.0,7473.0,1.0,840.0,841.0
0.9658461633686923,0.6429671665991082,0.9814379408489048,0.7769396551724138,0.7182279420863754,8081.0,8081.0,1.0,841.0,842.0
0.971583681092489,0.6413174132542672,0.9740749756572541,0.7734235322541677,0.7146421616358325,8216.0,8216.0,1.0,842.0,843.0
0.9628747987644412,0.6353987825815515,0.9660654959658282,0.7665944826287544,0.7058614143331752,8428.0,8428.0,1.0,843.0,844.0
0.9664842182154029,0.6385188709165873,0.9631623011601483,0.7679397320364277,0.7089462982896783,8361.0,8361.0,1.0,844.0,845.0
0.9686621961344185,0.6435325438354906,0.9763231197771588,0.7757428207823825,0.7177576601671309,7180.0,7180.0,1.0,845.0,846.0
0.9568929389830435,0.636075421324879,0.967389925136404,0.7675039009412594,0.706953432305545,7881.0,7881.0,1.0,846.0,847.0
0.9525072303771777,0.6365156017830609,0.9565945568736915,0.7644008252941504,0.7051639916259596,7165.0,7165.0,1.0,847.0,848.0
0.9409382307474814,0.6374855379868878,0.9489092996555684,0.7626297577854672,0.7046498277841562,6968.0,6968.0,1.0,848.0,849.0
0.9660284758798589,0.6395392395579697,0.9733466362599772,0.7719000791228665,0.7123717217787914,7016.0,7016.0,1.0,849.0,850.0
0.9803732924245745,0.6495590167010696,0.9861823361823362,0.7832333974431497,0.7270655270655271,7020.0,7020.0,1.0,850.0,851.0
0.9691882076856179,0.6410233632406502,0.9705447209145931,0.772095013909694,0.7135171486213854,7435.0,7435.0,1.0,851.0,852.0
0.9755613356600394,0.6438802726464486,0.9798556825015033,0.7771087928464978,0.718956704750451,6652.0,6652.0,1.0,852.0,853.0
0.9689722831235956,0.6397657608198372,0.9732739420935412,0.7720421796499751,0.7126252783964365,7184.0,7184.0,1.0,853.0,854.0
0.9724525486989346,0.6406263668970343,0.9799277398635087,0.7747566652560305,0.7151077211293991,7473.0,7473.0,1.0,854.0,855.0
0.9702773606388894,0.6412586729209421,0.974602703104114,0.7735470941883767,0.7146888459824744,6733.0,6733.0,1.0,855.0,856.0
0.9749275767249692,0.6499363520640117,0.9781061850027367,0.7809461378782913,0.7256431308155447,7308.0,7308.0,1.0,856.0,857.0
0.9750348338646876,0.6442426743706149,0.9788061198896413,0.7770421623774205,0.7191497366440933,7974.0,7974.0,1.0,857.0,858.0
0.9623777866121717,0.6409924272618573,0.96867941575064,0.7714816813575583,0.7130703207348291,6641.0,6641.0,1.0,858.0,859.0
0.9675367246455147,0.642426041357475,0.9718604999251609,0.7735287109840362,0.7154617572219728,6681.0,6681.0,1.0,859.0,860.0
0.9707818941572751,0.6503167790721439,0.9891202984146721,0.7847102342786683,0.7286291576002487,9651.0,9651.0,1.0,860.0,861.0
0.9608612043255171,0.6463501695520257,0.9834351663272234,0.7800333853858166,0.7226748133061779,7365.0,7365.0,1.0,861.0,862.0
0.9777132245499169,0.6502542372881356,0.9885338830198402,0.784480114507719,0.7284205101777892,7762.0,7762.0,1.0,862.0,863.0
0.9642455933745705,0.6435583878746125,0.9695121951219512,0.7736024844720497,0.7162688116242865,7708.0,7708.0,1.0,863.0,864.0
0.9705301936520124,0.6456906030618287,0.9769644228308165,0.7775118398940775,0.7204376759662144,7814.0,7814.0,1.0,864.0,865.0
0.9802296019891826,0.6465308940283051,0.9817848250556939,0.7796451428274104,0.7225134320534661,7631.0,7631.0,1.0,865.0,866.0
0.9829851998694584,0.6460102659822679,0.9857590430076901,0.7805153069853977,0.7227997721446882,7022.0,7022.0,1.0,866.0,867.0
0.9798845118025642,0.6475467702082598,0.9837779863252447,0.7810121866851152,0.7241587344148009,7459.0,7459.0,1.0,867.0,868.0
0.9110329407244991,0.6213109891739582,0.9068181818181819,0.7373932940244654,0.677056277056277,9240.0,9240.0,1.0,868.0,869.0
0.9626743213235754,0.6388174807197944,0.9644977168949772,0.7685800054580187,0.7095890410958904,8760.0,8760.0,1.0,869.0,870.0
0.9783726011144294,0.6469968387776607,0.9831865492393915,0.7804258023514459,0.72337870296237,7494.0,7494.0,1.0,870.0,871.0
0.968896641059473,0.6432625971530871,0.9731800766283525,0.774553101997897,0.7167393314836834,7569.0,7569.0,1.0,871.0,872.0
0.9759836341417922,0.6387928618144445,0.9776919776919777,0.7727169981916817,0.7124267124267124,6993.0,6993.0,1.0,872.0,873.0
0.9843645802906633,0.6460184339450303,0.9861832931930536,0.7806542243628336,0.7229053111928001,7889.0,7889.0,1.0,873.0,874.0
0.9654066579802967,0.640382741206698,0.9687709422329447,0.7710689140174952,0.712370995845061,7461.0,7461.0,1.0,874.0,875.0
0.9725076977850898,0.6425362692392665,0.975732498322523,0.7748323786687981,0.7164504585104003,8942.0,8942.0,1.0,875.0,876.0
0.9697931922789629,0.646505376344086,0.9768247521204158,0.778057947571245,0.7213594552622148,8371.0,8371.0,1.0,876.0,877.0
0.9745712732743241,0.6428104575163399,0.9770271948342233,0.7754398068299414,0.717061964485285,8053.0,8053.0,1.0,877.0,878.0
0.9818626527670925,0.6453931796265451,0.9838300146999867,0.7794600317628375,0.7216357076039022,7483.0,7483.0,1.0,878.0,879.0
0.9813856482290352,0.6450574712643679,0.9833193159517802,0.7790549169859514,0.7211241940005607,7134.0,7134.0,1.0,879.0,880.0
0.9650511971570571,0.6411808530452598,0.9660446190543005,0.7707808564231738,0.7127122211309106,7127.0,7127.0,1.0,880.0,881.0
0.9817896980505271,0.6502802084357487,0.9864280387770321,0.7838350319981038,0.7279642058165549,6705.0,6705.0,1.0,881.0,882.0
0.9816259177362066,0.6469544171036709,0.9840471223463002,0.7806658878504673,0.7235243588170328,8149.0,8149.0,1.0,882.0,883.0
0.9815668699237164,0.6464394569132724,0.9831436999578592,0.7800066867268473,0.7227138643067846,7119.0,7119.0,1.0,883.0,884.0
0.9721893072776701,0.6441626258858635,0.9739179472719582,0.7754391872930347,0.7179613703651487,7093.0,7093.0,1.0,884.0,885.0
0.9586525808925525,0.6394853674005617,0.9605334784975503,0.7677998368234974,0.7095127925966249,7348.0,7348.0,1.0,885.0,886.0
0.9579952918483882,0.6416680679334118,0.9556724267468069,0.7678068410462776,0.7109942399198598,7986.0,7986.0,1.0,886.0,887.0
0.9709251478414754,0.6463541175360815,0.9777397260273972,0.7782384008177636,0.7213898401826484,7008.0,7008.0,1.0,887.0,888.0
0.9484810303793924,0.6402370203160271,0.9529609407811844,0.7659071729957806,0.7087358252834943,7143.0,7143.0,1.0,888.0,889.0
0.9748136306079623,0.6413226228283205,0.977923372738926,0.7746375585265415,0.715496368038741,7021.0,7021.0,1.0,889.0,890.0
0.9596821503335429,0.6402824228911186,0.9610932924278344,0.7685531084471703,0.7105703528099289,7171.0,7171.0,1.0,890.0,891.0
0.9684857417353864,0.6389684813753582,0.9700764566306354,0.7704549023713553,0.7109807540205642,7586.0,7586.0,1.0,891.0,892.0
0.9662124805846438,0.6424421285622061,0.967634393665787,0.7721982041902228,0.714543686623142,7199.0,7199.0,1.0,892.0,893.0
0.9721318247857973,0.6447947214076246,0.9734366353071389,0.7757442116868798,0.7185943552850028,7228.0,7228.0,1.0,893.0,894.0
0.9539077816110918,0.6372255084677093,0.9558769903974718,0.764683002722676,0.7058466026498116,8227.0,8227.0,1.0,894.0,895.0
0.9674528939495634,0.6400514097517873,0.9706419783164819,0.7714202730177171,0.7123888415154099,8209.0,8209.0,1.0,895.0,896.0
0.9679550559312357,0.6401924375422012,0.9701969813251471,0.7713820807484999,0.7124584292657968,7818.0,7818.0,1.0,896.0,897.0
0.9694556304157244,0.6420424635901035,0.9712010617120106,0.7730417789045582,0.7148639681486397,7535.0,7535.0,1.0,897.0,898.0
0.9627731950133173,0.6447869101978692,0.9633314383172257,0.7725096877136995,0.7163160886867538,7036.0,7036.0,1.0,898.0,899.0
0.9694352556092665,0.6412715325874623,0.9710904934785531,0.7724477244772447,0.7139303482587065,7437.0,7437.0,1.0,899.0,900.0
0.9629183861892555,0.6460339695324812,0.9739968321013728,0.7768186124855248,0.720168954593453,7576.0,7576.0,1.0,900.0,901.0
0.9664101497177277,0.6441483317839066,0.9696781215985072,0.7740814299900695,0.7169958015860675,6431.0,6431.0,1.0,901.0,902.0
0.9619589481806952,0.6409345296260105,0.9637990916377237,0.7698874246385318,0.7119289340101523,7486.0,7486.0,1.0,902.0,903.0
0.9702522325900769,0.6383737517831669,0.970866263753293,0.7702711010020287,0.7104447543778087,6453.0,6453.0,1.0,903.0,904.0
0.9573273002684707,0.6346172045045898,0.9607449856733524,0.764347181854448,0.7037965616045845,6980.0,6980.0,1.0,904.0,905.0
0.9832175674029529,0.6510791366906474,0.9875489647453833,0.784769316286826,0.7291550083939563,7148.0,7148.0,1.0,905.0,906.0
0.9648303170692719,0.6425154474785728,0.9706413730803974,0.7732070040777165,0.7152965974104185,6642.0,6642.0,1.0,906.0,907.0
0.9787142013726581,0.6425793614904586,0.9810825738746203,0.7765451664025357,0.7176884838442419,7242.0,7242.0,1.0,907.0,908.0
0.9801888090605292,0.6386138613861386,0.9828953506453117,0.7742054014330333,0.7133416264966568,6431.0,6431.0,1.0,908.0,909.0
0.9758371110452232,0.6444996320824136,0.9786312849162011,0.7771739130434783,0.7194134078212291,7160.0,7160.0,1.0,909.0,910.0
0.9672829882503754,0.6371299932943768,0.9700991831971996,0.7691240242844752,0.7087952158693116,6856.0,6856.0,1.0,910.0,911.0
0.9763729903544145,0.6477896821824075,0.9806460406160556,0.7801995228800694,0.7237290445686247,7337.0,7337.0,1.0,911.0,912.0
0.9657350269026713,0.6376726417866588,0.9673105497771174,0.7686404156089498,0.7088410104011887,6730.0,6730.0,1.0,912.0,913.0
0.9745178437178551,0.6476354724516656,0.9795442064799561,0.7797388120867712,0.7232976386600769,7284.0,7284.0,1.0,913.0,914.0
0.9718859418988718,0.6394016851273312,0.9730586370839936,0.771709323583181,0.7121452240311195,6941.0,6941.0,1.0,914.0,915.0
0.9786405357880278,0.643308791684712,0.983448093220339,0.7778185055244279,0.7190810381355932,7552.0,7552.0,1.0,915.0,916.0
0.9687601952833705,0.6480067064083458,0.972734899328859,0.777839892665474,0.7221756152125279,7152.0,7152.0,1.0,916.0,917.0
0.956373356747094,0.6416751409817879,0.9543517118108071,0.7673852957435047,0.7107108483431871,7273.0,7273.0,1.0,917.0,918.0
0.9736996144705183,0.6453598484848485,0.9759415723900903,0.7769480704554523,0.7198195617929257,6983.0,6983.0,1.0,918.0,919.0
0.9847634537246247,0.6463650603519764,0.9871939206304532,0.781223898880784,0.7235434843793976,7106.0,7106.0,1.0,919.0,920.0
0.9734251216440903,0.647184052641765,0.9743589743589743,0.7777648563786487,0.7215909090909091,6864.0,6864.0,1.0,920.0,921.0
0.9639709531242815,0.6398027875225183,0.963449457452884,0.768959033673295,0.7105225585379783,7004.0,7004.0,1.0,921.0,922.0
0.967706147865158,0.6438904558274953,0.9674641148325359,0.7731891183218617,0.7161995898838004,7315.0,7315.0,1.0,922.0,923.0
0.9745559418024025,0.6467751657625075,0.975159042714329,0.7777240879439478,0.7212965767949107,6602.0,6602.0,1.0,923.0,924.0
0.9786563537226912,0.646255254107757,0.9807190489997101,0.7791086030173903,0.7219483908379241,6898.0,6898.0,1.0,924.0,925.0
0.9743955969120006,0.644697481424298,0.9764688687518269,0.7766346992153443,0.7191610640163695,6842.0,6842.0,1.0,925.0,926.0
0.9604431930620445,0.6382220555138785,0.9681365576102419,0.7693003277947327,0.7096728307254623,7030.0,7030.0,1.0,926.0,927.0
0.9597898866930361,0.6422451140849138,0.9595799769850403,0.7694792087202261,0.7125287686996548,6952.0,6952.0,1.0,927.0,928.0
0.9884135036566131,0.6491137497848907,0.9914574845577605,0.7845665852009776,0.7277566040215534,7609.0,7609.0,1.0,928.0,929.0
0.9777170680626387,0.6405846092662557,0.9790305424707492,0.7744455796622394,0.7148609633794256,6581.0,6581.0,1.0,929.0,930.0
0.9819728999386526,0.6397023752742536,0.9841502788376871,0.7753945770942938,0.7149251540945113,6814.0,6814.0,1.0,930.0,931.0
0.9722809648448467,0.6475642080248606,0.9721459934138309,0.7773328213286521,0.7215285400658616,7288.0,7288.0,1.0,931.0,932.0
0.9824411013284311,0.6406735491630751,0.9847481127715298,0.7762934175370415,0.7162224618702819,6491.0,6491.0,1.0,932.0,933.0
0.9739539531069537,0.6446037513502897,0.9779499404052443,0.7770346256288843,0.7193831942789034,6712.0,6712.0,1.0,933.0,934.0
0.9798312964974711,0.6488163844312439,0.9821500469735606,0.7814201815269621,0.7252717756005905,7451.0,7451.0,1.0,934.0,935.0
0.9766061735916902,0.645540340488527,0.9770340288475003,0.7774249261797315,0.7202772720907435,7141.0,7141.0,1.0,935.0,936.0
0.9847465520695535,0.6459325585825871,0.9861838278068644,0.7805916887302866,0.722803955788249,6876.0,6876.0,1.0,936.0,937.0
0.9773330616618153,0.6435177673211099,0.9781724010358861,0.7763151455835576,0.7181526698729807,8109.0,8109.0,1.0,937.0,938.0
0.9748641778644632,0.6420840674553234,0.9778941988244314,0.7751835907824766,0.7163940710452338,7826.0,7826.0,1.0,938.0,939.0
0.9610719398875462,0.64274246859949,0.9636131955259805,0.7711307500566508,0.7140025484921422,7063.0,7063.0,1.0,939.0,940.0
0.9810337151377098,0.6389682174113311,0.9841089670828603,0.7748422052170028,0.7140323496027242,7048.0,7048.0,1.0,940.0,941.0
0.971845456173619,0.6424062383958411,0.975747320924986,0.7747424988804299,0.7163000564015792,7092.0,7092.0,1.0,941.0,942.0
0.9335756017581486,0.63399873543492,0.9363660618996799,0.7560726019281521,0.6979055496264674,7496.0,7496.0,1.0,942.0,943.0
0.9827091220698165,0.6505068312031732,0.9846564376250834,0.7834394904458599,0.7278185456971314,7495.0,7495.0,1.0,943.0,944.0
0.9762325891480192,0.6421952224052718,0.9803520905375668,0.7760358342665173,0.7170701037409619,6362.0,6362.0,1.0,944.0,945.0
0.9707451420541717,0.6408945686900959,0.9735501091967969,0.7729505827954918,0.7140257219121573,8242.0,8242.0,1.0,945.0,946.0
0.9785696001666567,0.6454577904693914,0.9820773930753565,0.778956437456249,0.721317040054311,7365.0,7365.0,1.0,946.0,947.0
0.980268757603807,0.6449927182386704,0.9831548707234264,0.7789560809063163,0.7210107077565944,7658.0,7658.0,1.0,947.0,948.0
0.9810087690469799,0.6435337521188553,0.9832419256550884,0.7779183993250166,0.71930225472273,6564.0,6564.0,1.0,948.0,949.0
0.9770454992704027,0.6487776771750762,0.9780369772924681,0.7800870942201108,0.724283409852339,8059.0,8059.0,1.0,949.0,950.0
0.9818166311946727,0.6506439176441637,0.9842412209951606,0.7834074074074074,0.7278818711999008,8059.0,8059.0,1.0,950.0,951.0
0.9806336674379844,0.6467569613863885,0.980862464914519,0.7795183776932826,0.722569533044144,7838.0,7838.0,1.0,951.0,952.0
0.972672668188592,0.6444310031970967,0.9742651861528413,0.7757437070938215,0.7183540169823645,7655.0,7655.0,1.0,952.0,953.0
0.9809272064672402,0.6422235883024502,0.9830622395483264,0.7769042813130776,0.7177039924721065,7439.0,7439.0,1.0,953.0,954.0
0.9825044267832265,0.6473453093812376,0.9848171990768857,0.7811927931399942,0.7241588728288595,8233.0,8233.0,1.0,954.0,955.0
0.9735953408110855,0.6440578740486744,0.9746867485128464,0.7756068083392084,0.7180103784331098,7901.0,7901.0,1.0,955.0,956.0
0.9668460896020022,0.6425489843609563,0.9696188796961888,0.7729066436023568,0.7151091821510919,7373.0,7373.0,1.0,956.0,957.0
0.9761068613205954,0.6486892793385324,0.9772116065109696,0.7797605601987803,0.7239915074309978,7065.0,7065.0,1.0,957.0,958.0
0.9711807664446286,0.6457014498672656,0.9714285714285714,0.7757605495583906,0.7192012288786482,6510.0,6510.0,1.0,958.0,959.0
0.9651200145935569,0.6411034221253199,0.9662808972710387,0.7708000911784819,0.7126732390341477,6999.0,6999.0,1.0,959.0,960.0
0.9746022457517887,0.6447817495958326,0.9751426242868786,0.7762759515570934,0.7189622385221407,7362.0,7362.0,1.0,960.0,961.0
0.9768918855012171,0.6452666902154716,0.9777866987822829,0.7774644890142044,0.720125786163522,7473.0,7473.0,1.0,961.0,962.0
0.9838336525857494,0.6462298682284041,0.9863128491620111,0.7808491817779744,0.7231843575418995,7160.0,7160.0,1.0,962.0,963.0
0.9773243995279506,0.6462490197786878,0.9808251785241999,0.7791375597457849,0.7219650886008993,7562.0,7562.0,1.0,963.0,964.0
0.9826166677667407,0.6463995239039872,0.9860795884400061,0.7808998861661973,0.7233318202451203,6609.0,6609.0,1.0,964.0,965.0
0.9678167326214795,0.6453035274815423,0.9702436016034536,0.7750954551053085,0.7184705519580635,6486.0,6486.0,1.0,965.0,966.0
0.9483833708285117,0.6372127094588408,0.9328418230563003,0.7571949295468147,0.7008713136729222,7460.0,7460.0,1.0,966.0,967.0
0.9569229153906862,0.6470935379167896,0.98583951449764,0.7813307205843056,0.724095302315127,8898.0,8898.0,1.0,967.0,968.0
0.935751384689136,0.640765855604308,0.9603060736489718,0.768649217665917,0.7109636537541846,8364.0,8364.0,1.0,968.0,969.0
0.9698112497215415,0.6436725054123205,0.9762686567164179,0.7758273039971534,0.7179104477611941,6700.0,6700.0,1.0,969.0,970.0
0.9782017931632674,0.6455148033583739,0.9811929070392262,0.7787195479503172,0.7211848468565287,7444.0,7444.0,1.0,970.0,971.0
0.9653948634459112,0.641491560454702,0.9672769770159719,0.771397504271734,0.7133489157252305,7701.0,7701.0,1.0,971.0,972.0
0.9519880372462242,0.6436473947180585,0.957398805573988,0.7697807181347703,0.7136695421366954,7535.0,7535.0,1.0,972.0,973.0
0.966747156727032,0.642466895082878,0.9713005739885202,0.7733808939917513,0.7153856922861542,7143.0,7143.0,1.0,973.0,974.0
0.98300756821033,0.6517496950933483,0.9872104590024158,0.7851491862567812,0.7298564729288048,7037.0,7037.0,1.0,974.0,975.0
0.986359412890823,0.6452511608273533,0.9902824565949728,0.7813730000511169,0.7229204457113242,7718.0,7718.0,1.0,975.0,976.0
0.9782210562381537,0.6407877295966673,0.9817232375979112,0.775435380384968,0.7156948070786191,6894.0,6894.0,1.0,976.0,977.0
0.970888242603896,0.6439970309890518,0.972946453602467,0.7750111656989728,0.7175497617045136,7134.0,7134.0,1.0,977.0,978.0
0.9647397137446394,0.6403120936280884,0.9665009159905784,0.7702977525160348,0.7117901073017535,7642.0,7642.0,1.0,978.0,979.0
0.9778395818062576,0.6455551003687013,0.9787577639751552,0.7779807454949396,0.7206832298136646,8050.0,8050.0,1.0,979.0,980.0
0.9688653074474367,0.6390774515416701,0.9703216192723209,0.770611439842209,0.7111635415373153,8053.0,8053.0,1.0,980.0,981.0
0.9807776353174846,0.6450878844946641,0.9834908481875823,0.7791309292517652,0.7211987079794234,8359.0,8359.0,1.0,981.0,982.0
0.9654223533699655,0.6429538149213331,0.9706295492274295,0.773520582099425,0.7158089643723662,7831.0,7831.0,1.0,982.0,983.0
0.9630112288914067,0.6439407302875286,0.9701036407121977,0.774067005937235,0.7168482593675259,7526.0,7526.0,1.0,983.0,984.0
0.954086481879387,0.6385132261631369,0.9543605390287313,0.7651225602609183,0.7070302568014238,7866.0,7866.0,1.0,984.0,985.0
0.9628456725099197,0.6412146226415094,0.9668098977626315,0.7710487444608567,0.7129204326566899,6749.0,6749.0,1.0,985.0,986.0
0.9730716841541706,0.641720562570578,0.9754993757802747,0.7741655830082358,0.7154338327091136,6408.0,6408.0,1.0,986.0,987.0
0.9830167555352809,0.64490080749676,0.9835791394252699,0.7790221579961464,0.7209974152349096,6577.0,6577.0,1.0,987.0,988.0
0.9879164540245594,0.6484558149016411,0.9894245723172629,0.7834492949941506,0.7265163297045101,6430.0,6430.0,1.0,988.0,989.0
0.9844814982711733,0.6469429857464366,0.9875465216146578,0.781756373937677,0.7243057543658746,6986.0,6986.0,1.0,989.0,990.0
0.9724059759106051,0.64106239460371,0.9752437147255003,0.7736060236060236,0.7145972293483838,7796.0,7796.0,1.0,990.0,991.0
0.9775810643233456,0.6453052481256694,0.9819367105799267,0.7788010987235418,0.7211055276381909,7363.0,7363.0,1.0,991.0,992.0
0.9777435482485461,0.6443309499489275,0.9804165371464098,0.7776134122287969,0.7196145477152627,6434.0,6434.0,1.0,992.0,993.0
0.9613633890902654,0.6374191092500952,0.9696004632310364,0.7691777675700505,0.7090330052113492,6908.0,6908.0,1.0,993.0,994.0
0.9664031729672192,0.6453097345132743,0.9731749632990792,0.7760336295429149,0.7191378620045376,7493.0,7493.0,1.0,994.0,995.0
0.9792659201923474,0.645035943267923,0.9850170597834149,0.7795714705019078,0.7214804925085299,6741.0,6741.0,1.0,995.0,996.0
0.9728286633969708,0.64211925948655,0.9712252475247525,0.7731051043654947,0.7149597772277227,6464.0,6464.0,1.0,996.0,997.0
0.9696437418683144,0.6394947095659684,0.9733771569433032,0.7718772398514367,0.7123253903040263,6085.0,6085.0,1.0,997.0,998.0
0.973788783754289,0.6470329670329671,0.975480450629556,0.7780126849894292,0.7216699801192843,6036.0,6036.0,1.0,998.0,999.0
0.9768454236773002,0.6489146164978292,0.9794670161642639,0.7806406685236769,0.7247706422018348,6867.0,6867.0,1.0,999.0,1000.0
0.9747644848014152,0.6441804804538604,0.9772727272727273,0.7765133301276914,0.718733189887036,7436.0,7436.0,1.0,1000.0,1001.0
0.9808196375363696,0.6487115080472602,0.98377539503386,0.7818579357515277,0.7255220090293454,7088.0,7088.0,1.0,1001.0,1002.0
0.9744499093947278,0.6381621621621621,0.9739316944398614,0.77107961596238,0.7108562943408678,6061.0,6061.0,1.0,1002.0,1003.0
0.9499375291100464,0.6348090442713281,0.9533456983877872,0.762132877102937,0.7024539877300614,7009.0,7009.0,1.0,1003.0,1004.0
0.9571644327866713,0.6325439970515065,0.9499100594991006,0.7594026548672567,0.6990452469904525,7227.0,7227.0,1.0,1004.0,1005.0
0.9812441610219553,0.6463329249081043,0.983486482887202,0.7800369685767098,0.7226661339725663,7509.0,7509.0,1.0,1005.0,1006.0
0.9787730414201182,0.6465272136474411,0.9795384615384616,0.7789332028382677,0.722,6500.0,6500.0,1.0,1006.0,1007.0
0.9841786830147001,0.6425851894155721,0.9872769815735595,0.7784824723247232,0.7190699034805499,6838.0,6838.0,1.0,1007.0,1008.0
0.9832733746488213,0.6478909686880013,0.9869908015768726,0.7822736030828517,0.7252956636005257,7610.0,7610.0,1.0,1008.0,1009.0
0.9812845368353402,0.6486023444544635,0.9838599370811106,0.7818053366664856,0.7254137600875393,7311.0,7311.0,1.0,1009.0,1010.0
0.9694454285714286,0.6455960516324981,0.9717142857142858,0.7757755474452555,0.7191428571428572,7000.0,7000.0,1.0,1010.0,1011.0
0.9568485965516399,0.6437373551590951,0.9602194787379973,0.7707553402334287,0.7144032921810699,7290.0,7290.0,1.0,1011.0,1012.0
0.9745861046934396,0.6453893932154802,0.9764348706086453,0.7771257622828213,0.7199653028769698,6917.0,6917.0,1.0,1012.0,1013.0
0.9622017916083172,0.6412947609807726,0.9680468645985887,0.7714998143137567,0.7132871788044202,7511.0,7511.0,1.0,1013.0,1014.0
0.9836073347832262,0.6439093234541766,0.9883563498510696,0.7797895636383059,0.720890874627674,7386.0,7386.0,1.0,1014.0,1015.0
0.9780659406778935,0.6453093621497561,0.9810991567316081,0.7785405249495241,0.7209217795870893,6878.0,6878.0,1.0,1015.0,1016.0
0.969660316692234,0.6431261770244822,0.9719652767895262,0.7740692468974897,0.7163085242635548,7027.0,7027.0,1.0,1016.0,1017.0
0.9814345031364906,0.6475892857142858,0.9843919652551575,0.7812365359758725,0.7243485342019544,7368.0,7368.0,1.0,1017.0,1018.0
0.9798197059682965,0.6446768570662376,0.9839017735334242,0.7789598747097262,0.7208049113233288,7330.0,7330.0,1.0,1018.0,1019.0
0.9795532444068735,0.6446482035928144,0.977859778597786,0.7770384572008571,0.7194152710757877,7046.0,7046.0,1.0,1019.0,1020.0
0.9749353141419237,0.6438984881209503,0.9761255115961801,0.77594620973864,0.7181446111869031,7330.0,7330.0,1.0,1020.0,1021.0
0.971771768789876,0.6441862661754982,0.9748427672955975,0.775749303304328,0.7181961120640366,6996.0,6996.0,1.0,1021.0,1022.0
0.9716288192364111,0.6424643584521385,0.9716617896195904,0.7734935327652792,0.7154628060988757,6493.0,6493.0,1.0,1022.0,1023.0
0.9862871273518159,0.6508129321622127,0.9892060786820054,0.7850983486445359,0.7292288027268854,7041.0,7041.0,1.0,1023.0,1024.0
0.9752563821208748,0.6427521008403362,0.9774760383386581,0.7755386565272497,0.7170926517571885,6260.0,6260.0,1.0,1024.0,1025.0
0.9819783717720182,0.6415872197887142,0.9849683544303798,0.7770322983304728,0.7173655063291139,7584.0,7584.0,1.0,1025.0,1026.0
0.9762987660470571,0.6467279707169002,0.9774659290244232,0.7784225231033741,0.721764944002159,7411.0,7411.0,1.0,1026.0,1027.0
0.9812994663672765,0.6434039522876981,0.9855467684755931,0.7785437311503662,0.7196618489228251,7334.0,7334.0,1.0,1027.0,1028.0
0.9717211445385943,0.6409668481895481,0.9738713891711424,0.7731044019359299,0.7141820293221077,6889.0,6889.0,1.0,1028.0,1029.0
0.9703112482628651,0.6439547694984054,0.9697278416533256,0.7739574863514926,0.7167806723912095,6871.0,6871.0,1.0,1029.0,1030.0
0.8815608018842546,0.6192558299039781,0.8830073349633252,0.7279782301955251,0.6700488997555012,8180.0,8180.0,1.0,1030.0,1031.0
0.9763580628268982,0.6485473289597001,0.9805866515516508,0.7807299599481018,0.7245996882527986,7057.0,7057.0,1.0,1031.0,1032.0
0.9771209623091304,0.6413002980625931,0.9803502776591201,0.7753814967058956,0.7160045564573544,7023.0,7023.0,1.0,1032.0,1033.0
0.9614756995557731,0.6400920276082824,0.9628347878423111,0.7689719401550201,0.7107282575985555,6646.0,6646.0,1.0,1033.0,1034.0
0.969383230740906,0.6392486406327237,0.9713083971759051,0.7710469830670165,0.711581793600721,6657.0,6657.0,1.0,1034.0,1035.0
0.9723295130670966,0.6441311545444836,0.9774716369529983,0.7765402691044873,0.7187196110210697,6170.0,6170.0,1.0,1035.0,1036.0
0.9739543259529114,0.6394701478210789,0.9802825191288993,0.7740211455791798,0.7138022366097705,6796.0,6796.0,1.0,1036.0,1037.0
0.9648311470450844,0.639066016504126,0.9661185143181173,0.769274184445197,0.7102353274737737,7054.0,7054.0,1.0,1037.0,1038.0
0.9615786268832123,0.6441274872336679,0.9654262338347849,0.7727080692860161,0.7160200580628134,7578.0,7578.0,1.0,1038.0,1039.0
0.965822516792268,0.6445956305097739,0.9695877774574806,0.774375503626108,0.7174978379936581,6938.0,6938.0,1.0,1039.0,1040.0
0.9571705561602374,0.6398777418194894,0.9600755327758295,0.7679361311899882,0.7098732128405719,7414.0,7414.0,1.0,1040.0,1041.0
0.9519433689499436,0.6414831335377753,0.9596830251633532,0.7689651331179681,0.7116641178923954,7193.0,7193.0,1.0,1041.0,1042.0
0.9730403449794024,0.6420814052318443,0.9750466083464793,0.7742853889078692,0.7157607916248386,6973.0,6973.0,1.0,1042.0,1043.0
0.9734168458583478,0.6408367707719504,0.9759198324857912,0.7736542565805075,0.7144780137600957,6686.0,6686.0,1.0,1043.0,1044.0
0.9438953367873012,0.6356726627818596,0.9489409984871406,0.7613412228796844,0.7025340393343419,7932.0,7932.0,1.0,1044.0,1045.0
0.9798639784991632,0.6433127082341742,0.9855621992124836,0.7784817417348232,0.7195566574303631,6857.0,6857.0,1.0,1045.0,1046.0
0.9746300185294822,0.6438041815400306,0.9788086316061506,0.7767239169443733,0.7186328983072748,7739.0,7739.0,1.0,1046.0,1047.0
0.971652826135374,0.6455360409806074,0.9749930920143686,0.7767749036873968,0.7198121027908262,7238.0,7238.0,1.0,1047.0,1048.0
0.9684513683815262,0.6411947611419957,0.972976837289105,0.7729880161299483,0.7142550757792393,6994.0,6994.0,1.0,1048.0,1049.0
0.9607496538056007,0.6378947368421053,0.9617659789352185,0.7670444738507566,0.7079065069975472,6931.0,6931.0,1.0,1049.0,1050.0
0.9572003546379315,0.6364311577383716,0.9536727879799666,0.7634055348293335,0.7044379521424596,7188.0,7188.0,1.0,1050.0,1051.0
0.9683647818744583,0.6415786256875927,0.9705455025756174,0.7724978973927671,0.7141725003302074,7571.0,7571.0,1.0,1051.0,1052.0
0.9704438137111276,0.6403666068938035,0.976157934700076,0.7733862720327257,0.7139711465451785,6585.0,6585.0,1.0,1052.0,1053.0
0.9712196057586667,0.6392081736909323,0.9726709583383942,0.7714464621164684,0.7118304384792906,8233.0,8233.0,1.0,1053.0,1054.0
0.9578130910676127,0.6366485390358558,0.9587729039422543,0.7651913809339168,0.705788450860633,7204.0,7204.0,1.0,1054.0,1055.0
0.9702287113432788,0.6402933985330074,0.9728083209509658,0.772279563550575,0.7131500742942051,6730.0,6730.0,1.0,1055.0,1056.0
0.9630522615649835,0.6367882341250124,0.9623066526505482,0.7664155005382132,0.7067127196275718,6659.0,6659.0,1.0,1056.0,1057.0
0.979147304654551,0.6468607825295724,0.9812284334023464,0.7797093501508089,0.7227743271221532,7245.0,7245.0,1.0,1057.0,1058.0
0.9722092945556462,0.6420755968169761,0.9769201664774877,0.7748712049217226,0.7161684953966452,7929.0,7929.0,1.0,1058.0,1059.0
0.9669094218886688,0.6456737359890331,0.9723132969034608,0.7760224849777089,0.7193685488767456,8235.0,8235.0,1.0,1059.0,1060.0
0.9764693223063323,0.641972993248312,0.9829145728643216,0.776674797209144,0.7173725771715721,6965.0,6965.0,1.0,1060.0,1061.0
0.9817835261871986,0.6412237330037083,0.9843453510436433,0.7765718562874252,0.7167931688804554,6324.0,6324.0,1.0,1061.0,1062.0
0.9725112768376346,0.6435039169803642,0.9689031862745098,0.773369199731002,0.7160692401960784,6528.0,6528.0,1.0,1062.0,1063.0
0.9706937877802386,0.6434311162745667,0.9709276844411979,0.773960638173984,0.7164353542731922,6845.0,6845.0,1.0,1063.0,1064.0
0.9826566531779859,0.6485724356714839,0.9865951742627346,0.7826456826882178,0.7260053619302949,7460.0,7460.0,1.0,1064.0,1065.0
0.9830323225275712,0.6472135619641465,0.98385663507109,0.7807945463093559,0.7237855450236966,6752.0,6752.0,1.0,1065.0,1066.0
0.9788551541757531,0.6444528587656191,0.981262611703661,0.777968232202034,0.7199481118477947,6938.0,6938.0,1.0,1066.0,1067.0
0.959086118448656,0.639937870109698,0.9648711943793911,0.7695091344189575,0.7109923887587822,6832.0,6832.0,1.0,1067.0,1068.0
0.9580322717670591,0.6380172413793104,0.9635464132274444,0.7676987708106426,0.70843640151022,7681.0,7681.0,1.0,1068.0,1069.0
0.9649067745802151,0.644431408698567,0.9752694990488269,0.7760621657079423,0.71857958148383,7885.0,7885.0,1.0,1069.0,1070.0
0.966017228559356,0.646149574231766,0.9686415984459553,0.7751929376492144,0.7190925489107812,7207.0,7207.0,1.0,1070.0,1071.0
0.9748211257057204,0.6458829533855053,0.9744609856262834,0.7768569674647022,0.7200975359342916,7792.0,7792.0,1.0,1071.0,1072.0
0.9603284036574425,0.6416448079000154,0.9676556137289122,0.7716287052929443,0.7136125654450262,8595.0,8595.0,1.0,1072.0,1073.0
0.9537098257193934,0.6383414384438187,0.9588619761630143,0.7664413030116779,0.7078046905036525,7803.0,7803.0,1.0,1073.0,1074.0
0.9464008132051231,0.6350129777141322,0.9478957915831663,0.7605316754207311,0.7015364061456246,7485.0,7485.0,1.0,1074.0,1075.0
0.954789305091781,0.6398027790228598,0.9581151832460733,0.7672543539023866,0.7093569606658612,7449.0,7449.0,1.0,1075.0,1076.0
0.9542571103042587,0.6420240609789696,0.9723226703755216,0.7733834835997566,0.7150904033379694,7190.0,7190.0,1.0,1076.0,1077.0
0.9718674194252956,0.6425451092117759,0.9738054116292458,0.7742304611511615,0.7160333909038572,6948.0,6948.0,1.0,1077.0,1078.0
0.9599130688881388,0.6400774621910734,0.9683314732142857,0.7707084166111481,0.7119140625,7168.0,7168.0,1.0,1078.0,1079.0
0.9666376554492702,0.6436443093292799,0.9717441193344808,0.7743742141959081,0.7168674698795181,6972.0,6972.0,1.0,1079.0,1080.0
0.9710173190667427,0.6462609316437623,0.9768006474237928,0.7778732545649839,0.7210682492581603,7414.0,7414.0,1.0,1080.0,1081.0
0.9725860808242739,0.6485822499744088,0.9753694581280788,0.7790962188748847,0.723445197044335,6496.0,6496.0,1.0,1081.0,1082.0
0.9764441366207468,0.6443442054129077,0.9803352250230962,0.7775974875686993,0.7196119836346839,7577.0,7577.0,1.0,1082.0,1083.0
0.976974076180839,0.6420267991836011,0.9792907417433676,0.77558021118079,0.7166350839198701,7388.0,7388.0,1.0,1083.0,1084.0
0.9787032167278531,0.6462852754847379,0.9803436225975539,0.7790119171583941,0.7218986604542807,6868.0,6868.0,1.0,1084.0,1085.0
0.9733040788195579,0.6444839114082741,0.9781195497066751,0.7770010705963851,0.7192801648961471,6307.0,6307.0,1.0,1085.0,1086.0
0.9741424000729886,0.6442335909224298,0.9762822413281945,0.7762390241027757,0.7185739697598577,6746.0,6746.0,1.0,1086.0,1087.0
0.9656029784496384,0.6432274483928739,0.9680805788055044,0.7729074640389625,0.7155624911334941,7049.0,7049.0,1.0,1087.0,1088.0
0.9608183046716711,0.6359552541178544,0.9706910459801021,0.7684529828109201,0.7075154611454693,7438.0,7438.0,1.0,1088.0,1089.0
0.9691926414985552,0.640115718418515,0.9734565185511072,0.7723544127058002,0.7130810969350344,6819.0,6819.0,1.0,1089.0,1090.0
0.966008234657772,0.6387529976019185,0.9681593486478628,0.7696931168005549,0.7103082291363768,6878.0,6878.0,1.0,1090.0,1091.0
0.9691020374734122,0.6441441441441441,0.9830021247344082,0.7782890505170452,0.7199725034370704,8001.0,8001.0,1.0,1091.0,1092.0
0.9775536267416217,0.6480719794344473,0.9838688695199688,0.7814227411272407,0.7247951086249512,7687.0,7687.0,1.0,1092.0,1093.0
0.9660766091606087,0.6438547486033519,0.9700886817976853,0.7740001199256461,0.7167443258680295,6653.0,6653.0,1.0,1093.0,1094.0
0.9673873567962635,0.6424297370806891,0.9750928856474473,0.7745532054435154,0.7161827439108298,7267.0,7267.0,1.0,1094.0,1095.0
0.9736030595976876,0.6418376027979961,0.9754345639994254,0.774230330672748,0.7155581094670306,6961.0,6961.0,1.0,1095.0,1096.0
0.9686648215935606,0.6402404121350888,0.973313995649021,0.77240029924613,0.7131979695431472,6895.0,6895.0,1.0,1096.0,1097.0
0.9563442494727171,0.6387195121951219,0.9575774889301528,0.7663027947648168,0.7079702899585774,7001.0,7001.0,1.0,1097.0,1098.0
0.9721358027346384,0.6446779529091263,0.9775745057539097,0.7769699812382739,0.7193862496311596,6778.0,6778.0,1.0,1098.0,1099.0
0.9728850699008685,0.6420600858369099,0.9750869061413673,0.7742825924434987,0.71574449594438,6904.0,6904.0,1.0,1099.0,1100.0
0.9590048435878273,0.6347041544271926,0.9612329202414999,0.7645646404650575,0.7040038131553861,6294.0,6294.0,1.0,1100.0,1101.0
0.9738175433241236,0.6446853357422463,0.978817433709235,0.7773676248108926,0.7196738799146601,6562.0,6562.0,1.0,1101.0,1102.0
0.9650575824760834,0.6403917006011247,0.9697548083981794,0.7713868613138686,0.7125972691234768,6811.0,6811.0,1.0,1102.0,1103.0
0.9708798537310829,0.6469794777916947,0.9727654642908881,0.7771091308876288,0.7209908735332464,6903.0,6903.0,1.0,1103.0,1104.0
0.9710579338034299,0.6402908468776732,0.9768989819890368,0.7735634559735428,0.7140433307230488,7662.0,7662.0,1.0,1104.0,1105.0
0.9842938020799538,0.6447448823709135,0.9887548319081645,0.7805261454528643,0.7219749326461287,8537.0,8537.0,1.0,1105.0,1106.0
0.9786400920734005,0.6459279038718291,0.9828006500541712,0.7795262903485687,0.722034127843987,7384.0,7384.0,1.0,1106.0,1107.0
0.9676186831468219,0.643396828775141,0.9707771355170199,0.773888,0.7163615928066795,6228.0,6228.0,1.0,1107.0,1108.0
0.9790503155784522,0.6407216494845361,0.9832305015029268,0.7758566880968728,0.7159468438538206,6321.0,6321.0,1.0,1108.0,1109.0
0.9607565121491619,0.6392558926117746,0.9613733905579399,0.7679024885728797,0.7094261643617866,6291.0,6291.0,1.0,1109.0,1110.0
0.9718162338816302,0.6405454720061462,0.9755740821997952,0.7733333333333333,0.7140558724586807,6837.0,6837.0,1.0,1110.0,1111.0
0.9549082379640995,0.6354405791983048,0.9573024740622506,0.7638505625132668,0.7040436286246342,7518.0,7518.0,1.0,1111.0,1112.0
0.9585899389262025,0.6377074453613857,0.9622331691297209,0.767057540223616,0.7077859879584018,7308.0,7308.0,1.0,1112.0,1113.0
0.9762725770206924,0.6486933797909408,0.9781951924339944,0.7800764678154297,0.7242217259950086,7613.0,7613.0,1.0,1113.0,1114.0
0.9704481276752357,0.6457326892109501,0.9718594318028814,0.7759204514915345,0.719334859297159,7427.0,7427.0,1.0,1114.0,1115.0
0.9557323099226428,0.6398601398601399,0.9551417689377909,0.7663403316167733,0.7087741571448724,7089.0,7089.0,1.0,1115.0,1116.0
0.9615013450564667,0.6369801084990958,0.9602017173231566,0.7658857422405827,0.70648766525828,7337.0,7337.0,1.0,1116.0,1117.0
0.9728025733273434,0.6399407462272012,0.9764090973301314,0.7731543624161074,0.7135188585958468,7079.0,7079.0,1.0,1117.0,1118.0
0.9618574565124612,0.6364543821121981,0.963869992441421,0.766668670714844,0.7066515495086924,6615.0,6615.0,1.0,1118.0,1119.0
0.9784462275976106,0.6413022539009825,0.980415255485201,0.7754032492866709,0.7160212045354145,6791.0,6791.0,1.0,1119.0,1120.0
0.9762529667556561,0.6446886446886447,0.97804283003524,0.7771256259759841,0.7195039306044999,7378.0,7378.0,1.0,1120.0,1121.0
0.9822689774465655,0.6487482853223594,0.983749349973999,0.7818764207480885,0.7255590223608944,7692.0,7692.0,1.0,1121.0,1122.0
0.9788980683351192,0.6455708759051682,0.9815987933634992,0.7788881575010472,0.721342383107089,6630.0,6630.0,1.0,1122.0,1123.0
0.9795374368476746,0.6433809702895825,0.98276604911676,0.7776578214671288,0.7190147924745082,6963.0,6963.0,1.0,1123.0,1124.0
0.9607652458146378,0.6357089021020015,0.9613728470111449,0.7653375006301356,0.7052304964539007,7896.0,7896.0,1.0,1124.0,1125.0
0.9717866743194654,0.6462326817232872,0.9729961423060437,0.7766436676740606,0.7201743106158023,6999.0,6999.0,1.0,1125.0,1126.0
0.9452814071482936,0.6325738224174926,0.9436061575979271,0.7574015170051382,0.6977594878829446,6561.0,6561.0,1.0,1126.0,1127.0
0.9736829890441939,0.6397173534000183,0.9778370037873475,0.7734383668035061,0.7135643147706551,7129.0,7129.0,1.0,1127.0,1128.0
0.9774071881852937,0.6414713791778717,0.9807635829662261,0.775635814655673,0.7162995594713656,6810.0,6810.0,1.0,1128.0,1129.0
0.9713339003852822,0.6394739262393084,0.9759966311061201,0.7726843362782686,0.712871982032566,7124.0,7124.0,1.0,1129.0,1130.0
0.969287063060881,0.6397509841618603,0.9728525685646666,0.7718988180713575,0.7125156619796742,7183.0,7183.0,1.0,1130.0,1131.0
0.9551647173775615,0.6394628099173554,0.9541760089686099,0.7657444894287,0.7080997757847534,7136.0,7136.0,1.0,1131.0,1132.0
0.9801568154257325,0.6410404624277457,0.9856317582580358,0.7768373124744615,0.716856761961191,6751.0,6751.0,1.0,1132.0,1133.0
0.9731468868395263,0.6442600276625173,0.9782973956874825,0.7768944237504865,0.7190562867544106,7142.0,7142.0,1.0,1133.0,1134.0
0.9669717007047356,0.6436878832734193,0.9714376894846019,0.774308426073132,0.7168501675442795,6267.0,6267.0,1.0,1134.0,1135.0
0.9699326315721414,0.6391636055382877,0.9706765841796595,0.7707860063607451,0.7113431554856243,6991.0,6991.0,1.0,1135.0,1136.0
0.9674302294526566,0.6423978632901375,0.9689644882124739,0.7725893760038071,0.7147866308564608,6702.0,6702.0,1.0,1136.0,1137.0
0.9660588415998057,0.6384044062421764,0.9682318693836224,0.7694628847314424,0.7099101379572206,7901.0,7901.0,1.0,1137.0,1138.0
0.9662745757652766,0.6383517079342129,0.9678038087409234,0.769289409202287,0.7097547609261543,7299.0,7299.0,1.0,1138.0,1139.0
0.9609335591474194,0.6418217609162491,0.9635948414830736,0.7704618689581095,0.7129231595916175,7444.0,7444.0,1.0,1139.0,1140.0
0.9637507917057548,0.6338054244191428,0.965454032712916,0.7652416876222409,0.7038212069937958,7092.0,7092.0,1.0,1140.0,1141.0
0.9842697031304102,0.6452287819521514,0.9865090403337969,0.7801792883462575,0.7220445062586927,7190.0,7190.0,1.0,1141.0,1142.0
0.9213356896889584,0.6314703507670225,0.9197700248268653,0.7488297872340426,0.6914935319482556,7653.0,7653.0,1.0,1142.0,1143.0
0.9661869130004497,0.6401794895765168,0.9696969696969697,0.7712145954164086,0.712333616539224,7062.0,7062.0,1.0,1143.0,1144.0
0.9680426321117419,0.6417775998398558,0.9732847601700061,0.7735086555280777,0.7150121432908318,6588.0,6588.0,1.0,1144.0,1145.0
0.9600424293149975,0.638938339537142,0.9632792485055508,0.7682802237898322,0.7094668781261437,8197.0,8197.0,1.0,1145.0,1146.0
0.9805003309596007,0.6436393577603953,0.983023138832998,0.7779270537891227,0.7193787726358148,7952.0,7952.0,1.0,1146.0,1147.0
0.9364813398591852,0.6314333148865523,0.9305423406279734,0.7523490301664927,0.6936930814190567,7357.0,7357.0,1.0,1147.0,1148.0
0.9744279361058359,0.6492157473771684,0.9770204783492262,0.7800798801797304,0.7245583867437861,6397.0,6397.0,1.0,1148.0,1149.0
0.960869541881358,0.6369941098232947,0.9633620689655172,0.7668992336726524,0.707183908045977,6960.0,6960.0,1.0,1149.0,1150.0
0.9799374314483419,0.6456812110418522,0.9811907983761841,0.7788399570354457,0.7213802435723952,7390.0,7390.0,1.0,1150.0,1151.0
0.9671419258465006,0.6451416387450503,0.9699282552282095,0.7748780487804878,0.7182109601587544,6551.0,6551.0,1.0,1151.0,1152.0
0.9233176155524697,0.628554902149812,0.9183098591549296,0.7462942826074515,0.6878169014084508,7100.0,7100.0,1.0,1152.0,1153.0
0.9760983648448726,0.6443935471021709,0.9777878513145966,0.7768307322929172,0.7190994258084014,6618.0,6618.0,1.0,1153.0,1154.0
0.9512119311839554,0.6402510788544528,0.9506334643949322,0.7651643907870832,0.7082423183340615,6867.0,6867.0,1.0,1154.0,1155.0
0.9718878886417124,0.6455342518547066,0.9746872272330521,0.7766765200255028,0.7197410532441082,6874.0,6874.0,1.0,1155.0,1156.0
0.9401701710626473,0.6313,0.9439294258373205,0.7565915627996165,0.6963217703349283,6688.0,6688.0,1.0,1156.0,1157.0
0.8940499269772503,0.625831043347221,0.8924282644419164,0.7357232180075032,0.6794336999115156,7911.0,7911.0,1.0,1157.0,1158.0
0.9622888223572327,0.640212115764875,0.9626976618461954,0.7690148448043185,0.7108393026084606,7399.0,7399.0,1.0,1158.0,1159.0
0.972204290607153,0.6399792942800449,0.9751544629946103,0.7727888321700177,0.7132903904298672,7607.0,7607.0,1.0,1159.0,1160.0
0.9804948434076154,0.6475180802103879,0.983154479660594,0.7807947676147061,0.7239830296980284,8014.0,8014.0,1.0,1160.0,1161.0
0.9698569993249373,0.6418379251548058,0.9720032617559119,0.7731473974379763,0.7148002174503941,7358.0,7358.0,1.0,1161.0,1162.0
0.9229312237614258,0.625359677728755,0.9163738580463809,0.7434011743914258,0.6836964160224877,7115.0,7115.0,1.0,1162.0,1163.0
0.9658794981681571,0.6425933125972006,0.9723488748345345,0.7738046468075145,0.7157670245624357,6799.0,6799.0,1.0,1163.0,1164.0
0.9758041263121079,0.6425613574386425,0.9780169100691776,0.7755699134463001,0.7169869331283628,6505.0,6505.0,1.0,1164.0,1165.0
0.9647839871329085,0.6375909837990138,0.9661981853762676,0.768229719216352,0.7085038249421811,5621.0,5621.0,1.0,1165.0,1166.0
0.960277529145502,0.6408779421988281,0.961698956780924,0.7691757554085464,0.7114008941877794,6710.0,6710.0,1.0,1166.0,1167.0
0.9655119590166262,0.6420332355816227,0.9703058058797459,0.7727513383140184,0.7146550450583543,6769.0,6769.0,1.0,1167.0,1168.0
0.9791449258548072,0.6443841902179581,0.9817286304416905,0.7780645973682554,0.7199714013346044,6294.0,6294.0,1.0,1168.0,1169.0
0.9644463828687437,0.643456636617967,0.9656352044783082,0.772292003482154,0.7152853366505987,6431.0,6431.0,1.0,1169.0,1170.0
0.9351573797385809,0.6298969072164948,0.9389494272143056,0.7539824994390846,0.6936295054484493,7158.0,7158.0,1.0,1170.0,1171.0
0.97298059917219,0.6455743879472693,0.9749715585893061,0.7767958305007931,0.7198521046643913,7032.0,7032.0,1.0,1171.0,1172.0
0.9492738051853394,0.6312882392929979,0.9475765306122449,0.7577519379844961,0.6970663265306123,7840.0,7840.0,1.0,1172.0,1173.0
0.9850587432916278,0.6448159278737791,0.9889096932161889,0.780626456710818,0.7220941955926833,6943.0,6943.0,1.0,1173.0,1174.0
0.9827324175564366,0.646862761436547,0.9870311506675143,0.7815362931642001,0.7240940877304514,7865.0,7865.0,1.0,1174.0,1175.0
0.9839483591554364,0.6409963034676993,0.9861882193635748,0.7769776497572946,0.716926201760325,7385.0,7385.0,1.0,1175.0,1176.0
0.9794560001976084,0.6476154428463285,0.981922525107604,0.7804766792108564,0.723816355810617,6970.0,6970.0,1.0,1176.0,1177.0
0.9804795520442746,0.6447447447447447,0.982308982766509,0.7785096996434399,0.7205276803416196,6557.0,6557.0,1.0,1177.0,1178.0
0.9781219546638407,0.6473130402104472,0.9791104163706125,0.7793676828233698,0.7228222253801336,7037.0,7037.0,1.0,1178.0,1179.0
0.9851107756320187,0.6499088304245897,0.9881188118811881,0.784098051539912,0.7279207920792079,7575.0,7575.0,1.0,1179.0,1180.0
0.9833864311361935,0.6461682242990654,0.9871501998857796,0.7810664256665161,0.7233009708737864,7004.0,7004.0,1.0,1180.0,1181.0
0.9795967526203773,0.6394582070932098,0.9823408624229979,0.7746532088303557,0.714236824093087,7305.0,7305.0,1.0,1181.0,1182.0
0.98012765225872,0.6494306514840396,0.9833239118145846,0.7822372119168072,0.7262577727529678,7076.0,7076.0,1.0,1182.0,1183.0
0.8965690845360614,0.620620140155515,0.8936964335084324,0.7325364002039545,0.673693668786287,7234.0,7234.0,1.0,1183.0,1184.0
0.9690015214409609,0.6474966860405833,0.9716908951798011,0.7771386611185901,0.7213465952563122,6535.0,6535.0,1.0,1184.0,1185.0
0.9802033167739129,0.6401549002085195,0.9811292040785269,0.7747866842927533,0.7148074874448334,6571.0,6571.0,1.0,1185.0,1186.0
0.9701245701007547,0.6417727967396841,0.9723680148193887,0.7732154913152888,0.7148039518369868,6478.0,6478.0,1.0,1186.0,1187.0
0.9883389187795862,0.6523270906730948,0.9918240766845221,0.7870246085011185,0.7316041725401748,7094.0,7094.0,1.0,1187.0,1188.0
0.932130799353746,0.6346153846153846,0.9306751875520978,0.7546468401486989,0.6974159488746874,7198.0,7198.0,1.0,1188.0,1189.0
0.9710988477789836,0.6403950617283951,0.9757712565838976,0.7732856290995825,0.7139202407825432,6645.0,6645.0,1.0,1189.0,1190.0
0.9765530069950351,0.6481481481481481,0.9797028389493234,0.7801605746883583,0.723932077474131,7538.0,7538.0,1.0,1190.0,1191.0
0.95616008243861,0.6403332375754094,0.958572247706422,0.7677823066766175,0.7100774082568807,6976.0,6976.0,1.0,1191.0,1192.0
0.9719961326861678,0.6358492375563441,0.9751434034416826,0.7697666318355973,0.708339461685542,6799.0,6799.0,1.0,1192.0,1193.0
0.9378401471312281,0.6339482145879167,0.9276869737493809,0.753191917160953,0.696012877662209,8076.0,8076.0,1.0,1193.0,1194.0
0.9663221657523652,0.6461358102624222,0.9720526387193054,0.776273022751896,0.7198480531813866,7371.0,7371.0,1.0,1194.0,1195.0
0.9779126969943422,0.6460419421877952,0.9806423860051621,0.7789293849658314,0.7216805276742185,6974.0,6974.0,1.0,1195.0,1196.0
0.9742559599577238,0.641538024434132,0.9759400662728713,0.7741714285714286,0.7153147961388849,6941.0,6941.0,1.0,1196.0,1197.0
0.9855136258231778,0.6459389872825154,0.9884192932187201,0.7812957108479215,0.7233166189111748,8376.0,8376.0,1.0,1197.0,1198.0
0.9441451967964305,0.6339139344262295,0.9375662979239279,0.7564032031297757,0.6980603121685104,6599.0,6599.0,1.0,1198.0,1199.0
0.9810903966731283,0.6471667346106807,0.9877119303157568,0.7819715534757712,0.7246072484056618,6429.0,6429.0,1.0,1199.0,1200.0
0.9823922893430012,0.645492984816452,0.9857646022894042,0.7801393728222996,0.722189609627238,6814.0,6814.0,1.0,1200.0,1201.0
0.9808744855184667,0.6458909273686856,0.9817903985737935,0.7791814047498736,0.7217623838023686,7853.0,7853.0,1.0,1201.0,1202.0
0.9762121965942617,0.6421202419067947,0.9837852568469819,0.7770542969380617,0.7177408366262433,7339.0,7339.0,1.0,1202.0,1203.0
0.9493396074262656,0.6339166825185467,0.9530959530959531,0.7614097218255554,0.7013442013442014,6993.0,6993.0,1.0,1203.0,1204.0
0.9780359648921892,0.6474056603773585,0.9827387802071347,0.7805819326664297,0.7237565528704769,7821.0,7821.0,1.0,1204.0,1205.0
0.9786882123156517,0.6485584218512899,0.9810252486610559,0.7808769792935445,0.7247130833970926,6535.0,6535.0,1.0,1205.0,1206.0
0.982566195310769,0.648430066603235,0.984115523465704,0.7817608259248637,0.7252707581227437,6925.0,6925.0,1.0,1206.0,1207.0
0.9757095803028875,0.6475385080036243,0.9749886311959982,0.7782214156079855,0.7221464301955435,6597.0,6597.0,1.0,1207.0,1208.0
0.9722703784543535,0.6465457083042568,0.9735977932483909,0.7770613828170048,0.7206751609089715,7613.0,7613.0,1.0,1208.0,1209.0
0.9728551771730118,0.6476146364057433,0.9742196209587514,0.778031272605865,0.7220596432552955,7176.0,7176.0,1.0,1209.0,1210.0
0.9426746977061615,0.6327348788565452,0.9349645846748229,0.7547169811320755,0.6961365099806825,7765.0,7765.0,1.0,1210.0,1211.0
0.9497949570370067,0.6393194706994328,0.9498665917708187,0.7642506073103215,0.7069933998033984,7121.0,7121.0,1.0,1211.0,1212.0
0.9749264304366696,0.6476001443522195,0.9750067916327085,0.7782717120242871,0.7222222222222222,7362.0,7362.0,1.0,1212.0,1213.0
0.9734101300861051,0.6445708866761498,0.9764401666427237,0.7765337598537644,0.7190058899583394,6961.0,6961.0,1.0,1213.0,1214.0
0.9840791997367767,0.6445554630400592,0.9868271954674221,0.7797862219486261,0.7213172804532578,7060.0,7060.0,1.0,1214.0,1215.0
0.9791129419095621,0.6449142401276426,0.98333536066172,0.7789554827519753,0.7209585208612092,8221.0,8221.0,1.0,1215.0,1216.0
0.9809737332381839,0.6458264599142197,0.9844103595675132,0.7799581631636617,0.7222780990696505,7954.0,7954.0,1.0,1216.0,1217.0
0.9843299108948055,0.6460849396144925,0.984641638225256,0.7802192495291448,0.7226352998537299,8204.0,8204.0,1.0,1217.0,1218.0
0.9736526141890036,0.6433701657458564,0.9736622073578596,0.7747837658017299,0.7169732441471572,7176.0,7176.0,1.0,1218.0,1219.0
0.9521978950242942,0.640083945435467,0.9546165884194053,0.7663316582914573,0.7089201877934272,7029.0,7029.0,1.0,1219.0,1220.0
0.9689773590408585,0.6428354353441726,0.9730879815986199,0.7742142105503957,0.7162162162162162,8695.0,8695.0,1.0,1220.0,1221.0
0.9575020145260716,0.6423406090360246,0.9585189585189585,0.7692063239850639,0.7124047124047124,10101.0,10101.0,1.0,1221.0,1222.0
0.9635836557345488,0.6467405090048195,0.9661487937350006,0.7748176661264181,0.7192118226600985,7917.0,7917.0,1.0,1222.0,1223.0
0.9865624619965263,0.6496933655454377,0.9891073702079503,0.7842521451404857,0.7278964492856133,7069.0,7069.0,1.0,1223.0,1224.0
0.958963387363095,0.6412631578947369,0.9616113145599192,0.7694250783065576,0.7118323020583407,7919.0,7919.0,1.0,1224.0,1225.0
0.9781224786845166,0.6457505350045858,0.9819851231985123,0.7791405385466618,0.7216410971641097,8604.0,8604.0,1.0,1225.0,1226.0
0.9732601810551527,0.6449851817189206,0.9767331994803354,0.7769270515289586,0.7195582851068856,8467.0,8467.0,1.0,1226.0,1227.0
0.958232462939697,0.6384087553200729,0.9585289514866979,0.7663834002398207,0.707811684924361,7668.0,7668.0,1.0,1227.0,1228.0
0.9779574286043361,0.6451900478158684,0.9812646370023419,0.7785057696068844,0.7208184395414766,8113.0,8113.0,1.0,1228.0,1229.0
0.9784014088289685,0.6484959282034236,0.9826240241752707,0.7813376051261514,0.7250062956434148,7942.0,7942.0,1.0,1229.0,1230.0
0.9762758477203216,0.6476252652195201,0.9815708101422387,0.7803726830227642,0.723747680890538,8085.0,8085.0,1.0,1230.0,1231.0
0.9712791773225455,0.6447074170704435,0.972589260612876,0.7754118569987672,0.7183019398369412,7114.0,7114.0,1.0,1231.0,1232.0
0.9318039924195536,0.6301253812267028,0.9248943048992788,0.7495717021062179,0.690997264362099,8042.0,8042.0,1.0,1232.0,1233.0
0.9764307598492212,0.6472786732071946,0.9850693210095983,0.7812235692134198,0.7241379310344828,8439.0,8439.0,1.0,1233.0,1234.0
0.9723139349535664,0.6370703764320785,0.9778615167216204,0.7715082068751935,0.710394096404459,6369.0,6369.0,1.0,1234.0,1235.0
0.9679536277341828,0.6431950022311468,0.9689432643183652,0.7731588263691466,0.7157165904813122,7438.0,7438.0,1.0,1235.0,1236.0
0.975198859072997,0.6475796501923217,0.9778630136986302,0.7791652113168006,0.7228493150684931,9125.0,9125.0,1.0,1236.0,1237.0
0.9697469029777537,0.6443511198945981,0.9678416821273964,0.7736418013742646,0.7168212739641311,8085.0,8085.0,1.0,1237.0,1238.0
0.9755411665678834,0.6443456273432732,0.980236105584295,0.7775673400673401,0.7195914577530177,7539.0,7539.0,1.0,1238.0,1239.0
0.9709259739351432,0.6433023300412312,0.9730239303843364,0.7745324405449088,0.716751269035533,6895.0,6895.0,1.0,1239.0,1240.0
0.9634887313239249,0.6466881940615894,0.9644115574348132,0.7742209231059356,0.7187573408503641,8514.0,8514.0,1.0,1240.0,1241.0
0.9613377339912592,0.6407961063792804,0.962406996475656,0.7693431418584025,0.7114606448244355,7661.0,7661.0,1.0,1241.0,1242.0
0.9800465191030555,0.6478106917695828,0.9820633673736581,0.7806629546755477,0.724076983503535,7638.0,7638.0,1.0,1242.0,1243.0
0.9821056551390895,0.6457567964731815,0.9855620970002803,0.7802685606480968,0.7224558452481077,7134.0,7134.0,1.0,1243.0,1244.0
0.9808398738722156,0.6482348703170029,0.9840054682159945,0.781584233671752,0.7250170881749829,7315.0,7315.0,1.0,1244.0,1245.0
0.9825638372160396,0.6512214910303795,0.9845986097860161,0.7839392295170917,0.7286356821589205,7337.0,7337.0,1.0,1245.0,1246.0
0.9753061583637285,0.6439982150825524,0.9788388497015735,0.7768746299187167,0.7188686923494303,7372.0,7372.0,1.0,1246.0,1247.0
0.9746771694214877,0.6416659752758649,0.9765151515151516,0.7744455014269264,0.7155934343434344,7920.0,7920.0,1.0,1247.0,1248.0
0.9749802167446696,0.6438986287102934,0.977856860419138,0.7764927521063373,0.7185316989587452,7587.0,7587.0,1.0,1248.0,1249.0
0.9749839022098016,0.6468600626339213,0.9774595267745952,0.7785161674270978,0.7219178082191781,8030.0,8030.0,1.0,1249.0,1250.0
0.9815048044217687,0.6457339485414875,0.9829761904761904,0.7794402227781186,0.721845238095238,8400.0,8400.0,1.0,1250.0,1251.0
0.9715838703696734,0.642452575743954,0.9742331288343559,0.7742984071947123,0.7160190865712338,7335.0,7335.0,1.0,1251.0,1252.0
0.9824834219254971,0.6451407231988341,0.9840233398166157,0.7793365241789074,0.7213809391497639,7198.0,7198.0,1.0,1252.0,1253.0
0.9737631670050338,0.643841371198118,0.9776728757336055,0.7763931104356636,0.7184230671089563,7838.0,7838.0,1.0,1253.0,1254.0
0.9636567869132141,0.6426613050630597,0.966332279785626,0.7719413798781491,0.7145114745087261,7277.0,7277.0,1.0,1254.0,1255.0
0.952132418905621,0.6414707890373549,0.9638042203985931,0.7702758095684253,0.7125586166471278,6824.0,6824.0,1.0,1255.0,1256.0
0.9652970737939989,0.6388278388278388,0.9666066232506582,0.7692562165738546,0.7100595815435776,7217.0,7217.0,1.0,1256.0,1257.0
0.9831104083937041,0.6493530329448473,0.9871651785714286,0.7833933019651259,0.72705078125,7168.0,7168.0,1.0,1257.0,1258.0
0.978117965682284,0.6435615399203489,0.9788001153735217,0.7765446224256293,0.7183443899625036,6934.0,6934.0,1.0,1258.0,1259.0
0.9768835843685965,0.6454395301890256,0.9787115625434812,0.7778822228366049,0.7205370808404062,7187.0,7187.0,1.0,1259.0,1260.0
0.9737970935295702,0.644996754150051,0.9777871502882047,0.7772686633884667,0.7198088007872909,7113.0,7113.0,1.0,1260.0,1261.0
0.9659289520000958,0.6375942581993277,0.9713494809688581,0.7698551996489689,0.7096193771626298,7225.0,7225.0,1.0,1261.0,1262.0
0.9676569308797921,0.6464703661759155,0.9702549575070821,0.7759401903035795,0.7198300283286119,7060.0,7060.0,1.0,1262.0,1263.0
0.9831122740800107,0.6470204841713222,0.9862333238717003,0.7814011019903295,0.724098779449333,7046.0,7046.0,1.0,1263.0,1264.0
0.9723084365569119,0.644775325711247,0.9765100671140939,0.7767042118187156,0.7192617449664429,7450.0,7450.0,1.0,1264.0,1265.0
0.9808661289215057,0.6431388329979879,0.9856913778216356,0.7783947009546074,0.7193783150363883,8107.0,8107.0,1.0,1265.0,1266.0
0.9692412795031238,0.63954830201121,0.9756066892996353,0.7726163803833707,0.7128756444109141,7953.0,7953.0,1.0,1266.0,1267.0
0.9723818296193742,0.6438576144169863,0.9768543584190579,0.7761466903263967,0.7182593394694099,7388.0,7388.0,1.0,1267.0,1268.0
0.9780580328138532,0.6433812738479601,0.9848734461584544,0.7783169605870517,0.7194847985622286,6677.0,6677.0,1.0,1268.0,1269.0
0.9767422878875752,0.6430117222723174,0.9772509250376867,0.7756567139827052,0.7173495957242703,7297.0,7297.0,1.0,1269.0,1270.0
0.974928428534268,0.6442940911141182,0.9770177838577291,0.7765153574340854,0.7188098495212039,7310.0,7310.0,1.0,1270.0,1271.0
0.9760533137796572,0.6464070392700016,0.9801111797405806,0.7790269527222741,0.7219888820259419,8095.0,8095.0,1.0,1271.0,1272.0
0.9651288514176403,0.6410625700112018,0.9642556264291732,0.7701254385543327,0.7121795643278372,8309.0,8309.0,1.0,1272.0,1273.0
0.9731907763148717,0.6494190268700073,0.9749250476969201,0.7795575896262396,0.7243118015808122,7338.0,7338.0,1.0,1273.0,1274.0
0.952507763573314,0.6383925025812088,0.96378896882494,0.7680473938177822,0.7089328537170264,8340.0,8340.0,1.0,1274.0,1275.0
0.956457964126982,0.639689300927086,0.9626696832579186,0.7686286316423303,0.7102187028657617,7956.0,7956.0,1.0,1275.0,1276.0
0.976455561372412,0.6465157353885678,0.9799221221708445,0.77904614491632,0.7220734972012656,8218.0,8218.0,1.0,1276.0,1277.0
0.9744743322761932,0.645121347201585,0.9773636818409205,0.7772252610641472,0.7198599299649825,7996.0,7996.0,1.0,1277.0,1278.0
0.9799630418617318,0.6479822540738844,0.9831715210355987,0.78113750899928,0.7245307443365696,7725.0,7725.0,1.0,1278.0,1279.0
0.9783805977322452,0.646405772966972,0.9861679604798871,0.7809321560299541,0.7233592095977417,7085.0,7085.0,1.0,1279.0,1280.0
0.9779205990669315,0.644294722294204,0.9811891607471718,0.7778299181396319,0.7197448039989477,7602.0,7602.0,1.0,1280.0,1281.0
0.976162859953049,0.6423313933584389,0.9787428273343767,0.7756304257957833,0.7168753260302556,7668.0,7668.0,1.0,1281.0,1282.0
0.9722202657122799,0.643738010413812,0.973342541436464,0.7749491394952439,0.7173342541436464,7240.0,7240.0,1.0,1282.0,1283.0
0.9671784395758932,0.6401413832632785,0.9704561911658218,0.7714269268404996,0.7124547429398986,6905.0,6905.0,1.0,1283.0,1284.0
0.9651983206871029,0.6396496952004808,0.9708105290591608,0.7711816158583924,0.711949439666406,7674.0,7674.0,1.0,1284.0,1285.0
0.9653700853005356,0.642031686859273,0.9702816901408451,0.7727425687044307,0.7146478873239437,7100.0,7100.0,1.0,1285.0,1286.0
0.9661235360270279,0.6417767566532644,0.9694866232827187,0.7723057427567537,0.7141720896601591,6915.0,6915.0,1.0,1286.0,1287.0
0.9716373358680422,0.6410307831144089,0.9800705196995247,0.7750969932104753,0.7156216464816803,6523.0,6523.0,1.0,1287.0,1288.0
0.9732259779849602,0.6452732775502937,0.9764278017241379,0.7770393396934291,0.7198275862068966,7424.0,7424.0,1.0,1288.0,1289.0
0.9811821878282079,0.6475799682924555,0.9858035207268597,0.7816738897956886,0.7246592844974447,7044.0,7044.0,1.0,1289.0,1290.0
0.9797345679368581,0.6433404018984146,0.9818153798736323,0.7773304050756467,0.7187548158421945,6489.0,6489.0,1.0,1290.0,1291.0
0.9829429206980027,0.6472887982321944,0.9856347871101333,0.7814087108192684,0.7242785039471982,7727.0,7727.0,1.0,1291.0,1292.0
0.9850974735681628,0.6486829577911774,0.98863361547763,0.7833668678739101,0.7266021765417171,8270.0,8270.0,1.0,1292.0,1293.0
0.961054023368068,0.6411242835832613,0.9637672607104921,0.77001414427157,0.7121444588693497,8473.0,8473.0,1.0,1293.0,1294.0
0.9719552550109599,0.6459986649855374,0.9778825642752891,0.7780259044216168,0.7210059503761087,8907.0,8907.0,1.0,1294.0,1295.0
0.9783102968915547,0.6426573426573426,0.9834135901551632,0.7773313596954958,0.7182985553772071,7476.0,7476.0,1.0,1295.0,1296.0
0.9831619206372294,0.6482734984148745,0.986312084473993,0.782338951504498,0.7255898839786208,7671.0,7671.0,1.0,1296.0,1297.0
0.9799771245860482,0.6443129520052597,0.9829488465396189,0.778395552025417,0.720160481444333,6979.0,6979.0,1.0,1297.0,1298.0
0.9868097685310964,0.6497942780595158,0.989797405626002,0.7845425138632163,0.7281737356070543,6861.0,6861.0,1.0,1298.0,1299.0
0.9758395609319925,0.6430386896356961,0.9787935234274251,0.7761617997954778,0.7177246023785643,6979.0,6979.0,1.0,1299.0,1300.0
0.981394837946538,0.6435447057656049,0.9834698210494389,0.7779977205926459,0.7193660903851987,6594.0,6594.0,1.0,1300.0,1301.0
0.9768143909471897,0.6449255503790993,0.9815098011956068,0.7783902976846747,0.7205616571666899,7193.0,7193.0,1.0,1301.0,1302.0
0.9354306113696294,0.6346077260055755,0.9333723824864548,0.75552658092811,0.6979792063259628,6829.0,6829.0,1.0,1302.0,1303.0
0.9816664281041887,0.6446199407699901,0.9851872171169935,0.7793208202235,0.7210259223700453,7291.0,7291.0,1.0,1303.0,1304.0
0.9774424277043721,0.6485749223967642,0.9823336657643539,0.7813031161473087,0.7250320558484115,7019.0,7019.0,1.0,1304.0,1305.0
0.9664004204200799,0.6418014085904176,0.9705970597059705,0.772675703111005,0.7144464446444645,6666.0,6666.0,1.0,1305.0,1306.0
0.9625785703249384,0.6398467432950191,0.9651784424216153,0.7695409250619204,0.7109521745412513,6921.0,6921.0,1.0,1306.0,1307.0
0.9808640292946276,0.648036253776435,0.9830993984531653,0.7811539774667122,0.7245774849613291,6982.0,6982.0,1.0,1307.0,1308.0
0.9682447707147659,0.6457969326344399,0.9749413833528722,0.7769473315426836,0.72010550996483,6824.0,6824.0,1.0,1308.0,1309.0
0.9701546463155704,0.642617860936351,0.9747180567604412,0.7745715974000394,0.7163217251208328,8069.0,8069.0,1.0,1309.0,1310.0
0.9764717080245433,0.6486409966024915,0.9772501066401251,0.7797379318168927,0.7239442627612683,7033.0,7033.0,1.0,1310.0,1311.0
0.9743233497058706,0.6459802538787024,0.9750782717595492,0.7771234654157102,0.7203506574827803,7985.0,7985.0,1.0,1311.0,1312.0
0.9807584436933865,0.6431449884249335,0.9820633673736581,0.777265426661831,0.7185781618224666,7638.0,7638.0,1.0,1312.0,1313.0
0.9802656784645218,0.6443867618429591,0.9847003824904378,0.7789980948111621,0.7206403173254002,7059.0,7059.0,1.0,1313.0,1314.0
0.982392817924548,0.6446866485013624,0.9832386757168583,0.7787591200833837,0.720667682504502,7219.0,7219.0,1.0,1314.0,1315.0
0.9854082312322916,0.647178272273458,0.9895213454075032,0.7825464218118574,0.7250323415265201,7730.0,7730.0,1.0,1315.0,1316.0
0.9785672355063179,0.6455045220783827,0.9803393482359278,0.7784431137724551,0.7209803393482359,7426.0,7426.0,1.0,1316.0,1317.0
0.9591026592260089,0.6406010978133717,0.9626774847870182,0.7692889561270801,0.711291413116971,7395.0,7395.0,1.0,1317.0,1318.0
0.9718306274983651,0.6429598389724911,0.9740090024684187,0.77459584295612,0.7165674459125889,6887.0,6887.0,1.0,1318.0,1319.0
0.9809214366182339,0.6498953775917824,0.9834484743811168,0.7826136754094606,0.7268278641335636,6948.0,6948.0,1.0,1319.0,1320.0
0.9714691388584336,0.6428639984643439,0.9759580358443829,0.7751417659993056,0.7168876584584001,6863.0,6863.0,1.0,1320.0,1321.0
0.9731442872509907,0.6457701711491443,0.9746125461254612,0.7768235294117647,0.72,6775.0,6775.0,1.0,1321.0,1322.0
0.9692089506269957,0.63989101841413,0.9710578842315369,0.7714350436062974,0.7122897063016823,7014.0,7014.0,1.0,1322.0,1323.0
0.9693241577611101,0.6410304982004168,0.9704617149412103,0.7720739219712526,0.713507312876398,6974.0,6974.0,1.0,1323.0,1324.0
0.9752151045661227,0.6478819244776691,0.9801362911410758,0.7801050141365183,0.7237204581702189,6897.0,6897.0,1.0,1324.0,1325.0
0.9738091354825142,0.6431662979705685,0.976774758983348,0.7756190918053703,0.7174262342973999,6846.0,6846.0,1.0,1325.0,1326.0
0.966863171281927,0.6418355797921597,0.9708949416342413,0.772794846382557,0.7145525291828794,6425.0,6425.0,1.0,1326.0,1327.0
0.9387231921224799,0.6343958352360947,0.9495557074504443,0.7606219886114761,0.701161995898838,7315.0,7315.0,1.0,1327.0,1328.0
0.9677498972790357,0.6402337228714524,0.971706081081081,0.7718886279771888,0.7128378378378378,7104.0,7104.0,1.0,1328.0,1329.0
0.9839005028073754,0.6476053035086137,0.9880280721067841,0.7823907595074643,0.7251960919223889,7267.0,7267.0,1.0,1329.0,1330.0
0.9757993444901679,0.6433481976960238,0.9776930679090781,0.7760407911693842,0.7178455456727375,7083.0,7083.0,1.0,1330.0,1331.0
0.9818261943720284,0.6469990860160455,0.9856126237623762,0.7811906075654467,0.7239325495049505,6464.0,6464.0,1.0,1331.0,1332.0
0.9748107840239233,0.6450817426248973,0.9787971175166297,0.7776493256262043,0.7201358093126385,7216.0,7216.0,1.0,1332.0,1333.0
0.9751429792634942,0.6422329231317996,0.9786655795624406,0.7755343778603349,0.7167414050822123,7359.0,7359.0,1.0,1333.0,1334.0
0.9794383339069166,0.6466283324621014,0.9826558983185489,0.7799905417476748,0.7228253674036806,7553.0,7553.0,1.0,1334.0,1335.0
0.9427158911604373,0.6295631895237241,0.9437945408094662,0.755299687937157,0.6942315449778136,7437.0,7437.0,1.0,1335.0,1336.0
0.9590405224729857,0.6415745155726894,0.9624105919951301,0.7699050401753105,0.7123725460356111,6571.0,6571.0,1.0,1336.0,1337.0
0.9768110304175189,0.6448062986490114,0.982683392418871,0.778672140889201,0.7206844832287974,7334.0,7334.0,1.0,1337.0,1338.0
0.9697075722491341,0.6449358690844759,0.9726520811099253,0.7755970427104941,0.7185832443970117,7496.0,7496.0,1.0,1338.0,1339.0
0.9464053703228914,0.6299642386598908,0.9501774308019872,0.7576254880878275,0.6960255500354862,7045.0,7045.0,1.0,1339.0,1340.0
0.9702505263989794,0.6445355191256831,0.9707818930041152,0.774712643678161,0.7176954732510288,7290.0,7290.0,1.0,1340.0,1341.0
0.9689030705561775,0.6421138358519591,0.9711235801286437,0.7730689617605404,0.7149308881894074,7307.0,7307.0,1.0,1341.0,1342.0
0.9779655173657146,0.6388693820224719,0.9796742495625252,0.7733914244726635,0.7129492529277157,7429.0,7429.0,1.0,1342.0,1343.0
0.9799188599286118,0.6470197418375095,0.98270145596079,0.7802895896526069,0.7232953726394695,6937.0,6937.0,1.0,1343.0,1344.0
0.9771463953846832,0.6433101781938991,0.9793103448275862,0.7765220561429093,0.7181609195402299,6525.0,6525.0,1.0,1344.0,1345.0
0.959274686256466,0.6402736131934033,0.9584794501332585,0.7677096792315038,0.7099873755084865,7129.0,7129.0,1.0,1345.0,1346.0
0.9729714637368495,0.6420243115852146,0.9751318764129616,0.7742707554225878,0.7157121326299924,7962.0,7962.0,1.0,1346.0,1347.0
0.979151427693114,0.648542385884158,0.9824230098779779,0.7813077634011091,0.7250145264381174,6884.0,6884.0,1.0,1347.0,1348.0
0.9660621972318341,0.6406829268292683,0.965735294117647,0.7703225806451612,0.7120588235294117,6800.0,6800.0,1.0,1348.0,1349.0
0.9727259108898915,0.6478202340271306,0.9738480697384807,0.7780610658541135,0.7222135740971357,6424.0,6424.0,1.0,1349.0,1350.0
0.970031350889505,0.6412686497138032,0.9719812259991466,0.7727272727272727,0.7141231688237804,7031.0,7031.0,1.0,1350.0,1351.0
0.9837116024589092,0.650097054603764,0.9846606161319187,0.783143554290362,0.7273424517448549,7823.0,7823.0,1.0,1351.0,1352.0
0.980842247361464,0.6416720734081008,0.9824038597984958,0.7762951334379906,0.7169008088548319,7047.0,7047.0,1.0,1352.0,1353.0
0.9798633536983359,0.6411924645562245,0.9830281375614114,0.7761387011460477,0.7164656840851571,6717.0,6717.0,1.0,1353.0,1354.0
0.9802690454101362,0.6447281945357244,0.983810888252149,0.7789688616641144,0.7208452722063037,6980.0,6980.0,1.0,1354.0,1355.0
0.9659561676778706,0.6480431083380601,0.9691785663791884,0.7767265310747267,0.7214053442669306,7073.0,7073.0,1.0,1355.0,1356.0
0.978706388089034,0.6475563073088222,0.9813815434430653,0.7802628050415661,0.7236238532110092,7412.0,7412.0,1.0,1356.0,1357.0
0.9470729657665511,0.6394798036344845,0.9493670886075949,0.7642033758748457,0.7070707070707071,7821.0,7821.0,1.0,1357.0,1358.0
0.9501109490220933,0.6386675024626131,0.9624831309041836,0.767831189104807,0.708974358974359,7410.0,7410.0,1.0,1358.0,1359.0
0.9662219698478933,0.6417617992843755,0.9743888242142026,0.7738456006985464,0.7152373560988229,7731.0,7731.0,1.0,1359.0,1360.0
0.9723313830950131,0.6403018719984318,0.9749291150574542,0.7729531471840985,0.7136248321146098,6701.0,6701.0,1.0,1360.0,1361.0
0.9518757172466246,0.634619208590177,0.9471731710936341,0.7600166696433887,0.7009200178067962,6739.0,6739.0,1.0,1361.0,1362.0
0.969351253120313,0.6415608838740009,0.9730462065031374,0.773275910919703,0.7147033656588705,7012.0,7012.0,1.0,1362.0,1363.0
0.9690874050618912,0.6451829472977509,0.9730413871661815,0.7758994802442347,0.718959625363878,7901.0,7901.0,1.0,1363.0,1364.0
0.9715194639600743,0.6446115765422696,0.974104445403539,0.775823546261816,0.7185297079556898,6951.0,6951.0,1.0,1364.0,1365.0
0.9591073627946702,0.6481185658501952,0.9662609155861339,0.7758419207479018,0.7208256152421275,7558.0,7558.0,1.0,1365.0,1366.0
0.9650341763404287,0.6445407279029463,0.9702582833289851,0.7745496199104447,0.7175841377511087,7666.0,7666.0,1.0,1366.0,1367.0
0.9719046576357794,0.6459989934574736,0.9722769277382215,0.7762457668118046,0.7197394334191789,6601.0,6601.0,1.0,1367.0,1368.0
0.9695778217751436,0.6406998158379373,0.9753294084664984,0.7733689007446927,0.7141855901317634,7134.0,7134.0,1.0,1368.0,1369.0
0.9811772373575913,0.6447551060876462,0.9859005457853245,0.7796427286896056,0.7213462704669497,6596.0,6596.0,1.0,1369.0,1370.0
0.9722442576340579,0.6441610861388863,0.9770418811743425,0.7764263600176913,0.7186586893001252,7187.0,7187.0,1.0,1370.0,1371.0
0.9582341894889597,0.6372650864104259,0.9620758483033932,0.7666874964494689,0.7072284003421728,7014.0,7014.0,1.0,1371.0,1372.0
0.9708734085246741,0.6439920556107249,0.972993248312078,0.7750224081266807,0.7175543885971493,6665.0,6665.0,1.0,1372.0,1373.0
0.9785322997344661,0.6440338722093918,0.9830787309048179,0.7782325581395348,0.7198589894242068,8510.0,8510.0,1.0,1373.0,1374.0
0.9805565695238955,0.645877378435518,0.9841610738255033,0.7799170301031805,0.7222818791946308,7450.0,7450.0,1.0,1374.0,1375.0
0.9719818705544634,0.6459006758742286,0.9760213143872114,0.7773651635720601,0.7204706927175843,6756.0,6756.0,1.0,1375.0,1376.0
0.9840138529066663,0.64287841191067,0.9870466321243523,0.7786259541984732,0.7193690947881743,6562.0,6562.0,1.0,1376.0,1377.0
0.9666802282997747,0.6421592815553143,0.9675836431226765,0.7719776960493534,0.7142007434944238,6725.0,6725.0,1.0,1377.0,1378.0
0.9648270613663543,0.6402031793810554,0.9651162790697675,0.7697788836735848,0.7113584798638684,7052.0,7052.0,1.0,1378.0,1379.0
0.9708255825299525,0.6456846838041247,0.9731879787860931,0.7763088313061872,0.7195786682380672,6788.0,6788.0,1.0,1379.0,1380.0
0.9517252816095889,0.6369457186544343,0.9537779049799656,0.7638093055237222,0.7050658271322267,6988.0,6988.0,1.0,1380.0,1381.0
0.9639443083152611,0.6426896012509773,0.9629051151893792,0.7708658955923726,0.7137836782506833,7683.0,7683.0,1.0,1381.0,1382.0
0.9617304259991457,0.6419481827336813,0.9642464246424642,0.7707611981313548,0.7132150715071507,7272.0,7272.0,1.0,1382.0,1383.0
0.9708465513999541,0.6440853142910833,0.9717890558548341,0.7747075775555179,0.7173943861638786,7054.0,7054.0,1.0,1383.0,1384.0
0.9747880559794828,0.6452853726998649,0.9799494790022103,0.7781608474895004,0.7206346700347331,6334.0,6334.0,1.0,1384.0,1385.0
0.9706599195689216,0.6462426669149828,0.9748560191038067,0.7772426923507672,0.7206068268015171,7119.0,7119.0,1.0,1385.0,1386.0
0.9808070142652744,0.6463904398080126,0.9875785692906316,0.7813628559587946,0.7236605806644717,6682.0,6682.0,1.0,1386.0,1387.0
0.9777277364144861,0.6460023703163461,0.9810328118510314,0.7790237467018469,0.7217222760625779,7223.0,7223.0,1.0,1387.0,1388.0
0.9754900823051906,0.6463317384370016,0.976653110408194,0.777877751784536,0.7211176381985239,6639.0,6639.0,1.0,1388.0,1389.0
0.9676804092267193,0.6373316630128406,0.9682791435368755,0.7686980609418282,0.7086439333862015,6305.0,6305.0,1.0,1389.0,1390.0
0.9754008500914224,0.6483216237314599,0.9792188651436994,0.7801326836141608,0.7240235814296242,6785.0,6785.0,1.0,1390.0,1391.0
0.9793196956501876,0.6515545202042827,0.9836331665088597,0.7838740972297079,0.7287975111592047,7393.0,7393.0,1.0,1391.0,1392.0
0.9668055095751878,0.6447817836812144,0.9678154371973796,0.7739437421705956,0.7173170037026488,7022.0,7022.0,1.0,1392.0,1393.0
0.9681575351136879,0.6444650301065308,0.9693465236171103,0.774204317827732,0.717291347359621,7177.0,7177.0,1.0,1393.0,1394.0
0.9579508371751156,0.6401957846368994,0.9608695652173913,0.7684191595228104,0.7104197901049475,6670.0,6670.0,1.0,1394.0,1395.0
0.9651104988192615,0.6473532405836444,0.9666835571319989,0.7754293262879789,0.7200405371167976,7894.0,7894.0,1.0,1395.0,1396.0
0.9690266241263509,0.6428442028985507,0.9741935483870968,0.7745702592087312,0.7164722031571723,7285.0,7285.0,1.0,1396.0,1397.0
0.9728776361472614,0.6420759594352754,0.9762660619803477,0.7746656270617166,0.7160241874527589,6615.0,6615.0,1.0,1397.0,1398.0
0.9675182124080389,0.6438180019782394,0.9758620689655172,0.7758045292014303,0.7179910044977511,6670.0,6670.0,1.0,1398.0,1399.0
0.9789802584187898,0.6451035781544256,0.9827858269975613,0.7789210391677562,0.72105867163965,6971.0,6971.0,1.0,1399.0,1400.0
0.9768227967365486,0.641665010927876,0.9781917310313494,0.7749715039894415,0.715962441314554,6603.0,6603.0,1.0,1400.0,1401.0
0.9743511778721672,0.6435663423929395,0.9790967348184315,0.7766414523449319,0.7184162343606958,6554.0,6554.0,1.0,1401.0,1402.0
0.980199017596949,0.6429649188985288,0.9827039492649179,0.7773343974461293,0.7185067742865379,6938.0,6938.0,1.0,1402.0,1403.0
0.9776357232238269,0.6426536800514564,0.9799635701275046,0.7762486126526082,0.7175283732660782,7137.0,7137.0,1.0,1403.0,1404.0
0.9682758512590769,0.6418375013416335,0.9714100064977258,0.7729593485426226,0.7146686159844055,6156.0,6156.0,1.0,1404.0,1405.0
0.9765551428165851,0.6454545454545455,0.9816563997262149,0.7788216128156394,0.7212183436002738,7305.0,7305.0,1.0,1405.0,1406.0
0.9750669278082481,0.6401869158878505,0.9753831302039339,0.7730120021039545,0.7135875467599855,8287.0,8287.0,1.0,1406.0,1407.0
0.9583463305599011,0.640606164973308,0.9603717568090874,0.768555343215743,0.7107912740415645,7747.0,7747.0,1.0,1407.0,1408.0
0.978983612118294,0.6433882352941176,0.9826074457381055,0.7776134683198725,0.718988069570217,6957.0,6957.0,1.0,1408.0,1409.0
0.9674456099596558,0.6447436029185079,0.9676125848241826,0.7738513721862473,0.7172270203578038,6484.0,6484.0,1.0,1409.0,1410.0
0.9723493400966563,0.6398547435315479,0.9767184035476718,0.7731885250397674,0.7134839246119734,7216.0,7216.0,1.0,1410.0,1411.0
0.9728988186670711,0.640634428066546,0.9737945492662474,0.7728383507513128,0.713770964360587,7632.0,7632.0,1.0,1411.0,1412.0
0.9680813705365793,0.6432626797880394,0.972254004576659,0.774259681093394,0.7165331807780321,6992.0,6992.0,1.0,1412.0,1413.0
0.9704177234444276,0.6432598160419345,0.9761368752814048,0.7754858709908191,0.7173945670118566,6663.0,6663.0,1.0,1413.0,1414.0
0.9717044184232293,0.6420850128252107,0.9718524681087077,0.773278905560459,0.7150582362728786,7212.0,7212.0,1.0,1414.0,1415.0
0.9770226223431926,0.648619768477293,0.9811422413793104,0.7809585075587006,0.7248114224137931,7424.0,7424.0,1.0,1415.0,1416.0
0.9817307708753011,0.6455220620358235,0.9861185264281901,0.7802714263082854,0.7223037907100908,7492.0,7492.0,1.0,1416.0,1417.0
0.969253931125481,0.644658374510138,0.973498005917921,0.7756650094818308,0.718448475492088,7773.0,7773.0,1.0,1417.0,1418.0
0.9801777595221493,0.6448736998514116,0.9827651276890175,0.7787469471165828,0.7207824883633162,7949.0,7949.0,1.0,1418.0,1419.0
0.9712061252270742,0.6413996700529652,0.9724855186940495,0.772981740176843,0.7143891521853607,7596.0,7596.0,1.0,1419.0,1420.0
0.9718663079489844,0.6460567823343849,0.9760348583877996,0.7774825098974999,0.7206563180827886,7344.0,7344.0,1.0,1420.0,1421.0
0.9764069120690647,0.6428436555891238,0.9804175665946724,0.7765296230826253,0.7178545716342692,6945.0,6945.0,1.0,1421.0,1422.0
0.9789062915592452,0.6453023963484215,0.98205499276411,0.7788362217376334,0.7211287988422576,6910.0,6910.0,1.0,1422.0,1423.0
0.9693157680312752,0.6436132674664785,0.974749498997996,0.775304181499389,0.7175016700066801,7485.0,7485.0,1.0,1423.0,1424.0
0.9789532345742816,0.6430085815244826,0.9822640345465762,0.7772286289584477,0.7184608266502159,6484.0,6484.0,1.0,1424.0,1425.0
0.972429981794405,0.6409465953395593,0.976516093383064,0.7739216115611999,0.7147396049178063,7239.0,7239.0,1.0,1425.0,1426.0
0.9730174518676792,0.6420043245275924,0.976967095851216,0.7748340613831055,0.7160944206008584,6990.0,6990.0,1.0,1426.0,1427.0
0.9678177829713985,0.6379029943556873,0.9731465265615878,0.7706443224501589,0.7103765323992994,6852.0,6852.0,1.0,1427.0,1428.0
0.9514092982223632,0.6407619388302629,0.957247828991316,0.7676648631274442,0.7102872411489646,7485.0,7485.0,1.0,1428.0,1429.0
0.9661143653555373,0.6439799619968907,0.972479457414895,0.7748506105481944,0.7174253293335072,7667.0,7667.0,1.0,1429.0,1430.0
0.9650192790233114,0.6433384674624567,0.9724970896391153,0.7743916570104288,0.7166763678696159,6872.0,6872.0,1.0,1430.0,1431.0
0.9740836597649691,0.6396462113613568,0.9813933967543369,0.774496273806238,0.7142557358701734,7148.0,7148.0,1.0,1431.0,1432.0
0.9595134785972947,0.6356249429380079,0.9697729488786739,0.7679241120670638,0.7069229697729489,7179.0,7179.0,1.0,1432.0,1433.0
0.9393532314310807,0.6331392271042879,0.9395129615082483,0.756483238456673,0.6975648075412412,7638.0,7638.0,1.0,1433.0,1434.0
0.970044229547869,0.6418974954387129,0.980119032544004,0.7757454272112253,0.7166645561605673,7897.0,7897.0,1.0,1434.0,1435.0
0.9617088348771972,0.6388701517706576,0.9660844064771134,0.7691214535857483,0.7099961749330613,7843.0,7843.0,1.0,1435.0,1436.0
0.9546270299855969,0.6406983447253561,0.9639449882294635,0.7697635302265756,0.7116838062197993,8071.0,8071.0,1.0,1436.0,1437.0
0.9652616818136255,0.6392628664184092,0.9674855491329479,0.769849939630886,0.7107658959537573,6920.0,6920.0,1.0,1437.0,1438.0
0.9766895606823627,0.6425187354638643,0.9795141168745897,0.7760091552226384,0.717268548916612,7615.0,7615.0,1.0,1438.0,1439.0
0.9675265055737139,0.6427219616555583,0.9673065015479876,0.7722958275657504,0.7147987616099071,8075.0,8075.0,1.0,1439.0,1440.0
0.9459341972985145,0.6371533871533872,0.9407877688520342,0.759757245997698,0.7025136045607671,7718.0,7718.0,1.0,1440.0,1441.0
0.9521596980990977,0.6393525972375222,0.9555471124620061,0.7661065136822867,0.7082700101317123,7896.0,7896.0,1.0,1441.0,1442.0
0.9607293605489803,0.6380970540566308,0.9617761172582268,0.767193947730399,0.7081477223739043,6959.0,6959.0,1.0,1442.0,1443.0
0.9730699941759386,0.6481033091202583,0.9784727863525589,0.7797378216539893,0.7235987002437043,7386.0,7386.0,1.0,1443.0,1444.0
0.9702590260260516,0.63934744610604,0.9733885274985216,0.7717735318251084,0.7121525724423418,6764.0,6764.0,1.0,1444.0,1445.0
0.9557475433554666,0.6389859267391955,0.9593885808481942,0.7670740474478792,0.7086767570807733,6673.0,6673.0,1.0,1445.0,1446.0
0.9367176769238634,0.6371074162048034,0.9397871788216974,0.7593981020290463,0.7022450038930703,7706.0,7706.0,1.0,1446.0,1447.0
0.9513055457132173,0.6368247752958974,0.9536247334754797,0.7636732298169788,0.7048907249466951,7504.0,7504.0,1.0,1447.0,1448.0
0.9517803716616192,0.6398768809849521,0.9570332480818414,0.7669604427136708,0.7092071611253197,7820.0,7820.0,1.0,1448.0,1449.0
0.9625028006111799,0.6467764060356653,0.9710387437250612,0.776411259198271,0.7203629810786459,7769.0,7769.0,1.0,1449.0,1450.0
0.9602915138895739,0.6385498923187365,0.9620116263350007,0.7675961382881182,0.7087332702446938,7397.0,7397.0,1.0,1450.0,1451.0
0.9553183638809679,0.6356884226162844,0.953886876567289,0.7629394395230932,0.7036082474226805,7178.0,7178.0,1.0,1451.0,1452.0
0.969178399065573,0.6405900759946357,0.9699472045485312,0.7715916433340513,0.7128739677812373,7387.0,7387.0,1.0,1452.0,1453.0
0.9661591084798178,0.6408511371467953,0.9686197916666667,0.7713604313562837,0.712890625,7680.0,7680.0,1.0,1453.0,1454.0
0.9533751315428022,0.6406702342310729,0.9573938122705821,0.7676459767698534,0.7102123754588359,7628.0,7628.0,1.0,1454.0,1455.0
0.9672481393746346,0.6379632098107172,0.9705285926727052,0.7698659517426274,0.7098823847505745,7397.0,7397.0,1.0,1455.0,1456.0
0.9351171585356329,0.6315441939439675,0.9210345301967259,0.7493005036373811,0.6918420690603935,7269.0,7269.0,1.0,1456.0,1457.0
0.9797955006489778,0.6437415196743554,0.9835449598341539,0.7781650435674013,0.719616480953615,7718.0,7718.0,1.0,1457.0,1458.0
0.9805911159386264,0.6452451375817873,0.982396288209607,0.7789018122802273,0.7211381004366813,7328.0,7328.0,1.0,1458.0,1459.0
0.9315982109543414,0.6339055412256516,0.9350564156389399,0.7555791147627883,0.6975203358698504,7622.0,7622.0,1.0,1459.0,1460.0
0.9795968654160061,0.6408859201968712,0.9842083951950331,0.7762814712301059,0.7163584829261709,7409.0,7409.0,1.0,1460.0,1461.0
0.9828773777175871,0.6435120178409185,0.9859529233105543,0.7787495626967864,0.7198810427739812,7902.0,7902.0,1.0,1461.0,1462.0
0.9723551832434985,0.6433266146700553,0.9756778309409888,0.775389490361764,0.7173710792131844,7524.0,7524.0,1.0,1462.0,1463.0
0.9785078247772351,0.6453091476496977,0.9808775570708568,0.7784705882352941,0.7208716276311888,6746.0,6746.0,1.0,1463.0,1464.0
0.9751642928315254,0.6472540736270368,0.9796011569493074,0.7794803464357095,0.7228649718374182,6569.0,6569.0,1.0,1464.0,1465.0
0.9611264032970537,0.6419819336374206,0.9627145922746781,0.7702956484412727,0.7129157725321889,7456.0,7456.0,1.0,1465.0,1466.0
0.9506367586096939,0.6356066613798572,0.9541666666666667,0.7629700142789148,0.7035714285714286,6720.0,6720.0,1.0,1466.0,1467.0
0.9549801958272481,0.6341247167766723,0.9563214975486555,0.762587371164554,0.7022730649234883,6731.0,6731.0,1.0,1467.0,1468.0
0.9513725680180799,0.6361226808027263,0.9498233215547703,0.7619479562333465,0.7032508833922262,7075.0,7075.0,1.0,1468.0,1469.0
0.9652240596636977,0.6439712583245706,0.9677376876481433,0.7733347363990318,0.716355017118778,7594.0,7594.0,1.0,1469.0,1470.0
0.9622620629619021,0.6407820713824587,0.9740642086078789,0.7730307076101469,0.7140053273517454,7133.0,7133.0,1.0,1470.0,1471.0
0.9759455818059083,0.645698500394633,0.9787055867926785,0.778068381758524,0.7208398133748056,8359.0,8359.0,1.0,1471.0,1472.0
0.9672775398917635,0.6414075428969602,0.9722735674676525,0.7729204933088428,0.7143517296012675,7574.0,7574.0,1.0,1472.0,1473.0
0.9798750327330913,0.6437125748502994,0.9835844994617868,0.7781562699595487,0.7195909580193757,7432.0,7432.0,1.0,1473.0,1474.0
0.9559140936806948,0.6374989308014712,0.9594490216271885,0.7660208643815202,0.7069387229660145,7768.0,7768.0,1.0,1474.0,1475.0
0.9264333256761728,0.6272644098810612,0.9274891774891775,0.7483899137648728,0.6881764069264069,7392.0,7392.0,1.0,1475.0,1476.0
0.9723758460772245,0.6436581898594219,0.9720896946564885,0.7744939655991637,0.7169608778625954,8384.0,8384.0,1.0,1476.0,1477.0
0.9432842022267401,0.6317300789662599,0.944206008583691,0.7569892473118279,0.6968884120171673,7456.0,7456.0,1.0,1477.0,1478.0
0.9740364306838989,0.6442585112521638,0.9755351681957186,0.776020851433536,0.718435998252512,6867.0,6867.0,1.0,1478.0,1479.0
0.9731347705842346,0.6380557515878617,0.9812779812779813,0.77329341957556,0.712318545651879,7371.0,7371.0,1.0,1479.0,1480.0
0.9802914064440204,0.6450340623879527,0.9815850497885691,0.7784929950776222,0.7207065884599645,7331.0,7331.0,1.0,1480.0,1481.0
0.9621749067618387,0.6389239176124422,0.962390781309358,0.7679870654810024,0.7092566797518045,7897.0,7897.0,1.0,1481.0,1482.0
0.9764488752847142,0.6481923601637107,0.9834411384217335,0.7813752698119025,0.7248382923673997,7730.0,7730.0,1.0,1482.0,1483.0
0.9842800984364352,0.6446360153256705,0.9866719978675197,0.7797967030073208,0.7213781154204985,7503.0,7503.0,1.0,1483.0,1484.0
0.9763941872362248,0.6422192822887383,0.9799394398183194,0.775924075924076,0.7170073176886197,7926.0,7926.0,1.0,1484.0,1485.0
0.9749677269455052,0.6431173231681491,0.9798657718120806,0.776556027208101,0.718056272586474,7748.0,7748.0,1.0,1485.0,1486.0
0.9728574357794586,0.6398267546018309,0.9765625,0.7731192387749034,0.7134164663461539,6656.0,6656.0,1.0,1486.0,1487.0
0.9651725446895212,0.6373307543520309,0.971976401179941,0.7698598130841121,0.7094395280235988,7458.0,7458.0,1.0,1487.0,1488.0
0.9686359912100262,0.6403188872869138,0.9726874516877093,0.7722600112514704,0.7131538263334192,7762.0,7762.0,1.0,1488.0,1489.0
0.9681142309701862,0.6457737527804258,0.9756361017762842,0.777151051625239,0.7202352376380221,8332.0,8332.0,1.0,1489.0,1490.0
0.9685366003033059,0.6428051443824314,0.969619326500732,0.7730920764628629,0.7154099560761347,8196.0,8196.0,1.0,1490.0,1491.0
0.9786264909509134,0.6449188727583263,0.9803972478255225,0.778035337145212,0.720303777748929,7703.0,7703.0,1.0,1491.0,1492.0
0.9674238989782744,0.642998772542725,0.9741095694464311,0.7746558980775794,0.7166356744385639,6991.0,6991.0,1.0,1492.0,1493.0
0.9757042908937986,0.6412532637075719,0.9796569605105704,0.7751301877860186,0.7157957718388512,7521.0,7521.0,1.0,1493.0,1494.0
0.9719291584930336,0.6438471623899606,0.975177304964539,0.7756092057761733,0.7178723404255319,7050.0,7050.0,1.0,1494.0,1495.0
0.9152094377929054,0.6227031060535397,0.9099086820226251,0.7393952818695315,0.6792967152787243,7337.0,7337.0,1.0,1495.0,1496.0
0.9511427343732599,0.6423101180286512,0.9712534059945505,0.7732523455718857,0.7151907356948229,7340.0,7340.0,1.0,1496.0,1497.0
0.9651656927077821,0.6400029327663318,0.973349687778769,0.7722386871323041,0.7129237288135594,8968.0,8968.0,1.0,1497.0,1498.0
0.9866919649166044,0.6462536023054755,0.9900662251655629,0.7820401046207498,0.7240618101545254,6342.0,6342.0,1.0,1498.0,1499.0
0.9801973185077762,0.642393527162799,0.9812576395490968,0.7764642665233745,0.7175064511747928,7363.0,7363.0,1.0,1499.0,1500.0
0.9800756746218597,0.6496114555138391,0.9801080226584112,0.7813484562066793,0.7257278355947833,7591.0,7591.0,1.0,1500.0,1501.0
0.9200475948704445,0.6345946841102923,0.9093497864261983,0.7475249939039259,0.6928690080683436,8428.0,8428.0,1.0,1501.0,1502.0
0.9698185264355056,0.6444842173771559,0.9721438213277703,0.7751088498605744,0.7179408516382378,8149.0,8149.0,1.0,1502.0,1503.0
0.9722391776024301,0.6419601548484563,0.9778512872141522,0.7750797993616051,0.7162375952826118,6953.0,6953.0,1.0,1503.0,1504.0
0.9734055133802778,0.6442367051768233,0.975430631593003,0.7759719566602932,0.7183869675524102,7489.0,7489.0,1.0,1504.0,1505.0
0.9785488178677334,0.6442537475559418,0.9809791597750579,0.7777340676632573,0.7196493549454185,6046.0,6046.0,1.0,1505.0,1506.0
0.9815649133468053,0.6495642016353671,0.9847432229941425,0.7827828911748782,0.7267402261272307,7341.0,7341.0,1.0,1506.0,1507.0
0.9751972355493305,0.6402291039704883,0.9797949784578814,0.7744246124941288,0.7146040707175754,6731.0,6731.0,1.0,1507.0,1508.0
0.9649708417462602,0.6448082405959716,0.9675683135523048,0.7738837684198907,0.7172922991995584,7246.0,7246.0,1.0,1508.0,1509.0
0.9694626554288994,0.6469224440954304,0.9727845254161044,0.7770740690832323,0.7209289248762933,8892.0,8892.0,1.0,1509.0,1510.0
0.9786750067703365,0.6508131328628414,0.9860529986052998,0.7841035120147875,0.7284983728498373,8604.0,8604.0,1.0,1510.0,1511.0
0.9721255431941321,0.6403990024937656,0.977540921202893,0.7738436040379689,0.7143129044537495,7881.0,7881.0,1.0,1511.0,1512.0
0.9753069241621447,0.6469612294795669,0.9806750496360026,0.7796075130215184,0.7227663798808736,7555.0,7555.0,1.0,1512.0,1513.0
0.9740964426185285,0.6420873992363173,0.9792933868254173,0.7756252562525625,0.7167076485052414,7727.0,7727.0,1.0,1513.0,1514.0
0.9758304379228537,0.6473906911142454,0.9863013698630136,0.7816923895689196,0.7245500940102069,7446.0,7446.0,1.0,1514.0,1515.0
0.9686183218885356,0.6430889033095393,0.974708444569341,0.7749106344950849,0.7168750878179008,7117.0,7117.0,1.0,1515.0,1516.0
0.966166647225459,0.6373185311699402,0.9685918234912394,0.768787020345094,0.7086956521739131,7705.0,7705.0,1.0,1516.0,1517.0
0.9766301283263717,0.6464845583403735,0.9823135073455997,0.7797780797101449,0.7225788047354158,7011.0,7011.0,1.0,1517.0,1518.0
0.976233840508425,0.6430822114007447,0.9775036284470247,0.7757875943097391,0.717489114658926,6890.0,6890.0,1.0,1518.0,1519.0
0.9715545889220569,0.6467217734360323,0.9756270369845543,0.7778342653787493,0.7213405129658496,7057.0,7057.0,1.0,1519.0,1520.0
0.980919543986552,0.6467826086956522,0.9849046610169492,0.7808104136048709,0.7235169491525424,7552.0,7552.0,1.0,1520.0,1521.0
0.9491091681105647,0.6358092572228331,0.9479803249366523,0.7611297271421733,0.7024891936205098,6709.0,6709.0,1.0,1521.0,1522.0
0.9790540595512717,0.6490284851914733,0.9825788947593889,0.7817097415506958,0.7256175924603742,7003.0,7003.0,1.0,1522.0,1523.0
0.975699832983461,0.6446849490965789,0.9785604900459418,0.7772862987946478,0.7196157594319922,7183.0,7183.0,1.0,1523.0,1524.0
0.969683938366591,0.6419065047413076,0.9733854692230071,0.7736340852130326,0.7151866801210898,7928.0,7928.0,1.0,1524.0,1525.0
0.9741392666418726,0.6433566433566433,0.9750189250567751,0.7752031297020764,0.7172596517789553,6605.0,6605.0,1.0,1525.0,1526.0
0.9798450400654073,0.6397661921372678,0.9831932773109243,0.7751442115483466,0.714792813677195,6902.0,6902.0,1.0,1526.0,1527.0
0.9845481958982589,0.6455220620358235,0.987436514300989,0.7806836793997992,0.7226009088479016,7482.0,7482.0,1.0,1527.0,1528.0
0.9634905738010635,0.6424824397617143,0.9828618063112078,0.7770310231732889,0.717967899891186,7352.0,7352.0,1.0,1528.0,1529.0
0.9796125257968111,0.6431752178121974,0.9825495415557527,0.777439737889071,0.7187222715173026,6762.0,6762.0,1.0,1529.0,1530.0
0.9803993660331374,0.6466003762429454,0.9808397880146759,0.7793974732750243,0.7223807582551978,7359.0,7359.0,1.0,1530.0,1531.0
0.976431332695831,0.643267776096823,0.9818349753694581,0.7772835293400768,0.7186730295566502,6496.0,6496.0,1.0,1531.0,1532.0
0.9701850499147797,0.6459429933459132,0.9765765765765766,0.777571881164445,0.7206456456456456,6660.0,6660.0,1.0,1532.0,1533.0
0.9756507267216696,0.6490782543265613,0.9792819639562934,0.7807002658521409,0.7249184049950333,7047.0,7047.0,1.0,1533.0,1534.0
0.974576664635302,0.6458461268532327,0.980946035976016,0.7788827761320355,0.7215189873417721,7505.0,7505.0,1.0,1534.0,1535.0
0.9482184388534548,0.6368607886405065,0.9476088508208422,0.761762680743631,0.7036402569593148,7005.0,7005.0,1.0,1535.0,1536.0
0.9553905460275333,0.6400949460983087,0.9581051073279052,0.767461164472904,0.7096965210954849,6755.0,6755.0,1.0,1536.0,1537.0
0.9751458788679676,0.6441734417344174,0.9816905286343612,0.7778989854914367,0.7197136563876652,7264.0,7264.0,1.0,1537.0,1538.0
0.968456898585804,0.6430690291028622,0.9727140431724473,0.774265167237801,0.7164079553723017,8246.0,8246.0,1.0,1538.0,1539.0
0.9706160779488316,0.6433005690636316,0.9761873609839068,0.7755314172860038,0.7174538793667408,7643.0,7643.0,1.0,1539.0,1540.0
0.9693539372547404,0.645009501402588,0.9725747032337291,0.7756256800870511,0.7186519306863146,7329.0,7329.0,1.0,1540.0,1541.0
0.9713890393525858,0.6404473947440211,0.9752146219883688,0.7731489104780723,0.7138604264746607,7222.0,7222.0,1.0,1541.0,1542.0
0.9691259803234475,0.644704692897464,0.9708195889368181,0.7748468431978127,0.7179015478304999,7882.0,7882.0,1.0,1542.0,1543.0
0.9757565353386595,0.6453422053231939,0.9803610108303249,0.7783319002579535,0.7207942238267148,6925.0,6925.0,1.0,1543.0,1544.0
0.9802603276739493,0.6499778466991581,0.984828141783029,0.7831100197512412,0.7272422126745435,7448.0,7448.0,1.0,1544.0,1545.0
0.9797497865565488,0.6417752729834448,0.9860641320524963,0.7775110684376166,0.7178324989852524,7391.0,7391.0,1.0,1545.0,1546.0
0.9782440532733812,0.6406341178758996,0.9829876137889867,0.7757168933639522,0.7157886882554843,6701.0,6701.0,1.0,1546.0,1547.0
0.9718350560774803,0.6451181911613566,0.9754467754467755,0.7766161459944324,0.7194250194250195,6435.0,6435.0,1.0,1547.0,1548.0
0.9701262123327811,0.6461368246358105,0.9734685372968468,0.7767248545303408,0.7201694679816641,7199.0,7199.0,1.0,1548.0,1549.0
0.9705703280075862,0.6469959167800895,0.9713910378047,0.7766820330279512,0.7206977083637425,6851.0,6851.0,1.0,1549.0,1550.0
0.9783443734988116,0.6449753648786837,0.9835554295435214,0.779069114592106,0.7210802381627446,7054.0,7054.0,1.0,1550.0,1551.0
0.95707945099582,0.6423749190788866,0.9604535398230089,0.7698531449154891,0.7128733407079646,7232.0,7232.0,1.0,1551.0,1552.0
0.9776825921358432,0.643896447467876,0.9825547866205305,0.7779680365296804,0.7195790080738178,6936.0,6936.0,1.0,1552.0,1553.0
0.9620425034780438,0.6384129846708747,0.9660400242571255,0.7687760149604874,0.709445118253487,6596.0,6596.0,1.0,1553.0,1554.0
0.9634225725086495,0.6407202743902439,0.968601469105574,0.7712598199438041,0.712732248307648,6943.0,6943.0,1.0,1554.0,1555.0
0.9599084747067551,0.6397727272727273,0.9681216931216932,0.7704210526315789,0.7115079365079365,7560.0,7560.0,1.0,1555.0,1556.0
0.9548800612244898,0.6366394841646121,0.9591428571428572,0.7653026330787643,0.7058571428571428,7000.0,7000.0,1.0,1556.0,1557.0
0.9625599906274076,0.6399825973460953,0.9658568614576494,0.769854769069737,0.7112606697307945,6092.0,6092.0,1.0,1557.0,1558.0
0.9612935430297149,0.6395784081954294,0.964354671023318,0.7690849866745633,0.7104559631664934,6733.0,6733.0,1.0,1558.0,1559.0
0.9776496103920297,0.6400158321789037,0.9820832068023079,0.7749820273184759,0.714849681141816,6586.0,6586.0,1.0,1559.0,1560.0
0.9774245165403015,0.643403349143355,0.9802389028166937,0.7768817204301075,0.7184781005751364,6781.0,6781.0,1.0,1560.0,1561.0
0.9791199195038616,0.6440551621319418,0.9826556724481091,0.7781155015197568,0.7197895934034688,7034.0,7034.0,1.0,1561.0,1562.0
0.970710417624832,0.645560770997703,0.9705705705705706,0.7753853535656451,0.7188438438438438,6660.0,6660.0,1.0,1562.0,1563.0
0.9726726867217474,0.645931685642877,0.9773109243697479,0.7777963551245611,0.7207983193277311,7140.0,7140.0,1.0,1563.0,1564.0
0.9760051939709433,0.6405988551298987,0.9795313762456235,0.7746126404344816,0.7149878804201454,7426.0,7426.0,1.0,1564.0,1565.0
0.970229029660826,0.6405288770544486,0.9753914988814317,0.7732638696447376,0.7139960850111857,7152.0,7152.0,1.0,1565.0,1566.0
0.9778581491821904,0.6444254348445965,0.9794856977752094,0.777389210571576,0.7195174804969662,6922.0,6922.0,1.0,1566.0,1567.0
0.9779149014090441,0.6413067309800482,0.981049807144055,0.7756049055352999,0.7161663592151601,5963.0,5963.0,1.0,1567.0,1568.0
0.9686712362037166,0.6374482350621179,0.9711581793600721,0.7696886719447587,0.7094036352711431,6657.0,6657.0,1.0,1568.0,1569.0
0.9825863666720683,0.6457683510085257,0.9855601396382101,0.7802763819095477,0.7224690574420819,6302.0,6302.0,1.0,1569.0,1570.0
0.9807058264467436,0.6423951828724354,0.9837773224043715,0.7772531030760929,0.7180669398907104,5856.0,5856.0,1.0,1570.0,1571.0
0.9775170149626923,0.6426706452816113,0.9812072892938497,0.776650890241154,0.7178246013667426,7024.0,7024.0,1.0,1571.0,1572.0
0.9738943796299221,0.6433127174333204,0.9763860369609856,0.7756029360363509,0.71751246699912,6818.0,6818.0,1.0,1572.0,1573.0
0.9830505729447778,0.650196006928617,0.9853550704614534,0.7834349426044928,0.7276181265542968,7238.0,7238.0,1.0,1573.0,1574.0
0.9829329340706359,0.6458003906613339,0.9869225302061123,0.7807264140335095,0.7228144989339019,7035.0,7035.0,1.0,1574.0,1575.0
0.9545626122369023,0.6369576143407606,0.956357690856496,0.764643772939816,0.7056345113822161,7951.0,7951.0,1.0,1575.0,1576.0
0.9609933013186637,0.6448240693523712,0.963918180663194,0.7727249579874726,0.716490916020836,7871.0,7871.0,1.0,1576.0,1577.0
0.9649019446004011,0.6440784737221023,0.9670314822321308,0.7731864095500459,0.7163221186326172,7401.0,7401.0,1.0,1577.0,1578.0
0.9694219548488342,0.6432556012802927,0.9716811714325183,0.7740728513260702,0.7163972924437076,7239.0,7239.0,1.0,1578.0,1579.0
0.9734290861117162,0.6433223218499292,0.9846865067899451,0.7782154478506593,0.7193730135798903,6922.0,6922.0,1.0,1579.0,1580.0
0.9834149930345564,0.6467969977308431,0.9861610113107119,0.7812154113740579,0.7238190286094478,7515.0,7515.0,1.0,1580.0,1581.0
0.9843897679859551,0.6455538520505941,0.9859505341723986,0.7802420522323238,0.7223035270013172,6833.0,6833.0,1.0,1581.0,1582.0
0.975263172651537,0.6462213467048711,0.9785762711864406,0.778406946017365,0.7214237288135593,7375.0,7375.0,1.0,1582.0,1583.0
0.9880481901238624,0.6424795771263816,0.9905171136464661,0.7794100501340795,0.7196621721736554,6749.0,6749.0,1.0,1583.0,1584.0
0.9836119270235375,0.6454321999180663,0.9849953110346984,0.7798539784680114,0.7219443576117537,6398.0,6398.0,1.0,1584.0,1585.0
0.9823636242568371,0.6494817239498091,0.9852413793103448,0.7828803156510302,0.7267586206896551,7250.0,7250.0,1.0,1585.0,1586.0
0.9747889550351454,0.6392625809666168,0.9743317132442284,0.7720079427161682,0.7122569866342648,6584.0,6584.0,1.0,1586.0,1587.0
0.9833300221895636,0.6445123503947033,0.9841866493843162,0.7789290110791958,0.7206740116655865,7715.0,7715.0,1.0,1587.0,1588.0
0.9706721560679807,0.6386539499730071,0.9735290083664793,0.7713121434392828,0.7113564668769716,7291.0,7291.0,1.0,1588.0,1589.0
0.9721023502757231,0.6426113553813803,0.9737833140208575,0.7742715651272601,0.7161066048667439,6904.0,6904.0,1.0,1589.0,1590.0
0.981701763751182,0.6448046472407009,0.9828620394173093,0.7787270155586987,0.7207226506712368,7002.0,7002.0,1.0,1590.0,1591.0
0.965648746699373,0.6440779867731684,0.9703674948240165,0.7742501677765732,0.7170678053830227,7728.0,7728.0,1.0,1591.0,1592.0
0.9779730865740852,0.6449622398231718,0.9797146054840515,0.7778518271687216,0.7202014549524343,7148.0,7148.0,1.0,1592.0,1593.0
0.9845004524229954,0.6460126219162364,0.986606584053073,0.7807825656265478,0.7229941169107523,7989.0,7989.0,1.0,1593.0,1594.0
0.9747216747891538,0.6383840286279311,0.9810419681620839,0.7734611215699697,0.7126628075253256,6910.0,6910.0,1.0,1594.0,1595.0
0.9819409565432243,0.6466837864163641,0.984497169048261,0.7806103361658917,0.7233081693178754,7418.0,7418.0,1.0,1595.0,1596.0
0.9684031833097029,0.6448856049140924,0.9733942488578339,0.7757965194109773,0.7186912120397743,7442.0,7442.0,1.0,1596.0,1597.0
0.9757115761313601,0.6435326174066357,0.9801049676553155,0.776933868704949,0.7186012449652142,8193.0,8193.0,1.0,1597.0,1598.0
0.9764098252152056,0.6478931310299332,0.9790654205607476,0.7797737197300516,0.7234890965732087,8025.0,8025.0,1.0,1598.0,1599.0
0.9668490636876063,0.6457948040510788,0.9692043351837166,0.7751175942074943,0.7188078244779276,7566.0,7566.0,1.0,1599.0,1600.0
0.9694755639906583,0.6429533818377796,0.9714983713355049,0.773796011026431,0.7160016286644951,7368.0,7368.0,1.0,1600.0,1601.0
0.9804467495494994,0.6451990632318502,0.9850593793896054,0.7797038459594683,0.7216830545268803,7831.0,7831.0,1.0,1601.0,1602.0
0.9782982485257945,0.6436023622047244,0.983752068602377,0.7781281608853454,0.7194975176771475,6647.0,6647.0,1.0,1602.0,1603.0
0.9571350779770479,0.6422009086320041,0.9610213023115274,0.7699104333091261,0.7127964949388125,6619.0,6619.0,1.0,1603.0,1604.0
0.9710833525985464,0.6407061266874351,0.971526046450597,0.772175001303645,0.7133578270568167,7621.0,7621.0,1.0,1604.0,1605.0
0.980748692135954,0.6433153274814315,0.984245867768595,0.778072682727644,0.7192665289256198,7744.0,7744.0,1.0,1605.0,1606.0
0.9831471280545512,0.646160064672595,0.9843596059113301,0.7801854563201561,0.7226600985221675,8120.0,8120.0,1.0,1606.0,1607.0
0.9801151702648413,0.6447147315355686,0.9832804491091042,0.7787927118070659,0.7207102758115694,8194.0,8194.0,1.0,1607.0,1608.0
0.978294094131227,0.6462749213011543,0.9860710854947167,0.7808062880324543,0.7231828370156901,6246.0,6246.0,1.0,1608.0,1609.0
0.9774312506905692,0.6418127327218236,0.9805744415151936,0.7758261060489625,0.7166643541001804,7207.0,7207.0,1.0,1609.0,1610.0
0.9809843226738971,0.6437621381670212,0.9834699067533201,0.7781566150578503,0.7196241876236225,7078.0,7078.0,1.0,1610.0,1611.0
0.9703787293058963,0.6435172723194258,0.975118966689327,0.7753513513513514,0.7174711080897349,7355.0,7355.0,1.0,1611.0,1612.0
0.9672996297615415,0.6400648360030511,0.971350021704529,0.7716535433070866,0.7125596874547823,6911.0,6911.0,1.0,1612.0,1613.0
0.9653415550350647,0.6401592215833702,0.9664797008547008,0.7701803863140531,0.7116052350427351,7488.0,7488.0,1.0,1613.0,1614.0
0.9622391665108908,0.6401747536716862,0.9647009385067936,0.769626194334246,0.7112340663958537,7139.0,7139.0,1.0,1614.0,1615.0
0.9690171163813317,0.6410035430431869,0.9723997675769901,0.7726669359958447,0.7139018012783266,6884.0,6884.0,1.0,1615.0,1616.0
0.9699512213304755,0.6423817233315344,0.9750170648464164,0.7744943881147319,0.7161092150170648,7325.0,7325.0,1.0,1616.0,1617.0
0.976688144091845,0.6433258426966292,0.9851342050929112,0.778357803153888,0.7194769442532691,7265.0,7265.0,1.0,1617.0,1618.0
0.974458922247228,0.6454640250260688,0.9802655621878427,0.7783904043335268,0.7209160677305396,8209.0,8209.0,1.0,1618.0,1619.0
0.9871081964486293,0.6447686464088398,0.9901895797428079,0.780990223244628,0.722325334747448,7543.0,7543.0,1.0,1619.0,1620.0
0.9801480336292957,0.64350954885137,0.9821177133201915,0.7775486316258848,0.7190228104759223,7102.0,7102.0,1.0,1620.0,1621.0
0.9840700570667206,0.6472279916919635,0.9863647431214999,0.7815936716187536,0.7243730216703189,8214.0,8214.0,1.0,1621.0,1622.0
0.973861906636523,0.6479223901098901,0.9761997154313802,0.778884359358068,0.7228689690854999,7731.0,7731.0,1.0,1622.0,1623.0
0.9836010152105944,0.6456600450141893,0.9850701702000597,0.7800437429804339,0.7222305165721111,6698.0,6698.0,1.0,1623.0,1624.0
0.9812188410329815,0.6433676784553978,0.9833995459704881,0.7778463610347343,0.7191401816118048,7048.0,7048.0,1.0,1624.0,1625.0
0.9756363275221112,0.6422698203228099,0.980778173926523,0.7762237762237763,0.7172531390482095,6451.0,6451.0,1.0,1625.0,1626.0
0.975947547091266,0.6419306450189711,0.9800619695540886,0.7757517594369802,0.7166913646773542,7423.0,7423.0,1.0,1626.0,1627.0
0.9814950215908143,0.6465743506199656,0.9840220385674932,0.7803812332732536,0.7230716253443527,7260.0,7260.0,1.0,1627.0,1628.0
0.9678010844199192,0.6449740034662045,0.9685100845803514,0.7743042912873862,0.7176968119713728,7685.0,7685.0,1.0,1628.0,1629.0
0.9823201595177076,0.6508982035928144,0.9850475758948799,0.7838471245718406,0.728364295423652,6621.0,6621.0,1.0,1629.0,1630.0
0.9782693825340711,0.6438149513912169,0.9795970415710278,0.7769798725599272,0.7188217291507268,7842.0,7842.0,1.0,1630.0,1631.0
0.9770714770132539,0.6474555487431024,0.9786839666357738,0.7793357933579336,0.7228915662650602,7553.0,7553.0,1.0,1631.0,1632.0
0.9806116628023315,0.6461936174006062,0.9823824366445317,0.7795881056084315,0.7222523377151375,7379.0,7379.0,1.0,1632.0,1633.0
0.9758254423783498,0.6421326631361637,0.9790611742165047,0.7755854293148309,0.7167100041056521,7307.0,7307.0,1.0,1633.0,1634.0
0.9708898100338406,0.6414928263357099,0.9739409327809702,0.7735088091700276,0.7148202592543098,7483.0,7483.0,1.0,1634.0,1635.0
0.9558517001136337,0.6395200872568624,0.9564980967917346,0.7665323019936813,0.708673191952148,7356.0,7356.0,1.0,1635.0,1636.0
0.9668235950300518,0.6471272163550044,0.9712083757452378,0.7767182230491918,0.7208084920750327,6877.0,6877.0,1.0,1636.0,1637.0
0.9736939246699648,0.6440203816565091,0.9759273277819833,0.7759720717467197,0.7182437547312642,6605.0,6605.0,1.0,1637.0,1638.0
0.9828369310504003,0.6503694705941897,0.984976237927334,0.7834410437751493,0.7277326383565844,6523.0,6523.0,1.0,1638.0,1639.0
0.966953324155916,0.6457821457821458,0.9660030627871363,0.7740827095349122,0.7180704441041348,6530.0,6530.0,1.0,1639.0,1640.0
0.9716187679025701,0.6423463306657585,0.9748062015503876,0.7744021348660577,0.7160206718346254,7740.0,7740.0,1.0,1640.0,1641.0
0.9599951230653799,0.6396565337544414,0.9578776234111736,0.767073026393656,0.7091339048182087,6766.0,6766.0,1.0,1641.0,1642.0
0.9622216582898514,0.6411770695448529,0.9666871354006755,0.7709825528007346,0.7128492477740251,6514.0,6514.0,1.0,1642.0,1643.0
0.9605883395088537,0.641727560257389,0.9679223556506005,0.7717733473242392,0.7137687119592038,6079.0,6079.0,1.0,1643.0,1644.0
0.9753668503213959,0.6460567191101313,0.9768181818181818,0.7777308643464624,0.7208333333333333,6600.0,6600.0,1.0,1644.0,1645.0
0.9777632528584436,0.6478672503308561,0.9786252498846686,0.7796153374984687,0.7233584499461787,6503.0,6503.0,1.0,1645.0,1646.0
0.974532551020408,0.6428169542385597,0.9792857142857143,0.7761548913043478,0.7175714285714285,7000.0,7000.0,1.0,1646.0,1647.0
0.9737993568245896,0.6477716966379984,0.9810538780343399,0.7803155168354132,0.7238010657193605,6756.0,6756.0,1.0,1647.0,1648.0
0.9830788297090675,0.6451765596894822,0.9859664351851852,0.7799713876967096,0.7218605324074074,6912.0,6912.0,1.0,1648.0,1649.0
0.9858135913768526,0.6490154337413517,0.9879827167161761,0.7834047109207709,0.7268431001890359,7406.0,7406.0,1.0,1649.0,1650.0
0.9781806802928374,0.6435476718403548,0.9800108049702864,0.7769152524225066,0.7185980551053485,7404.0,7404.0,1.0,1650.0,1651.0
0.9718649963248832,0.6405387502759992,0.9732721986132856,0.7726041990323583,0.7135428315813017,8942.0,8942.0,1.0,1651.0,1652.0
0.9665415690076742,0.6381258612769867,0.9694347522679693,0.7696398891966759,0.7098394975575715,7165.0,7165.0,1.0,1652.0,1653.0
0.968016440110512,0.6440155208436972,0.9720678780597687,0.7747456612806702,0.7173749812284127,6659.0,6659.0,1.0,1653.0,1654.0
0.9640873727184704,0.6424880569367262,0.9678366867381407,0.7722957928044064,0.7146423850785725,6809.0,6809.0,1.0,1654.0,1655.0
0.9685671507265018,0.6397371472748358,0.9674119538214233,0.7701704380198942,0.7113108285839544,6843.0,6843.0,1.0,1655.0,1656.0
0.9628173321759259,0.6404711511916812,0.9666666666666667,0.7704654895666132,0.7120138888888888,7200.0,7200.0,1.0,1656.0,1657.0
0.9841301417974975,0.6454873646209386,0.9889380530973452,0.781127129750983,0.7228982300884956,6328.0,6328.0,1.0,1657.0,1658.0
0.9778366131323003,0.6452407002188184,0.9812811980033278,0.7785478547854785,0.7208818635607321,7212.0,7212.0,1.0,1658.0,1659.0
0.9707010164433553,0.6461771959779928,0.9752326413743737,0.7773149997147258,0.7206156048675734,6985.0,6985.0,1.0,1659.0,1660.0
0.9771106730827129,0.6434654919236417,0.9772524531668153,0.7759872498671861,0.717885816235504,6726.0,6726.0,1.0,1660.0,1661.0
0.9875522002883771,0.6426848874598071,0.9891741416640891,0.7791448410281399,0.7196102690999072,6466.0,6466.0,1.0,1661.0,1662.0
0.9794237819328714,0.649090233939844,0.9829888935751441,0.7818842605535364,0.725783776184451,7113.0,7113.0,1.0,1662.0,1663.0
0.9838781105073164,0.645937059652419,0.9858064516129033,0.7804767309875141,0.7227240143369176,6975.0,6975.0,1.0,1663.0,1664.0
0.9730663141295092,0.6450647092910953,0.975321261682243,0.7765376119055923,0.7193341121495327,6848.0,6848.0,1.0,1664.0,1665.0
0.9747753777144927,0.6450116009280742,0.9765019379844961,0.7768730426403276,0.7195373062015504,8256.0,8256.0,1.0,1665.0,1666.0
0.9861140166726237,0.6493717411744594,0.9886777719937533,0.7838827838827839,0.7274206142634044,7684.0,7684.0,1.0,1666.0,1667.0
0.983415824308493,0.6436700574075939,0.9852011715739171,0.7786306042884991,0.7199013411438261,6487.0,6487.0,1.0,1667.0,1668.0
0.9788316644995536,0.645704404805242,0.9807851810893006,0.7787290088903523,0.721316007741222,7234.0,7234.0,1.0,1668.0,1669.0
0.9787980615580946,0.6397256464917972,0.9816526809842128,0.774635241301908,0.7144076233821647,7031.0,7031.0,1.0,1669.0,1670.0
0.9678286111030742,0.6427558831868443,0.9749139908256881,0.7747337244403941,0.7165280963302753,6976.0,6976.0,1.0,1670.0,1671.0
0.9659035445190124,0.6378015375099408,0.9678197908286403,0.7688948069241012,0.7091043175113971,7458.0,7458.0,1.0,1671.0,1672.0
0.9594541329409864,0.6397164393395549,0.9631180761956228,0.7687911139868435,0.7103485544447447,7402.0,7402.0,1.0,1672.0,1673.0
0.9657899504939731,0.6451586455685825,0.9680157460942306,0.7742792482534685,0.7178004674621725,8129.0,8129.0,1.0,1673.0,1674.0
0.9714940305489999,0.6407989521938441,0.976303317535545,0.7737471582484926,0.7145173359940135,8018.0,8018.0,1.0,1674.0,1675.0
0.9618395094537262,0.6375398633257403,0.9636413717118855,0.7673831980697522,0.7078914750034431,7261.0,7261.0,1.0,1675.0,1676.0
0.9796183513898319,0.6453523302720796,0.9833900078472404,0.7792921179457947,0.7214883599267591,7646.0,7646.0,1.0,1676.0,1677.0
0.9757698347935726,0.6412213740458015,0.9810901001112347,0.7755550670477028,0.7160734149054505,7192.0,7192.0,1.0,1677.0,1678.0
0.9784459299411555,0.6444696325682441,0.9824334053275738,0.7783481633584303,0.7202303815694744,6945.0,6945.0,1.0,1678.0,1679.0
0.9724863171898999,0.6403050983540747,0.9746410021387106,0.7728649303452453,0.7135655362053163,6546.0,6546.0,1.0,1679.0,1680.0
0.9730700268510144,0.6415799739921977,0.9778273256534126,0.774795112136232,0.715780998389694,8073.0,8073.0,1.0,1680.0,1681.0
0.9795537538055381,0.6449130521686988,0.9841390879975599,0.779206665459156,0.7211377154186366,6557.0,6557.0,1.0,1681.0,1682.0
0.9823796334970915,0.646509019534536,0.9856084354516956,0.7808319692950274,0.7233542319749217,7018.0,7018.0,1.0,1682.0,1683.0
0.9611762464812977,0.6406638067283811,0.962516960651289,0.7692829063304867,0.7113297150610584,5896.0,5896.0,1.0,1683.0,1684.0
0.976439963816124,0.6375461254612547,0.9798667233801219,0.77248085843626,0.7113994045087197,7053.0,7053.0,1.0,1684.0,1685.0
0.9746282496510735,0.6444941307993293,0.9739546670420949,0.7756909794247911,0.7183584400957342,7103.0,7103.0,1.0,1685.0,1686.0
0.9860242761116449,0.6469080094349298,0.9880952380952381,0.7819026960024791,0.7243890977443609,6384.0,6384.0,1.0,1686.0,1687.0
0.9597621845625898,0.6453522300958733,0.9761664564943253,0.7770138017565872,0.7198612862547289,7930.0,7930.0,1.0,1687.0,1688.0
0.984263502380546,0.6431499666317094,0.9869787856620337,0.7788039713691988,0.7196781272860278,6835.0,6835.0,1.0,1688.0,1689.0
0.9777449555690848,0.6444877204370876,0.9847908745247148,0.7791001831022757,0.7207802942635146,6049.0,6049.0,1.0,1689.0,1690.0
0.9825471832478839,0.6482648358882723,0.9856999856999857,0.7821400204243731,0.7254397254397255,6993.0,6993.0,1.0,1690.0,1691.0
0.9751701823630795,0.6443918118761631,0.9772931366260423,0.776673293571902,0.7189865298268121,7795.0,7795.0,1.0,1691.0,1692.0
0.9819482021521211,0.642372586536789,0.9837506659563132,0.7772282437125119,0.7180340969632392,7508.0,7508.0,1.0,1692.0,1693.0
0.9811860880836912,0.6432929525156955,0.9833738848337389,0.7777837173250655,0.7190456880237902,7398.0,7398.0,1.0,1693.0,1694.0
0.9683765647231599,0.6437160416852231,0.971632159182576,0.7743905705866595,0.716926593170207,7438.0,7438.0,1.0,1694.0,1695.0
0.9843199461880329,0.6424181190536331,0.986042905143448,0.7779760387458577,0.7185965365727578,7738.0,7738.0,1.0,1695.0,1696.0
0.9706001398818036,0.6414126467396666,0.9730619574977551,0.7731731969796064,0.7145315773720443,6682.0,6682.0,1.0,1696.0,1697.0
0.9397283413844855,0.6325237592397043,0.9404684024597671,0.7563529226074605,0.6970430459243753,7643.0,7643.0,1.0,1697.0,1698.0
0.985329643277423,0.6484298810220401,0.9879643387815751,0.7829722091380122,0.7261515601783061,6730.0,6730.0,1.0,1698.0,1699.0
0.9790314259371433,0.64238621863037,0.9824361684826801,0.7768276216807047,0.7177589852008457,6149.0,6149.0,1.0,1699.0,1700.0
0.9757613316408317,0.6444646924829157,0.980726566833056,0.7778083246274812,0.7198419301164726,7212.0,7212.0,1.0,1700.0,1701.0
0.9668541916315283,0.6408498309995171,0.9715959004392386,0.7723014256619145,0.7135431918008784,6830.0,6830.0,1.0,1701.0,1702.0
0.9593716568205015,0.6395736175882745,0.9628886659979939,0.7686148919135308,0.7101303911735206,6979.0,6979.0,1.0,1702.0,1703.0
0.9698346019107469,0.6381822672264756,0.9696060037523452,0.7697348823354185,0.7099437148217635,7995.0,7995.0,1.0,1703.0,1704.0
0.9694171766123294,0.6437725928360171,0.9695619896065331,0.7737730818603733,0.716530561742143,8082.0,8082.0,1.0,1704.0,1705.0
0.9789377978596908,0.6406376654958119,0.981103448275862,0.7751321309867597,0.7153793103448276,7250.0,7250.0,1.0,1705.0,1706.0
0.9765566020214018,0.6396117306897976,0.978978978978979,0.773718068827681,0.7136873715821084,6327.0,6327.0,1.0,1706.0,1707.0
0.9719792399351683,0.640559320579909,0.9741682974559687,0.7729013559672911,0.7137638617090671,7665.0,7665.0,1.0,1707.0,1708.0
0.9828136653897412,0.643118491415705,0.9853385079775765,0.7782697547683923,0.7192755498059509,6957.0,6957.0,1.0,1708.0,1709.0
0.9840520908802458,0.6469492314857941,0.9855257556406982,0.7811269823416939,0.7238541223215553,7047.0,7047.0,1.0,1709.0,1710.0
0.9711140905113239,0.6441059841384282,0.9754333287839497,0.7758779786136895,0.7182339293025795,7327.0,7327.0,1.0,1710.0,1711.0
0.9712156344786103,0.6396011396011396,0.9755214368482039,0.7726281977744637,0.7129200463499421,6904.0,6904.0,1.0,1711.0,1712.0
0.9859653127744176,0.6498663233983563,0.9876598946576374,0.7839225991399904,0.727765237020316,6645.0,6645.0,1.0,1712.0,1713.0
0.9829037486693891,0.6419293015332198,0.9841658504733921,0.7770331228251063,0.7175971269996735,6126.0,6126.0,1.0,1713.0,1714.0
0.9702370805033265,0.6428281598701562,0.9705927400827079,0.7734179532556295,0.7156532393934752,6529.0,6529.0,1.0,1714.0,1715.0
0.9540374582312321,0.6343926343926344,0.9564179104477611,0.7628117373965836,0.7026119402985075,6700.0,6700.0,1.0,1715.0,1716.0
0.9706835531911576,0.6495297233129395,0.9738499452354874,0.7792933442892358,0.7241922234392114,7304.0,7304.0,1.0,1716.0,1717.0
0.9644052663240594,0.6411351556567958,0.968042419031241,0.771382893685052,0.7130983089710519,6978.0,6978.0,1.0,1717.0,1718.0
0.9637776711347451,0.6391587059484627,0.9667314230208839,0.7695355917460011,0.71047838756678,8236.0,8236.0,1.0,1718.0,1719.0
0.9730997051304153,0.6432718135343558,0.9763282482903735,0.7755549751893445,0.7174513413992636,7604.0,7604.0,1.0,1719.0,1720.0
0.979402147232397,0.6473851676592968,0.9855918519438579,0.7814654323419342,0.7243820643398335,8051.0,8051.0,1.0,1720.0,1721.0
0.9841689526644559,0.6491839510370623,0.9870750937055707,0.7832418850315368,0.7268321054672353,7737.0,7737.0,1.0,1721.0,1722.0
0.9812682752084417,0.6510144927536232,0.986674476497291,0.7844461260841725,0.7288768487333431,6829.0,6829.0,1.0,1722.0,1723.0
0.9807428814815271,0.6433988122430333,0.9826960647502093,0.7776489426315499,0.719020373988278,7166.0,7166.0,1.0,1723.0,1724.0
0.9799804446176428,0.6475416994148983,0.9825096064661455,0.7806084851036951,0.723863786935206,7547.0,7547.0,1.0,1724.0,1725.0
0.9732789283354518,0.6405254158246542,0.9739983453492495,0.7728231818821213,0.7136863254934405,8461.0,8461.0,1.0,1725.0,1726.0
0.9696053940349194,0.6476336462923932,0.9728018419916534,0.7775924541323977,0.7217585264066773,6949.0,6949.0,1.0,1726.0,1727.0
0.982935171104368,0.6451446724478407,0.9862186638666491,0.7800269905533064,0.7218795117469484,7619.0,7619.0,1.0,1727.0,1728.0
0.9799108157978713,0.6428273125913552,0.9827613727055068,0.7772517831218835,0.7183559457302474,6265.0,6265.0,1.0,1728.0,1729.0
0.983034823480704,0.6435389133627019,0.9869106263194933,0.7790678295650242,0.7201266713581984,7105.0,7105.0,1.0,1729.0,1730.0
0.971116833420841,0.6439055520102106,0.9732671902990216,0.7750466366728849,0.7175141242937854,7257.0,7257.0,1.0,1730.0,1731.0
0.9747602779775728,0.6462017026850033,0.9823295171727228,0.7795773256962275,0.7222498755599801,8036.0,8036.0,1.0,1731.0,1732.0
0.9775164411023232,0.645694457127203,0.9826292384658143,0.779302364027112,0.7217204002223457,7196.0,7196.0,1.0,1732.0,1733.0
0.978072875787466,0.6512746512746512,0.9810172438776988,0.7828399629972248,0.7278655267352557,6901.0,6901.0,1.0,1733.0,1734.0
0.9790110007515934,0.6404803373361445,0.9824240719910011,0.775428666555685,0.7154808773903262,7112.0,7112.0,1.0,1734.0,1735.0
0.9777786645641092,0.6464123524069029,0.9808434399117971,0.7792620168619293,0.7221609702315325,7256.0,7256.0,1.0,1735.0,1736.0
0.9843301573313704,0.6502487562189054,0.9873092612177066,0.7840902273681685,0.7281311376340837,6619.0,6619.0,1.0,1736.0,1737.0
0.964038081849123,0.6389472722288221,0.9685552015514615,0.7699592555885916,0.7106247402687352,7219.0,7219.0,1.0,1737.0,1738.0
0.9512237882700587,0.6348923911201492,0.9517337736568017,0.7616772554002541,0.702210085100978,7873.0,7873.0,1.0,1738.0,1739.0
0.9785083822692056,0.6453053993684048,0.98126024830171,0.7785883555596859,0.7209533848676505,8538.0,8538.0,1.0,1739.0,1740.0
0.9728348731962395,0.6408890521675239,0.9801938474504847,0.7750319320264342,0.7154797022053659,7119.0,7119.0,1.0,1740.0,1741.0
0.9770416386408505,0.6427552476054615,0.9804165371464098,0.776464795667159,0.7177494560149207,6434.0,6434.0,1.0,1741.0,1742.0
0.952490508482272,0.6337089201877935,0.953652677688286,0.761437355446494,0.7012152041825632,7077.0,7077.0,1.0,1742.0,1743.0
0.9235543980416868,0.6283093797276853,0.9222761970853574,0.7474270288510207,0.6883414295628036,7205.0,7205.0,1.0,1743.0,1744.0
0.9760818595571776,0.6418252694336162,0.9799276461664138,0.7756327360059116,0.7165363519663904,8569.0,8569.0,1.0,1744.0,1745.0
0.9628826307366766,0.6428338762214983,0.9602238170538864,0.7701087751816984,0.7133560394112638,8221.0,8221.0,1.0,1745.0,1746.0
0.9523862686763809,0.6373142999419039,0.9578395908694025,0.765374264925745,0.7063739553448921,8017.0,8017.0,1.0,1746.0,1747.0
0.9492732325397341,0.6415331145008689,0.949964260185847,0.76586181063793,0.709578270192995,6995.0,6995.0,1.0,1747.0,1748.0
0.9753932750374154,0.6474123239752444,0.9777837984286102,0.7790189412336086,0.7226361419669466,7382.0,7382.0,1.0,1748.0,1749.0
0.9665317179287212,0.6445889456572225,0.9730753050063105,0.7754805543138131,0.7182723320712383,7131.0,7131.0,1.0,1749.0,1750.0
0.9769003125174976,0.6412377152865623,0.9815311289842121,0.7757047848861162,0.7161900506404528,6714.0,6714.0,1.0,1750.0,1751.0
0.9745993537664225,0.6410780669144981,0.9777462792345853,0.7744035924782486,0.7151665485471297,7055.0,7055.0,1.0,1751.0,1752.0
0.9857440764679078,0.6430690970750318,0.988788945378699,0.7793075105311825,0.7199843566679702,7671.0,7671.0,1.0,1752.0,1753.0
0.9719936504469566,0.645498000195103,0.9748084855627578,0.776688772815306,0.7197259870359458,6788.0,6788.0,1.0,1753.0,1754.0
0.9783446493882646,0.6406333392634762,0.976939772110689,0.7738261523584399,0.7144601193705914,7372.0,7372.0,1.0,1754.0,1755.0
0.9463543834519763,0.6365694620539757,0.9503785830178475,0.7624471200780996,0.7038939967550027,7396.0,7396.0,1.0,1755.0,1756.0
0.9657423561925841,0.6426021774049616,0.9685272360457297,0.7725980365860201,0.7149293880295898,7435.0,7435.0,1.0,1756.0,1757.0
0.9714276009918769,0.644959349593496,0.9757687576875769,0.7766030347528144,0.7193111931119311,8130.0,8130.0,1.0,1757.0,1758.0
0.96707860200483,0.6412376406409819,0.9730953304876472,0.7730565688742743,0.7143319104902341,7731.0,7731.0,1.0,1758.0,1759.0
0.9508215455127288,0.6386026200873363,0.9566923982729295,0.7659351594825329,0.7076409786732958,7643.0,7643.0,1.0,1759.0,1760.0
0.967667037971579,0.6437304774654172,0.9709247543410957,0.7741762369861543,0.7167855700632656,7429.0,7429.0,1.0,1760.0,1761.0
0.9536088267398712,0.6386686416310883,0.9603039434036421,0.7671376242804814,0.7085025546967116,7633.0,7633.0,1.0,1761.0,1762.0
0.9678189810313401,0.6405983715205453,0.9705924544541673,0.7718017452803285,0.7130253909051786,6971.0,6971.0,1.0,1762.0,1763.0
0.9748375535661705,0.6448812136246541,0.9785724627189808,0.777432712215321,0.7198494281164036,6907.0,6907.0,1.0,1763.0,1764.0
0.9692695267155038,0.6408511371467953,0.9702621625146732,0.7718806744487678,0.7132515977566193,7667.0,7667.0,1.0,1764.0,1765.0
0.9739408029590569,0.6467350512884663,0.9779319041614124,0.7785753727222529,0.7218789407313998,7930.0,7930.0,1.0,1765.0,1766.0
0.9738096171284931,0.6463096960926193,0.9727021925366632,0.7766056109436587,0.7201974735007987,6887.0,6887.0,1.0,1766.0,1767.0
0.9744926657738617,0.643814776076828,0.9766334919948074,0.7760458452722063,0.7181595269003318,6933.0,6933.0,1.0,1767.0,1768.0
0.9726098485055522,0.6415629112258325,0.9749269343177973,0.7738705738705739,0.7151207506537456,6501.0,6501.0,1.0,1768.0,1769.0
0.9795202217623371,0.6415154157089641,0.9804966686856451,0.7755845151399003,0.7162931556632344,8255.0,8255.0,1.0,1769.0,1770.0
0.9857223915237516,0.6462909614692114,0.9897973252447263,0.7819835520941125,0.7240452226664829,7253.0,7253.0,1.0,1770.0,1771.0
0.9752922521263173,0.6444250871080139,0.9783126157101296,0.7770192206700977,0.7192541655646655,7562.0,7562.0,1.0,1771.0,1772.0
0.9789566974552808,0.6426872204776858,0.9828288707799767,0.777170473505552,0.7182043073341094,6872.0,6872.0,1.0,1772.0,1773.0
0.9560497684340219,0.6389630793401414,0.9553676297862345,0.7657691583505931,0.7077754287056612,8514.0,8514.0,1.0,1773.0,1774.0
0.9702613393870778,0.6432880844645551,0.9762207527975585,0.7755328821093039,0.7174465920651069,7864.0,7864.0,1.0,1774.0,1775.0
0.9616779135413165,0.639419844395351,0.965062336909249,0.7691952163614305,0.710423311104668,6898.0,6898.0,1.0,1775.0,1776.0
0.9742778723844094,0.6465353378261621,0.9766379535369355,0.7780203784570596,0.7213521273818846,7662.0,7662.0,1.0,1776.0,1777.0
0.9813467352164024,0.6428929179605329,0.9837522992029429,0.7776094990004241,0.7186541998773759,6524.0,6524.0,1.0,1777.0,1778.0
0.9809613724836964,0.642165946057237,0.9832912988650694,0.7769336156432931,0.717686002522068,6344.0,6344.0,1.0,1778.0,1779.0
0.9722044021438797,0.6493810059735088,0.9770743780122444,0.7802163511545662,0.7247622769310929,7677.0,7677.0,1.0,1779.0,1780.0
0.9800939565812978,0.6473362445414848,0.9836761778367618,0.780826968659468,0.7238885202388852,7535.0,7535.0,1.0,1780.0,1781.0
0.9589825808474296,0.6373506143746844,0.9618950844658961,0.7666919767147558,0.7072907405055252,7873.0,7873.0,1.0,1781.0,1782.0
0.9783420724382634,0.6471445721145601,0.9796209761163032,0.7794072085097594,0.7227414330218068,7704.0,7704.0,1.0,1782.0,1783.0
0.9721344612308438,0.6397282939998258,0.9740121983558738,0.7722470433639947,0.7127419782551048,7542.0,7542.0,1.0,1783.0,1784.0
0.9740424054471245,0.6447381697104227,0.9805125057541814,0.7779401022644266,0.7201166180758017,6517.0,6517.0,1.0,1784.0,1785.0
0.9788883547443327,0.6444544634806132,0.9799808035102153,0.7775662296687157,0.7196626902509256,7293.0,7293.0,1.0,1785.0,1786.0
0.9652068195971316,0.6413164745258461,0.969501054111033,0.7719769458899893,0.713633169360506,7115.0,7115.0,1.0,1786.0,1787.0
0.9660300134542038,0.6413352272727273,0.9669573198715007,0.7711828219361923,0.7130946917546275,6537.0,6537.0,1.0,1787.0,1788.0
0.96566348694739,0.6413333333333333,0.96470116325712,0.770462918468685,0.7125952667468913,7479.0,7479.0,1.0,1788.0,1789.0
0.9665357488810924,0.6414588095001491,0.9651614832535885,0.7707002567010924,0.7128438995215312,6688.0,6688.0,1.0,1789.0,1790.0
0.9802779877371007,0.6446313472724414,0.9821556886227545,0.7783788914198937,0.7203592814371258,8350.0,8350.0,1.0,1790.0,1791.0
0.9833136014963341,0.6424645171876282,0.9834233329147306,0.7771933306867804,0.7180710787391686,7963.0,7963.0,1.0,1791.0,1792.0
0.9824436163313114,0.6490635554190973,0.9848590729093873,0.7824558156750254,0.7261821569997671,8586.0,8586.0,1.0,1792.0,1793.0
0.9841528439426606,0.6444104773153616,0.9874374534227617,0.7798705120659212,0.7212818055999148,9393.0,9393.0,1.0,1793.0,1794.0
0.9832073653472277,0.6470444353852426,0.9866965062787517,0.781563915698247,0.7242322516473952,8043.0,8043.0,1.0,1794.0,1795.0
0.9844241431775951,0.6456425019628369,0.98640543782487,0.78044922492882,0.7225109956017592,7503.0,7503.0,1.0,1795.0,1796.0
0.971616400299844,0.6430033494603647,0.9742035522977164,0.7746889362179128,0.7166619678601636,7094.0,7094.0,1.0,1796.0,1797.0
0.9807057590009424,0.6453839516824849,0.9811980760822038,0.7786259541984732,0.7210319195452558,6861.0,6861.0,1.0,1797.0,1798.0
0.9579687413267158,0.6374213236696548,0.9585544242076581,0.7656795921874106,0.7066542377742722,6973.0,6973.0,1.0,1798.0,1799.0
0.9611376038378994,0.2636757787275914,0.9634831460674157,0.41404118683759444,0.5454868913857678,8900.0,44500.0,5.0,70.0,71.0
0.9821106941243866,0.27010039024099614,0.9852222101488645,0.42396895165061255,0.5538049186859357,9203.0,46015.0,5.0,71.0,72.0
0.9777098781969893,0.2671836228287841,0.9799772468714448,0.4198878869120156,0.5486916951080774,8790.0,43950.0,5.0,72.0,73.0
0.9826091578762687,0.2693964172024218,0.9844890510948905,0.4230335702033815,0.5524254866180048,8768.0,43840.0,5.0,73.0,74.0
0.9821150092236249,0.26871158757331687,0.9835644581407293,0.422103685417034,0.5511385036808766,9735.0,48675.0,5.0,74.0,75.0
0.9780170978850016,0.2674969025002383,0.9799813780260708,0.420275025580873,0.5494064245810056,8592.0,42960.0,5.0,75.0,76.0
0.9818491336867211,0.26833740831295844,0.9841751285770803,0.4216979799406696,0.5501120928392457,7583.0,37915.0,5.0,76.0,77.0
0.9852602228973877,0.26858892402933854,0.986286137879911,0.42220224243706367,0.5500782472613458,8094.0,40470.0,5.0,77.0,78.0
0.9730500602815998,0.2653966168500575,0.974903474903475,0.4172152944517595,0.5460706241956242,8288.0,41440.0,5.0,78.0,79.0
0.9781014280417497,0.2700767118634472,0.9826964671953857,0.4237054800603961,0.5544683626875407,9709.0,48545.0,5.0,79.0,80.0
0.9509283934742344,0.26212065136935603,0.9551584625758598,0.41135472629591985,0.5443919982018431,8898.0,44490.0,5.0,80.0,81.0
0.9641022928556628,0.2659716188821315,0.9701066863842822,0.41748301020524126,0.5488010985528678,9467.0,47335.0,5.0,81.0,82.0
0.9797396320776115,0.2681564245810056,0.9819634426824839,0.42127129206481095,0.5503369245047008,8261.0,41305.0,5.0,82.0,83.0
0.9847897115468165,0.27016021361815756,0.988399071925754,0.42433615560040894,0.5530386290552367,8189.0,40945.0,5.0,83.0,84.0
0.9774409414810298,0.2663479068487496,0.9818665990362668,0.41902751846740804,0.5462211514075577,7886.0,39430.0,5.0,84.0,85.0
0.9813156771877589,0.26878250635890816,0.9837432263443101,0.42220764505933567,0.5512482052707146,7197.0,35985.0,5.0,85.0,86.0
0.9811989100397412,0.2682822217456573,0.9823321554770318,0.4214604564979365,0.5505169480434499,7641.0,38205.0,5.0,86.0,87.0
0.9795377903075094,0.26628330458117694,0.9813506640293869,0.4189005819738866,0.5462230385231233,7078.0,35390.0,5.0,87.0,88.0
0.9855796538218972,0.26847801912669583,0.987861429350791,0.4222092684348586,0.5493726132024004,7332.0,36660.0,5.0,88.0,89.0
0.9831825983491584,0.2684187376292061,0.986661277283751,0.4220262793914246,0.5495823228240366,7422.0,37110.0,5.0,89.0,90.0
0.975132205670643,0.2653102068045364,0.9769098501596659,0.41729185247363726,0.5452796200769672,8142.0,40710.0,5.0,90.0,91.0
0.9694628548013248,0.26741225051617346,0.9766243559130325,0.41986114487937976,0.5501864186670018,7957.0,39785.0,5.0,91.0,92.0
0.9684695521402292,0.2652975983292725,0.9694734164334775,0.41659379099256666,0.5474433986263038,7862.0,39310.0,5.0,92.0,93.0
0.9413205743737096,0.26107713429855217,0.9452101220063263,0.4091442542787286,0.5449992468745293,8852.0,44260.0,5.0,93.0,94.0
0.9674774168955452,0.2639425357457478,0.9696290764251929,0.4149355491637371,0.5442701850468841,8034.0,40170.0,5.0,94.0,95.0
0.9695216160271241,0.2635796684654409,0.9678452776459421,0.41432380952380954,0.5439606074988135,8428.0,42140.0,5.0,95.0,96.0
0.9651106679508976,0.26620499524106467,0.969983257593877,0.4177590069789601,0.5493701666268038,8362.0,41810.0,5.0,96.0,97.0
0.9706469424574943,0.26548765909570354,0.9739455694569844,0.4172399502693742,0.5465626209209339,7753.0,38765.0,5.0,97.0,98.0
0.9704656402263604,0.266831049658229,0.977922672157401,0.41926387288197936,0.5484824220239457,8742.0,43710.0,5.0,98.0,99.0
0.9803057204783721,0.26766304347826086,0.9829836233367452,0.42075575027382256,0.5489167519617878,7816.0,39080.0,5.0,99.0,100.0
0.966767277606589,0.26687344512293626,0.9748613242063023,0.4190340909090909,0.5494708682481608,8473.0,42365.0,5.0,100.0,101.0
0.9808944576681577,0.2676996973285959,0.9851089588377724,0.4209954470198676,0.5483857949959645,8260.0,41300.0,5.0,101.0,102.0
0.9715073456316038,0.2656940450305113,0.9741545583129742,0.41751398418340635,0.546976126184047,7777.0,38885.0,5.0,102.0,103.0
0.9850803319328127,0.26784804969956205,0.9876079609463012,0.42140682582919403,0.5480035048191263,7989.0,39945.0,5.0,103.0,104.0
0.9712619031264271,0.26513894283393946,0.9722905606629548,0.41665741871046497,0.5462471405757694,7723.0,38615.0,5.0,104.0,105.0
0.9852811779168886,0.2671963854483135,0.9889001009081736,0.4207169360031891,0.5461294507712268,6937.0,34685.0,5.0,105.0,106.0
0.983695588362167,0.2686913307564881,0.9855522549284365,0.422261432992971,0.5505220991988478,7406.0,37030.0,5.0,106.0,107.0
0.9787482336663151,0.2680742831260235,0.9806270711190416,0.42104687115221495,0.550535304613816,7846.0,39230.0,5.0,107.0,108.0
0.9764841213147827,0.2651277629722527,0.9787326388888888,0.41723202170963364,0.5443190586419753,6912.0,34560.0,5.0,108.0,109.0
0.9777469641501669,0.26686625356819604,0.9815620998719591,0.41964090212393257,0.5475032010243278,7810.0,39050.0,5.0,109.0,110.0
0.9830042940749285,0.26767050487156774,0.9875816993464053,0.42118466898954704,0.5476034858387799,7650.0,38250.0,5.0,110.0,111.0
0.9755484944968655,0.2679411163361276,0.9832437163936476,0.42112310205393244,0.5494768871660206,7997.0,39985.0,5.0,111.0,112.0
0.8196075070605481,0.2325400484038262,0.8087984768012827,0.3612236220824848,0.5232488225273073,9979.0,49895.0,5.0,112.0,113.0
0.9321403731116126,0.2593803568027427,0.9354321694333142,0.4061435991748888,0.5440755580995993,8735.0,43675.0,5.0,113.0,114.0
0.9636462721732155,0.27052443497069056,0.9819092046876777,0.4241828459080855,0.5556946182728411,8789.0,43945.0,5.0,114.0,115.0
0.9325075295720009,0.2592260776678957,0.9373286817842014,0.40613275029017193,0.5431306586925825,8026.0,40130.0,5.0,115.0,116.0
0.9559417886182815,0.26229213805983553,0.955514850189716,0.41159894042721074,0.5446814078241529,7643.0,38215.0,5.0,116.0,117.0
0.9576217057124261,0.2628534891155869,0.962947189097104,0.4129774652389324,0.5437429017603634,9392.0,46960.0,5.0,117.0,118.0
0.9717494136623565,0.2668770110274593,0.9761197440585009,0.41915462551823957,0.5491125837903718,8752.0,43760.0,5.0,118.0,119.0
0.9673827886079918,0.2660986661561044,0.9699895312318251,0.4176286465506448,0.5491256639913148,8597.0,42985.0,5.0,119.0,120.0
0.9816495318520274,0.2688517222561074,0.9851782143277261,0.42242509835569453,0.5509940007057993,8501.0,42505.0,5.0,120.0,121.0
0.9848648590194408,0.2686946756506804,0.9880966840762784,0.422498636682334,0.5497995870278148,8233.0,41165.0,5.0,121.0,122.0
0.9730571155929106,0.267199690502289,0.977589054022175,0.4196880696779421,0.5494220334984666,8478.0,42390.0,5.0,122.0,123.0
0.9710507515117944,0.2658435937866944,0.9726279612127163,0.41755809664330507,0.5477680945951475,8147.0,40735.0,5.0,123.0,124.0
0.9827090103662645,0.26676844122519244,0.9860727578340737,0.41993046323754984,0.5459639012286389,8329.0,41645.0,5.0,124.0,125.0
0.9796878770792132,0.2662173546756529,0.981475318912923,0.41883032354263805,0.5460343871325568,9015.0,45075.0,5.0,125.0,126.0
0.9839808220205859,0.2680784108044319,0.9870850935425468,0.42164419581861773,0.5486823576745121,8285.0,41425.0,5.0,126.0,127.0
0.9789792095376745,0.2670997469501832,0.9815405968077724,0.41992755774597706,0.5480453388850336,7205.0,36025.0,5.0,127.0,128.0
0.9752333799744705,0.26615525114155253,0.9770685262169774,0.41835094166283876,0.5471816190603906,7457.0,37285.0,5.0,128.0,129.0
0.9625777567017765,0.26418221057499613,0.9660372040586246,0.4149013436629948,0.5458944006012777,7096.0,35480.0,5.0,129.0,130.0
0.9624970083799377,0.2634069974878946,0.9629974710501797,0.41366495140080045,0.5450108700474733,7513.0,37565.0,5.0,130.0,131.0
0.9856874830290958,0.2669564536340852,0.9875416485585977,0.4202965566139523,0.5459703510550968,6903.0,34515.0,5.0,131.0,132.0
0.9823106466637133,0.2691463599212956,0.9844982698961938,0.4227260571122931,0.5518569780853518,7225.0,36125.0,5.0,132.0,133.0
0.9822194278474214,0.2681310635182134,0.9846732992739984,0.4214887923344747,0.5494980729586807,7438.0,37190.0,5.0,133.0,134.0
0.9704937788674505,0.2670007895369194,0.976277143215765,0.41932179632325195,0.549349399606711,7967.0,39835.0,5.0,134.0,135.0
0.964490621015541,0.2644522865354531,0.9648261215821609,0.41512235515833357,0.546876382621007,7534.0,37670.0,5.0,135.0,136.0
0.945238620052611,0.257831241525571,0.9487015479084048,0.4054674685620558,0.536309752249371,7817.0,39085.0,5.0,136.0,137.0
0.9643680670556006,0.263071369858118,0.9655036726128017,0.41348125263305713,0.5434811122770199,7624.0,38120.0,5.0,137.0,138.0
0.9745024609120474,0.26507445083296477,0.9834541227950225,0.4175932646247641,0.5428004922740326,7313.0,36565.0,5.0,138.0,139.0
0.9731415991599544,0.2645915784219346,0.972990690966304,0.41604529909738186,0.5447751409466369,7627.0,38135.0,5.0,139.0,140.0
0.9742179203542212,0.2662375658279696,0.9766568285484304,0.41841485142824303,0.5474912798497451,7454.0,37270.0,5.0,140.0,141.0
0.9819615260423672,0.2665424739195231,0.9830974302597224,0.41938036755869507,0.546310292703037,7277.0,36385.0,5.0,141.0,142.0
0.9724175099567888,0.26746576535767796,0.9790816326530613,0.42015380825966775,0.5495960884353741,7840.0,39200.0,5.0,142.0,143.0
0.9724182731992137,0.26794637626219114,0.9759005899334756,0.42045208738914125,0.5516087193004476,7967.0,39835.0,5.0,143.0,144.0
0.9632333575136086,0.262528047868362,0.9683394640042039,0.41306845246434476,0.5413601331231389,7612.0,38060.0,5.0,144.0,145.0
0.9754052606167721,0.26556044700304776,0.9779274223718668,0.41769421289515035,0.5455584653115517,8019.0,40095.0,5.0,145.0,146.0
0.9737955653989443,0.2660033934906679,0.9755338707396408,0.41802260400569646,0.5472823268750294,7071.0,35355.0,5.0,146.0,147.0
0.9764166082762837,0.26575550493545935,0.9797684183738389,0.41810333125186655,0.5454680408873054,7859.0,39295.0,5.0,147.0,148.0
0.9712311455358213,0.26494447507285185,0.9749311693957398,0.41665892553026784,0.5450176302951263,6901.0,34505.0,5.0,148.0,149.0
0.9810237066633128,0.26983058056284115,0.9842275371687136,0.4235444657709533,0.5534798534798535,7735.0,38675.0,5.0,149.0,150.0
0.9734781704560102,0.26771367067883456,0.9785017730496454,0.420406122789059,0.5503287529550828,9024.0,45120.0,5.0,150.0,151.0
0.9719165849886503,0.26606039807824294,0.9785434810046699,0.4183687235248091,0.546531196095755,7923.0,39615.0,5.0,151.0,152.0
0.985982047047019,0.2660058933833378,0.9891845737868222,0.41926533566560104,0.5432854228926521,7027.0,35135.0,5.0,152.0,153.0
0.9522254298402912,0.2633836970714419,0.9548282391127941,0.4128775695195766,0.547403299972951,7394.0,36970.0,5.0,153.0,154.0
0.9754221600984174,0.26772005921029984,0.9779929577464789,0.42036701710764574,0.5504904426559356,7952.0,39760.0,5.0,154.0,155.0
0.9785493685404972,0.2686414708886619,0.982101467937162,0.421882346433609,0.5513992617392051,7766.0,38830.0,5.0,155.0,156.0
0.9756379920741614,0.26812028273631244,0.9812920198772289,0.4211648841075181,0.5504482120237747,6842.0,34210.0,5.0,156.0,157.0
0.981189166920755,0.2671453246181461,0.9839091929649495,0.4202002983166418,0.5474616440064862,8017.0,40085.0,5.0,157.0,158.0
0.9820806036341507,0.26741085271317827,0.9835766423357665,0.42049831781169245,0.5481675790754258,8768.0,43840.0,5.0,158.0,159.0
0.9829050337559369,0.2688091763667832,0.9853215574076377,0.42238575161307523,0.5508562424845544,8039.0,40195.0,5.0,159.0,160.0
0.9693274664613903,0.26498422712933756,0.9746411483253589,0.41668158224449614,0.545195374800638,8360.0,41800.0,5.0,160.0,161.0
0.9773902719072024,0.2669809081352369,0.978498632861049,0.41950179832156653,0.5486577181208053,8046.0,40230.0,5.0,161.0,162.0
0.9857390445293946,0.2709087994870973,0.9895784543325526,0.42536806342015854,0.5543911007025761,8540.0,42700.0,5.0,162.0,163.0
0.9737959502955671,0.26671161625890966,0.9761457109283196,0.41895299576356665,0.5487269878574227,8510.0,42550.0,5.0,163.0,164.0
0.9720851962485167,0.265027050350161,0.9775954946131243,0.4170039428675875,0.5444213189683317,8168.0,40840.0,5.0,164.0,165.0
0.9736016877789242,0.26568541002509666,0.9757130402291693,0.417646274823404,0.5464981110142401,8029.0,40145.0,5.0,165.0,166.0
0.9677696853956302,0.26487293499075004,0.97143197238424,0.41625012751198615,0.5458873943578145,8401.0,42005.0,5.0,166.0,167.0
0.9705192420421773,0.26391517012388876,0.9745550428477258,0.4153509018373883,0.5427378598110305,7585.0,37925.0,5.0,167.0,168.0
0.9728986606241445,0.26423064737564683,0.9767078724788549,0.41593704976172,0.5428323574062025,7685.0,38425.0,5.0,168.0,169.0
0.9810010191112494,0.26802852572647295,0.9862660944206009,0.4215077431019574,0.5488044144696506,8155.0,40775.0,5.0,169.0,170.0
0.9615547925809435,0.2638213578245993,0.9640694919715714,0.4142748070016684,0.5456479775379486,7598.0,37990.0,5.0,170.0,171.0
0.9754894865069101,0.2654318654318654,0.9789488359124494,0.4176281670036874,0.5449602676704308,7173.0,35865.0,5.0,171.0,172.0
0.961008322843344,0.26223263990624085,0.9669142471303174,0.41257310783946527,0.5410983569660139,7405.0,37025.0,5.0,172.0,173.0
0.9731545052916044,0.2665092513741581,0.9739708586787381,0.41850287207853387,0.548898948460414,7069.0,35345.0,5.0,173.0,174.0
0.9666163832320674,0.2653914045895025,0.9690870823467509,0.41667373660247164,0.5477725160045602,7602.0,38010.0,5.0,174.0,175.0
0.9677535310777945,0.2662893291160313,0.9672269923811827,0.4176065162907268,0.550368847502721,8269.0,41345.0,5.0,175.0,176.0
0.975710698412012,0.2667100397205862,0.9777805674114989,0.4191014258810869,0.5482467152062934,7966.0,39830.0,5.0,176.0,177.0
0.9775852122852567,0.26662435653338973,0.9810586403736378,0.4192958136955919,0.5470939283860924,7708.0,38540.0,5.0,177.0,178.0
0.9768202554059342,0.26585374626811986,0.9795891318754142,0.4182085667402252,0.545747735807378,7545.0,37725.0,5.0,178.0,179.0
0.9782324191594439,0.2678276999175598,0.9831042743664102,0.42097022379396914,0.5492581851805153,7931.0,39655.0,5.0,179.0,180.0
0.9800364379477855,0.2671668940427467,0.982989403234802,0.4201430274135876,0.547778397471649,7172.0,35860.0,5.0,180.0,181.0
0.9775758437596032,0.2685278243067188,0.9817637452367991,0.42171104550901706,0.5512384322264562,7348.0,36740.0,5.0,181.0,182.0
0.9744694562575706,0.26621562489481304,0.9792001980933515,0.41862065315196106,0.5466963806693904,8077.0,40385.0,5.0,182.0,183.0
0.9684982366394596,0.2673227555734083,0.970470288005833,0.4191795921580978,0.551768137076194,8229.0,41145.0,5.0,183.0,184.0
0.9514124103759748,0.26368894601542414,0.9616781905543186,0.4138905000882657,0.5460564865815071,8533.0,42665.0,5.0,184.0,185.0
0.9706374177119719,0.2669878394654027,0.970758581720582,0.4187945639588031,0.5509252719310637,7079.0,35395.0,5.0,185.0,186.0
0.9693881804177099,0.26642832822608103,0.9710846363862,0.4181361547504542,0.5495573756928932,8058.0,40290.0,5.0,186.0,187.0
0.9663487360351497,0.2626614858357411,0.9698344573881055,0.4133695708984477,0.5412221540976906,8155.0,40775.0,5.0,187.0,188.0
0.9755179366857892,0.27032027561566924,0.981696014828545,0.423911955977989,0.5552981155390794,8632.0,43160.0,5.0,188.0,189.0
0.9615193192462997,0.26528442317916,0.9644375724777735,0.4161107404936624,0.5488983378430614,7761.0,38805.0,5.0,189.0,190.0
0.9803647460917765,0.26376658225934463,0.9847608296881615,0.41608537530555056,0.5393443394007807,7087.0,35435.0,5.0,190.0,191.0
0.9760997386216561,0.26597003154574134,0.9788366186963358,0.41828376527738304,0.5462369492481961,8269.0,41345.0,5.0,191.0,192.0
0.9491395550723141,0.26232463616100693,0.9563814531548758,0.41171931268649037,0.5444949012109624,8368.0,41840.0,5.0,192.0,193.0
0.9735566879291275,0.2660006244146113,0.9779364876928963,0.41823933675139086,0.5465714407175956,7841.0,39205.0,5.0,193.0,194.0
0.9705775893237133,0.26312742011363227,0.9776791717090224,0.4146564014827488,0.5399578683160773,7437.0,37185.0,5.0,194.0,195.0
0.9785423657909121,0.2653275312767115,0.9835805847616305,0.4179186683394021,0.543353017427625,6943.0,34715.0,5.0,195.0,196.0
0.9730463454244916,0.26386364415789293,0.9751584283903676,0.4153418445841993,0.542437684833122,7890.0,39450.0,5.0,196.0,197.0
0.9821066460059581,0.2683000301235064,0.9846456209310895,0.4216949865853017,0.5498914957212464,8141.0,40705.0,5.0,197.0,198.0
0.985999100454507,0.2695064190452449,0.9918577981651376,0.42384592766833284,0.5505733944954129,8720.0,43600.0,5.0,198.0,199.0
0.9696853874311663,0.265970712936901,0.9726384364820847,0.4177158524984612,0.548056460369164,7675.0,38375.0,5.0,199.0,200.0
0.9791998798771967,0.2659004577773449,0.9850853981236468,0.4187651795986195,0.5442426429316013,8314.0,41570.0,5.0,200.0,201.0
0.9652108123175872,0.26521939953810625,0.9700416713593873,0.4165497896213184,0.5470961444607125,8879.0,44395.0,5.0,201.0,202.0
0.9749976639009874,0.26751449530704424,0.9772966647162084,0.4200492932951059,0.5502243027111371,8545.0,42725.0,5.0,202.0,203.0
0.9811381784981207,0.2676859966436696,0.982749178532311,0.4207626249303907,0.5490370573201898,7304.0,36520.0,5.0,203.0,204.0
0.9688731545227007,0.2645234586096782,0.9760933605257195,0.4162439000821375,0.5436966538258177,8826.0,44130.0,5.0,204.0,205.0
0.9789451621810892,0.266518287213899,0.9810467106872096,0.41916355372116715,0.5468533463764572,8178.0,40890.0,5.0,205.0,206.0
0.9763891627020079,0.26658569910429636,0.9788182831661093,0.4190430736188999,0.5476588628762542,7176.0,35880.0,5.0,206.0,207.0
0.9855816149605449,0.2680114293489353,0.9879623824451411,0.4216412918417039,0.5482758620689655,7975.0,39875.0,5.0,207.0,208.0
0.9747919409237219,0.26865913285626397,0.9788815478999529,0.42160623999593483,0.5523635362592417,8476.0,42380.0,5.0,208.0,209.0
0.9719798985409639,0.2661217704509247,0.9811031664964249,0.4186781452623549,0.545922710248553,7832.0,39160.0,5.0,209.0,210.0
0.9714346141708889,0.265690857536976,0.9777213761985336,0.41783669780054233,0.5459202857680016,7092.0,35460.0,5.0,210.0,211.0
0.9691089019231778,0.26726601156875046,0.9702719797596457,0.4190913313116411,0.5516972380349989,7905.0,39525.0,5.0,211.0,212.0
0.965305621921097,0.26441546186769116,0.966375169355832,0.41522015241320914,0.5463316500390032,8119.0,40595.0,5.0,212.0,213.0
0.978937603887381,0.26985087942900843,0.9872930753089298,0.42385266002702565,0.5526540763192663,8578.0,42890.0,5.0,213.0,214.0
0.9724830573650642,0.26604120194200237,0.9726553130247062,0.4178043377466385,0.548213000719597,8338.0,41690.0,5.0,214.0,215.0
0.96001338005262,0.26287704498977504,0.9648176380907705,0.41317831403962535,0.5432352136351198,8527.0,42635.0,5.0,215.0,216.0
0.9835491654852564,0.26865616311399443,0.9880027266530333,0.4224424366074031,0.5497386957509657,7335.0,36675.0,5.0,216.0,217.0
0.9795986736138064,0.2694188483417052,0.9851599562097069,0.4231231388119743,0.5522847990917569,8221.0,41105.0,5.0,217.0,218.0
0.9805835493889586,0.26678872207982424,0.9840626688276607,0.4197730022469321,0.5465964343598055,7404.0,37020.0,5.0,218.0,219.0
0.970765117636894,0.266176067640036,0.9725400457665904,0.41795998647776517,0.5485554919908466,6992.0,34960.0,5.0,219.0,220.0
0.9677005212006918,0.2637952744241167,0.9704359673024523,0.4148273251412265,0.5436875567665759,7340.0,36700.0,5.0,220.0,221.0
0.9770222008090856,0.2662497436948944,0.9790148278461925,0.4186458893068243,0.546829186562788,7958.0,39790.0,5.0,221.0,222.0
0.9676095875715072,0.2629684437867456,0.9713399320431378,0.41388644089135085,0.541488156793224,6769.0,33845.0,5.0,222.0,223.0
0.9708029070490077,0.26681733112044914,0.9743391360412637,0.4189166712867994,0.5494949494949495,7755.0,38775.0,5.0,223.0,224.0
0.9748592154184291,0.2665236215946971,0.9766919404661611,0.418771259143313,0.5481372273705888,7122.0,35610.0,5.0,224.0,225.0
0.9760554144022943,0.267150196433968,0.9796370688461006,0.4198153809622748,0.5487140416493512,7219.0,36095.0,5.0,225.0,226.0
0.9702536545281678,0.26603906328520216,0.9691237490846961,0.41747496254238625,0.5492433487917989,8194.0,40970.0,5.0,226.0,227.0
0.9732850394439547,0.2655544222643159,0.9747292418772563,0.4173942916034468,0.5464857155591211,7479.0,37395.0,5.0,227.0,228.0
0.9883819078008944,0.26667884545122394,0.9900976668475312,0.4201830637269012,0.5445831072526678,7372.0,36860.0,5.0,228.0,229.0
0.967671868514089,0.264391510154222,0.9753555837206027,0.4160134546655855,0.5436088813782096,7101.0,35505.0,5.0,229.0,230.0
0.9728976079248537,0.2654510921177588,0.9752965806001396,0.41731860256793074,0.5460804838334496,7165.0,35825.0,5.0,230.0,231.0
0.9749296404040719,0.2663213593680131,0.9774343544857768,0.4185896685018156,0.5474562363238512,7312.0,36560.0,5.0,231.0,232.0
0.9658169396299977,0.26352380321790375,0.9682520374650286,0.4142920342467536,0.5437092000162186,8221.0,41105.0,5.0,232.0,233.0
0.8972403541232586,0.2496692684217489,0.8989045010716837,0.39079567220582906,0.5329046598396444,8398.0,41990.0,5.0,233.0,234.0
0.981259968519256,0.2676086039645719,0.9843568196509372,0.4208141045126703,0.5483947425123896,7735.0,38675.0,5.0,234.0,235.0
0.9772022989122692,0.2653517470161901,0.9804156674660272,0.4176622492125202,0.5443423039346301,7506.0,37530.0,5.0,235.0,236.0
0.962558336759811,0.26473660647664526,0.9686049686049686,0.41582185760328155,0.5464100464100464,7326.0,36630.0,5.0,236.0,237.0
0.9765012518734616,0.26515941195499804,0.9798113959357152,0.41736916548797737,0.5440740248815691,7529.0,37645.0,5.0,237.0,238.0
0.9730491200656037,0.26695783638501597,0.9790537210448497,0.4195242997808928,0.5484434039756859,8116.0,40580.0,5.0,238.0,239.0
0.9819932161176822,0.2661438821512477,0.9842667605964541,0.4189928776708734,0.5450471605807992,8517.0,42585.0,5.0,239.0,240.0
0.9728087348320381,0.26604068857589985,0.9772556860784803,0.4182265482939352,0.5468632841789552,8002.0,40010.0,5.0,240.0,241.0
0.9756974398672588,0.2665395485035241,0.9761815687741614,0.41874398202631863,0.5483227335079187,8019.0,40095.0,5.0,241.0,242.0
0.9760296767064816,0.2652262991246042,0.9793672627235214,0.4174116957350139,0.5443603851444292,7270.0,36350.0,5.0,242.0,243.0
0.976933454422114,0.2669022046353872,0.9794627113369982,0.4194931254303547,0.5481969366939806,9641.0,48205.0,5.0,243.0,244.0
0.9587622352396695,0.26188955139125497,0.9628131524008351,0.41177455357142856,0.5415361864996521,7664.0,38320.0,5.0,244.0,245.0
0.9693767405450716,0.2647905116148502,0.9715462855671431,0.41615883082862265,0.545663276254238,7767.0,38835.0,5.0,245.0,246.0
0.976497459175805,0.26473436883452306,0.980600584639915,0.4169138208626388,0.5428514483125166,7526.0,37630.0,5.0,246.0,247.0
0.9834646302172282,0.26807718348002707,0.9860540405927033,0.42154853477416093,0.5489768812518159,8031.0,40155.0,5.0,247.0,248.0
0.9801613306884465,0.2662866722548198,0.9807359841936281,0.41884871977427945,0.5464106363711204,8098.0,40490.0,5.0,248.0,249.0
0.9850645833000747,0.2679525428432665,0.9883557261676263,0.42160421385879204,0.5480272979313286,7815.0,39075.0,5.0,249.0,250.0
0.9664555940523174,0.2637287155200463,0.9671218348137346,0.4144415407340075,0.5445225153564011,7543.0,37715.0,5.0,250.0,251.0
0.9753553493345554,0.26553005933233254,0.9787878787878788,0.41773504273504275,0.5452349582784365,7590.0,37950.0,5.0,251.0,252.0
0.9668701570799512,0.26378794356562635,0.9698485281509003,0.4147645674825068,0.543845860722111,6998.0,34990.0,5.0,252.0,253.0
0.9669881305235062,0.2630648256142067,0.973816155988858,0.4142302793329186,0.5409702878365831,7180.0,35900.0,5.0,253.0,254.0
0.9730223355833892,0.2660849331006399,0.9766548042704626,0.4182261505638525,0.547141162514828,7025.0,35125.0,5.0,254.0,255.0
0.9775327232809216,0.2645048140592004,0.9828434632264929,0.41683118055163854,0.5416500421155296,7519.0,37595.0,5.0,255.0,256.0
0.9781613668412382,0.26785714285714285,0.9813264649066323,0.4208433435506586,0.5498390212491951,7765.0,38825.0,5.0,256.0,257.0
0.9674311938205252,0.26686576307527377,0.9721059972105998,0.4187695265561163,0.5502556950255695,7170.0,35850.0,5.0,257.0,258.0
0.9773562932267119,0.2667416340300128,0.9831356295555238,0.41963033001891054,0.5467581344385689,6997.0,34985.0,5.0,258.0,259.0
0.9622305039729198,0.26322513812154696,0.9659148504815003,0.41370888961250407,0.5437151545869234,7892.0,39460.0,5.0,259.0,260.0
0.9695286725299902,0.2650175360047758,0.9732803507810359,0.41659824046920824,0.5456746140495112,7298.0,36490.0,5.0,260.0,261.0
0.9813337296034947,0.2679108128887957,0.9835771105978958,0.4211162381894089,0.5493114361474639,7794.0,38970.0,5.0,261.0,262.0
0.9650543565907109,0.2645258887437255,0.9670688788335847,0.4154203336752875,0.5463800904977375,7956.0,39780.0,5.0,262.0,263.0
0.9740615457474356,0.2671788166067342,0.9768136727620413,0.4195908309161383,0.5495996175451178,8367.0,41835.0,5.0,263.0,264.0
0.9737435022450127,0.26703707903390406,0.9786674054578196,0.4195866492457537,0.5487371288728817,7219.0,36095.0,5.0,264.0,265.0
0.9746715336339238,0.2648009402086088,0.9789545145960624,0.41684733905703464,0.5434940031681376,7365.0,36825.0,5.0,265.0,266.0
0.981755802355837,0.2666826118153552,0.9842577607768133,0.4196593796066869,0.5462949340395272,6797.0,33985.0,5.0,266.0,267.0
0.9585159230381711,0.2618061025307353,0.9647905098435133,0.41185185185185186,0.540741208144035,7924.0,39620.0,5.0,267.0,268.0
0.9807737621178758,0.267299815130315,0.9858288770053476,0.4205663444263838,0.54725935828877,7480.0,37400.0,5.0,268.0,269.0
0.9707878317400382,0.26467760885819064,0.9764875870221988,0.4164705882352941,0.5439380007881256,7613.0,38065.0,5.0,269.0,270.0
0.9782797091363473,0.26759414315771396,0.980182447310475,0.42041353256653285,0.5495700954178463,6358.0,31790.0,5.0,270.0,271.0
0.9784024185193613,0.26762486252796847,0.9804112253403723,0.4204724878601007,0.549573955728443,7198.0,35990.0,5.0,271.0,272.0
0.9813412692094446,0.266929896446398,0.9836650652024709,0.419911517388884,0.5470372912377031,7285.0,36425.0,5.0,272.0,273.0
0.9744565606081641,0.2654134073513332,0.9757266542980829,0.41731138001719237,0.5458668315811173,6468.0,32340.0,5.0,273.0,274.0
0.9616702978741354,0.2620936208244889,0.9631859860407828,0.4120608899297424,0.541900460745404,7307.0,36535.0,5.0,274.0,275.0
0.9649720078525555,0.26503298051848445,0.9701010668163953,0.41632530120481925,0.5466498221972674,7124.0,35620.0,5.0,275.0,276.0
0.9726587869781411,0.2636086925745027,0.9743589743589743,0.4149534793024681,0.5420809349380777,7644.0,38220.0,5.0,276.0,277.0
0.9829151226938216,0.2674616695059625,0.9845832244577999,0.4206530840078147,0.5479923351624423,7654.0,38270.0,5.0,277.0,278.0
0.9790800571751956,0.26700822528927926,0.9815502882767457,0.4198153272871743,0.5478325859491778,7805.0,39025.0,5.0,278.0,279.0
0.9782235403568802,0.2632387706855792,0.9804813619019666,0.41504628191588494,0.5393797084434009,6814.0,34070.0,5.0,279.0,280.0
0.9763536445238092,0.26547059776445814,0.9771914132379249,0.417515923566879,0.5455674816139933,6708.0,33540.0,5.0,280.0,281.0
0.974399633702859,0.26458643290844025,0.9762611275964391,0.41633711917491856,0.5437932739861523,6740.0,33700.0,5.0,281.0,282.0
0.9727572330332686,0.2642664613015017,0.9714083510261854,0.415498713485697,0.5444916253833452,7065.0,35325.0,5.0,282.0,283.0
0.9816997200474712,0.2669530887134231,0.9844419069369112,0.4200109615735948,0.5468645922542582,7006.0,35030.0,5.0,283.0,284.0
0.9637357254066468,0.26469480675088153,0.9703815261044176,0.41593372602813417,0.5457873159303882,7968.0,39840.0,5.0,284.0,285.0
0.968910099855218,0.2644013193219299,0.9731789949181253,0.4158272513420592,0.5442781855825334,7084.0,35420.0,5.0,285.0,286.0
0.9799735836713759,0.26886008640744435,0.981134617976014,0.42206248913106487,0.5521717648115708,7421.0,37105.0,5.0,286.0,287.0
0.9825358264858367,0.2673157461431077,0.9873083024854574,0.42072054308329343,0.5468667371760974,7564.0,37820.0,5.0,287.0,288.0
0.9879691347761602,0.2670405522001726,0.9900344488188977,0.4206262087711045,0.5454396325459318,8128.0,40640.0,5.0,288.0,289.0
0.9760879722003918,0.26517299088083607,0.977464434092912,0.41717263983665576,0.5447983549456544,7943.0,39715.0,5.0,289.0,290.0
0.9739381223540187,0.2651342340761537,0.9750483975048397,0.4169042582543916,0.5454219545421954,9298.0,46490.0,5.0,290.0,291.0
0.9660963783313633,0.2642784606226144,0.9696775022484903,0.41535498073747934,0.5450340485673905,7783.0,38915.0,5.0,291.0,292.0
0.9732601111496985,0.2648094061259642,0.9762562120375483,0.41661266568483063,0.5443125345113197,7244.0,36220.0,5.0,292.0,293.0
0.9816986068094897,0.26765204594170905,0.9841195153511352,0.4208461190200714,0.5485629141669608,8501.0,42505.0,5.0,293.0,294.0
0.9650231589957465,0.26374510352546165,0.963952447910009,0.41416998489633394,0.5455068388086411,7823.0,39115.0,5.0,294.0,295.0
0.9817058033490611,0.26603308694121786,0.9843709299296692,0.41886499667479493,0.5447599201180863,7678.0,38390.0,5.0,295.0,296.0
0.9845194015019111,0.2667819288882207,0.9878914405010438,0.420111864105827,0.5454650893064255,7185.0,35925.0,5.0,296.0,297.0
0.974526432036095,0.2654459753444525,0.9783509287718829,0.4175911929954653,0.5451690498463183,7483.0,37415.0,5.0,297.0,298.0
0.9788735898815706,0.26801237044466736,0.9831365935919055,0.4212012741781879,0.5496703970565691,6523.0,32615.0,5.0,298.0,299.0
0.9799741687014234,0.2669611864941622,0.983435047951177,0.4199292672333561,0.547176208466531,6882.0,34410.0,5.0,299.0,300.0
0.9785437640991735,0.2636512772439653,0.9818181818181818,0.41567878806540015,0.5399515151515152,6875.0,34375.0,5.0,300.0,301.0
0.9641035065861941,0.26220715855339116,0.9646478487256782,0.4123349049696899,0.5417237599342286,7298.0,36490.0,5.0,301.0,302.0
0.9723574085943946,0.26464078693131915,0.9745148771021992,0.4162453377538334,0.5444372574385511,7730.0,38650.0,5.0,302.0,303.0
0.9857564112020097,0.26784551963549574,0.9911682055399438,0.42172687676146553,0.5469690887193898,7473.0,37365.0,5.0,303.0,304.0
0.9690563844813384,0.26302055406613045,0.9736667989943099,0.41416188224698863,0.5409112963698116,7557.0,37785.0,5.0,304.0,305.0
0.9764166209320454,0.26718504727485126,0.9800482056775576,0.41989615903158256,0.5486743438671666,7468.0,37340.0,5.0,305.0,306.0
0.9631195571426115,0.26407293184668046,0.9636408607469701,0.41454526108584044,0.5463558413719185,8086.0,40430.0,5.0,306.0,307.0
0.96244651698116,0.26516160467760275,0.9667219327333018,0.4161717097045553,0.5479433128059371,8444.0,42220.0,5.0,307.0,308.0
0.9728595896353053,0.26750522544043,0.9776292456690765,0.4200685754476453,0.5501068521802391,7331.0,36655.0,5.0,308.0,309.0
0.9776307657193138,0.26752726463387494,0.9794920548689393,0.42026747472392995,0.5496174566526325,7363.0,36815.0,5.0,309.0,310.0
0.9670121130409566,0.26487455197132614,0.9727524022640516,0.4163732146378567,0.5455004168312053,7597.0,37985.0,5.0,310.0,311.0
0.9744572795464408,0.26626168862193705,0.978061928043124,0.4185734595885083,0.547135514604488,7977.0,39885.0,5.0,311.0,312.0
0.9777580487138314,0.26795128833444715,0.9809705042816366,0.42092677378904086,0.5501563137148294,7357.0,36785.0,5.0,312.0,313.0
0.9729517279173019,0.264095822378031,0.9761101363206911,0.41571580490328514,0.5426958203986143,7409.0,37045.0,5.0,313.0,314.0
0.9640489517964222,0.2640879215601767,0.9678820587073845,0.4149548532731377,0.545127462594884,7597.0,37985.0,5.0,314.0,315.0
0.9801762075761999,0.26826823590274185,0.9830568720379147,0.421509855720382,0.5502764612954186,8440.0,42200.0,5.0,315.0,316.0
0.9674508639744349,0.2641509433962264,0.970703125,0.41529141424691873,0.54443359375,7168.0,35840.0,5.0,316.0,317.0
0.9831868931657618,0.26876572263247583,0.9865951742627346,0.42244897959183675,0.5503922152715719,6714.0,33570.0,5.0,317.0,318.0
0.9778579904994501,0.2680013650324195,0.9824854045037531,0.42112789346679774,0.5498331943286072,7194.0,35970.0,5.0,318.0,319.0
0.9814515780598148,0.2668794500368279,0.985238896801761,0.41999227245128884,0.5464629461780828,7723.0,38615.0,5.0,319.0,320.0
0.9758739553729153,0.268015301375056,0.9768873257128502,0.4206284817999892,0.5514801323116861,7961.0,39805.0,5.0,320.0,321.0
0.9784101116488364,0.26754942185751585,0.980319803198032,0.42037096726931755,0.5494282720604984,7317.0,36585.0,5.0,321.0,322.0
0.9844486392709813,0.26931151813509013,0.9876543209876543,0.4232202281066014,0.5513297048541971,7533.0,37665.0,5.0,322.0,323.0
0.9742277232726888,0.26547727362633017,0.9789934354485776,0.41768842970062864,0.5450522732798444,6855.0,34275.0,5.0,323.0,324.0
0.966076296558063,0.26764361494517974,0.980246913580247,0.4204805173086571,0.5496642841672081,7695.0,38475.0,5.0,324.0,325.0
0.9703538197676356,0.26407501465129907,0.9734984876854386,0.4154527014567583,0.5434250324067406,6943.0,34715.0,5.0,325.0,326.0
0.9753878546273872,0.26431978700587955,0.9789098877019995,0.4162469063910322,0.5423856477677349,7302.0,36510.0,5.0,326.0,327.0
0.9800694293226531,0.26606899239914245,0.9824409902130109,0.4187344722878263,0.5454087507196316,6948.0,34740.0,5.0,327.0,328.0
0.976280138359597,0.26529154763905227,0.9769492574257426,0.41727236685608565,0.5452248349834984,6464.0,32320.0,5.0,328.0,329.0
0.9729190860705754,0.2633866097075937,0.9766489143793528,0.41488528584273576,0.5408757795074878,7323.0,36615.0,5.0,329.0,330.0
0.9838826323948323,0.2666799363057325,0.9858719646799117,0.4198026006579978,0.5458180034338975,6795.0,33975.0,5.0,330.0,331.0
0.9426407788244396,0.2583311117035457,0.9444444444444444,0.40569395017793597,0.5388239116309291,7182.0,35910.0,5.0,331.0,332.0
0.9649333236791838,0.26350233728874506,0.9670097651095276,0.4141516898383633,0.5440309668338172,7578.0,37890.0,5.0,332.0,333.0
0.9700300771951271,0.26526160103531154,0.9734056987788331,0.4169112305680662,0.5462008141112619,7370.0,36850.0,5.0,333.0,334.0
0.9780248646706032,0.26684709993490696,0.978886515018223,0.41937220696710276,0.5482384483264212,7957.0,39785.0,5.0,334.0,335.0
0.9804609355705337,0.2662854889589905,0.9845458521650386,0.4191936435022813,0.5452932886232201,6859.0,34295.0,5.0,335.0,336.0
0.9853311267200072,0.26776089159067884,0.9871507545196474,0.4212573323131854,0.5479356541660442,6693.0,33465.0,5.0,336.0,337.0
0.9638786321046373,0.26303548653312325,0.9671724137931035,0.4135897133419842,0.542896551724138,7250.0,36250.0,5.0,337.0,338.0
0.9521867055150885,0.25901685492100357,0.9498064516129032,0.4070336475987724,0.5387741935483871,7750.0,38750.0,5.0,338.0,339.0
0.9715808415696949,0.2661088161564806,0.9751584939836978,0.4181182736047931,0.5476344503385517,7729.0,38645.0,5.0,339.0,340.0
0.9678231345833644,0.26417250276446735,0.968382650993109,0.4151052677304451,0.5451740755753727,7401.0,37005.0,5.0,340.0,341.0
0.9805022439184322,0.2655977433841814,0.9822923816060398,0.4181371976159869,0.5443605582246626,7285.0,36425.0,5.0,341.0,342.0
0.9816422760969563,0.26650585802894555,0.9847211611917495,0.41948256223897595,0.545751633986928,7854.0,39270.0,5.0,342.0,343.0
0.9736600880691576,0.26360933602159725,0.9773216774357025,0.4152223059532781,0.541196841082816,7893.0,39465.0,5.0,343.0,344.0
0.9813574653903799,0.26682925079797726,0.9852999602701629,0.4199356550206017,0.546329404493886,7551.0,37755.0,5.0,344.0,345.0
0.9780631073716237,0.26556245179771565,0.9792795232936078,0.4178198942593823,0.5451652221018418,7384.0,36920.0,5.0,345.0,346.0
0.9633221299561189,0.26430272972234153,0.9661670235546038,0.41506194039004046,0.5461337140137996,7005.0,35025.0,5.0,346.0,347.0
0.9746688473351104,0.26610407876230663,0.9822011272619401,0.4187561260947924,0.5455601700781173,6742.0,33710.0,5.0,347.0,348.0
0.9703462530764387,0.26634854771784233,0.9771654741969859,0.41859858489028007,0.5475973004516161,6569.0,32845.0,5.0,348.0,349.0
0.9548540288180409,0.2616361071932299,0.962320819112628,0.41141623135961713,0.5410921501706485,7325.0,36625.0,5.0,349.0,350.0
0.9591683123157353,0.26375759318500414,0.9634978991596639,0.4141434094308209,0.545671393557423,7616.0,38080.0,5.0,350.0,351.0
0.9796456789045138,0.2681255301102629,0.984797507788162,0.42149333333333333,0.5494496365524403,8025.0,40125.0,5.0,351.0,352.0
0.96600400732754,0.2648036567629337,0.9680972274971515,0.4158577371726895,0.5467147740220281,7899.0,39495.0,5.0,352.0,353.0
0.9675990681251926,0.2634954954954955,0.9671957671957672,0.4141602945341263,0.5439594356261023,7560.0,37800.0,5.0,353.0,354.0
0.9568596421777312,0.2640424131120274,0.9618783135571826,0.4143443625785052,0.5468105697214508,7922.0,39610.0,5.0,354.0,355.0
0.9835884034204873,0.26756569847856154,0.9854814060112074,0.4208637006417927,0.5479707930039056,7852.0,39260.0,5.0,355.0,356.0
0.9546790913063611,0.26201143210257993,0.966794926606812,0.4122884317359993,0.5406156477126978,7017.0,35085.0,5.0,356.0,357.0
0.9753916148670989,0.26589034449296456,0.9778230945704818,0.41809264305177113,0.5463505820375563,7846.0,39230.0,5.0,357.0,358.0
0.9739271315084943,0.26448277163452466,0.9772695579417097,0.4163003445408103,0.5432529168409799,7171.0,35855.0,5.0,358.0,359.0
0.9783405893130253,0.2681310767014764,0.9792214623882167,0.4209871657149319,0.5510696124846572,7604.0,38020.0,5.0,359.0,360.0
0.9842792396029449,0.2677680916669839,0.985292057711164,0.42109674329501917,0.5484895176728767,7139.0,35695.0,5.0,360.0,361.0
0.9780765543208085,0.265018818760857,0.9803212851405623,0.4172411828385847,0.5435966086568497,7470.0,37350.0,5.0,361.0,362.0
0.9797586309117687,0.26688684438153654,0.9816341287057122,0.41967294197656807,0.547529525186792,6915.0,34575.0,5.0,362.0,363.0
0.9701972745730627,0.26375575515133215,0.9663993362831859,0.41440853839312186,0.5448008849557522,7232.0,36160.0,5.0,363.0,364.0
0.982209439933516,0.26829366355741396,0.985380980507974,0.42175451902414357,0.5496652884426068,6772.0,33860.0,5.0,364.0,365.0
0.96236934132067,0.26285867936849383,0.9662524710533748,0.41328703004680656,0.5427609903040572,7082.0,35410.0,5.0,365.0,366.0
0.9802978978175519,0.2671782350889432,0.9834381820516113,0.4201980306645821,0.5476740702700389,7789.0,38945.0,5.0,366.0,367.0
0.9833096851190793,0.2696579830589739,0.9852554744525548,0.42342681473116256,0.5527980535279805,6850.0,34250.0,5.0,367.0,368.0
0.975306572104019,0.2652817389963771,0.9763120567375887,0.4172020851012244,0.5453900709219858,7050.0,35250.0,5.0,368.0,369.0
0.979398363954424,0.26722825894595265,0.9848682494129924,0.42039032267045295,0.547373684668232,7666.0,38330.0,5.0,369.0,370.0
0.9783735360928845,0.2667782738095238,0.980046467131338,0.41939351405094016,0.5477426996492187,7317.0,36585.0,5.0,370.0,371.0
0.9811045169161547,0.26770543639757705,0.9838980677681322,0.4208918570872391,0.5487491832353216,7142.0,35710.0,5.0,371.0,372.0
0.967112669237177,0.2646314586564362,0.9710948030552643,0.41592097244940507,0.5454295841445759,6677.0,33385.0,5.0,372.0,373.0
0.9792684325601262,0.2664126036223628,0.9824688496088091,0.419162416937104,0.5461943398048875,6902.0,34510.0,5.0,373.0,374.0
0.9784935918900955,0.26606327462491847,0.9791447861965491,0.4184272112332895,0.5463615903975994,6665.0,33325.0,5.0,374.0,375.0
0.9607456583404638,0.26458449083260577,0.9630218113534594,0.41511783568382055,0.5477153449853146,6923.0,34615.0,5.0,375.0,376.0
0.9728284655242679,0.26570858283433135,0.9773861967694567,0.41782799748901445,0.546059716103769,6810.0,34050.0,5.0,376.0,377.0
0.9775326252243112,0.2659818640177597,0.9805798307670966,0.4184573491978926,0.5457529939427568,7209.0,36045.0,5.0,377.0,378.0
0.9812962966687935,0.2668833255955144,0.9840663681854095,0.4198904340497261,0.5468132736370819,7594.0,37970.0,5.0,378.0,379.0
0.9695500665236023,0.2630617603409567,0.9720191226096738,0.4140636698511575,0.541502624671916,7112.0,35560.0,5.0,379.0,380.0
0.9683847093482941,0.26345185651353054,0.971710430871899,0.41451867438190426,0.5425068910488902,6893.0,34465.0,5.0,380.0,381.0
0.9610000629351702,0.26506319364212444,0.9618854021090077,0.41560081242795194,0.5491466565027739,7871.0,39355.0,5.0,381.0,382.0
0.961203768795626,0.2628602112045821,0.9632690541781451,0.4130153551943304,0.5436617254799073,7623.0,38115.0,5.0,382.0,383.0
0.9753098057542693,0.26478287374045256,0.9791804800424347,0.4168454329908547,0.5433850506122088,7541.0,37705.0,5.0,383.0,384.0
0.9750947505612003,0.264745874830032,0.9788043478260869,0.41676549709293914,0.5434103260869565,7360.0,36800.0,5.0,384.0,385.0
0.9687803671343067,0.2617053264604811,0.9702720637027207,0.4122240703673423,0.5388409643884097,7535.0,37675.0,5.0,385.0,386.0
0.9299711435626103,0.2571608877046594,0.9314285714285714,0.4030441233034782,0.5401481481481482,7875.0,39375.0,5.0,386.0,387.0
0.9672821325956694,0.2662577163489537,0.9702886247877759,0.41785224676313787,0.549401056404452,7068.0,35340.0,5.0,387.0,388.0
0.9641689783084165,0.263543298480819,0.9658210947930574,0.4140931337473883,0.5444815309301291,7490.0,37450.0,5.0,388.0,389.0
0.9522746922574479,0.2601399083359178,0.9539997472513585,0.40880537203509154,0.5401238468343232,7913.0,39565.0,5.0,389.0,390.0
0.9689678004168794,0.26581452083977597,0.9741846115098854,0.4176654788899687,0.547244259748982,7941.0,39705.0,5.0,390.0,391.0
0.9777179179429573,0.26780058651026395,0.9803893501288291,0.4206873253278462,0.5499809142093711,6986.0,34930.0,5.0,391.0,392.0
0.969708686243405,0.2659663032705649,0.9748619587329265,0.41791509639642443,0.5473941683619103,6882.0,34410.0,5.0,392.0,393.0
0.9797832796312145,0.2655900800230697,0.9826620432115231,0.418161180476731,0.544234017960345,7498.0,37490.0,5.0,393.0,394.0
0.9790863093228785,0.26807292770828917,0.9817546583850931,0.4211490424646128,0.5502070393374742,7728.0,38640.0,5.0,394.0,395.0
0.98126764687432,0.2692178583417254,0.9839149400218102,0.4227604181919349,0.5521855688840421,7336.0,36680.0,5.0,395.0,396.0
0.9819798725313089,0.26669027105708326,0.9836041787579802,0.41960942094023707,0.5465031921067904,6892.0,34460.0,5.0,396.0,397.0
0.9789309744663034,0.26512313700486173,0.9805453205600589,0.417390758806738,0.5437730287398673,6785.0,33925.0,5.0,397.0,398.0
0.9740757539721906,0.2665361183637946,0.9768740031897927,0.4188034188034188,0.5481127060074429,7524.0,37620.0,5.0,398.0,399.0
0.9773078898237866,0.26744107516715065,0.9803193464537691,0.4202371793171146,0.5491810042497008,8079.0,40395.0,5.0,399.0,400.0
0.9597503704071277,0.26472933110101254,0.9613491603937464,0.4151403388135275,0.5485427523644084,6908.0,34540.0,5.0,400.0,401.0
0.9686561426552606,0.2648701243760047,0.9711493718008376,0.41622070799401695,0.5459645313065509,6447.0,32235.0,5.0,401.0,402.0
0.974848814208297,0.26746793748685965,0.9778375608506277,0.4200418225841955,0.5499615680245965,7806.0,39030.0,5.0,402.0,403.0
0.9751325950213803,0.26453115899825275,0.9783170591614015,0.4164552706378557,0.5430547578020295,6964.0,34820.0,5.0,403.0,404.0
0.9795481585917486,0.2671225322598434,0.9866920152091255,0.4204252856936207,0.5466005793952562,7364.0,36820.0,5.0,404.0,405.0
0.9837459949658529,0.2671963033521138,0.9872697319155309,0.42056909531708564,0.5466027657131446,6677.0,33385.0,5.0,405.0,406.0
0.9785759104352656,0.26813457024701015,0.9810523446019629,0.42116042952863036,0.5505498000727008,7336.0,36680.0,5.0,406.0,407.0
0.9757997106864142,0.2663425367307829,0.9784876140808344,0.41871234099531357,0.5471968709256845,7670.0,38350.0,5.0,407.0,408.0
0.9810887430902224,0.2683945170946904,0.9848243965891025,0.421828086792336,0.5500554029965795,6919.0,34595.0,5.0,408.0,409.0
0.9588239376210067,0.2620723724836359,0.9575812274368231,0.4115194414816251,0.5435469314079422,6648.0,33240.0,5.0,409.0,410.0
0.9641912274713806,0.26479511501977804,0.9656862745098039,0.4156243406974291,0.5474089635854342,7140.0,35700.0,5.0,410.0,411.0
0.9828239113269827,0.2662539968844798,0.9879829631883176,0.41946525445621285,0.5442145826995234,6574.0,32870.0,5.0,411.0,412.0
0.9729464256292795,0.26309724680027985,0.9766269477543538,0.4145242340735938,0.5402026682961605,6546.0,32730.0,5.0,412.0,413.0
0.9794528562873039,0.2658309745248686,0.981487011048074,0.41835306096474484,0.5451378520951528,6698.0,33490.0,5.0,413.0,414.0
0.9610141832473225,0.26378545098924244,0.9661110345777655,0.4144186733638647,0.54495568719291,7259.0,36295.0,5.0,414.0,415.0
0.9791020588614223,0.26455129452988124,0.9829307102560394,0.4168967421314191,0.5417329668740055,6913.0,34565.0,5.0,415.0,416.0
0.9642296706553902,0.2629375549692172,0.9677586430143726,0.4135221865663384,0.5424921230955155,7723.0,38615.0,5.0,416.0,417.0
0.9639410370443805,0.2644735378110744,0.9712612367202397,0.41574114560559683,0.545014982293653,7342.0,36710.0,5.0,417.0,418.0
0.9837208107540434,0.2660665362035225,0.9852173913043478,0.4189830508474576,0.5445893719806764,6900.0,34500.0,5.0,418.0,419.0
0.9836038373896813,0.2664522883637451,0.9868439274338734,0.41960842043279845,0.5450076166735909,7221.0,36105.0,5.0,419.0,420.0
0.9764314753973026,0.2657296097651193,0.9776810016330975,0.41788092952912775,0.5460215931772818,7348.0,36740.0,5.0,420.0,421.0
0.9714541647050138,0.26460148434979025,0.9720758693361433,0.41597384663078096,0.5450693712680014,7592.0,37960.0,5.0,421.0,422.0
0.9762677476454912,0.26510878323932313,0.9779759491960546,0.41713972855372733,0.5444984911948836,7401.0,37005.0,5.0,422.0,423.0
0.9660427962557836,0.26342661158313196,0.968615649183147,0.41420517220247577,0.5433744148275532,6978.0,34890.0,5.0,423.0,424.0
0.9727955918808731,0.2648692068592184,0.9770677660396805,0.41676054403077345,0.5442111139740616,7762.0,38810.0,5.0,424.0,425.0
0.9643275552059335,0.2645890945188967,0.9697245322245323,0.41574285555122276,0.5457380457380457,7696.0,38480.0,5.0,425.0,426.0
0.9791504025140005,0.26628797987114483,0.9832488738738738,0.41907904604769763,0.545678490990991,7104.0,35520.0,5.0,426.0,427.0
0.9693876238007375,0.2658057892034909,0.974095513748191,0.41764651133931063,0.5472503617945007,6910.0,34550.0,5.0,427.0,428.0
0.9766022835124988,0.2651445479627334,0.9794682422451995,0.4173196135812958,0.5441408173313639,6770.0,33850.0,5.0,428.0,429.0
0.9739830982048276,0.26606051572514533,0.9775465498357064,0.4182776801405975,0.5468236582694413,7304.0,36520.0,5.0,429.0,430.0
0.9676723581909262,0.26316158429723097,0.9647905422770496,0.4135272086362635,0.5439047374282532,7782.0,38910.0,5.0,430.0,431.0
0.9699271496915992,0.2652561636649764,0.9746851709072218,0.41702174450889296,0.545810845540992,7782.0,38910.0,5.0,431.0,432.0
0.9564389024380668,0.26131101430384523,0.9584801207851031,0.4106627853696666,0.5414989095789297,7948.0,39740.0,5.0,432.0,433.0
0.9617238906274177,0.26320091548144514,0.9646494907130018,0.4135628050346776,0.5440383463151588,6676.0,33380.0,5.0,433.0,434.0
0.9633492127129489,0.2624100910604826,0.9677250751339344,0.4128665403054967,0.5412692190426412,7653.0,38265.0,5.0,434.0,435.0
0.980328777178499,0.267452899079889,0.9841461776165524,0.4206023369986506,0.5480988848582561,7443.0,37215.0,5.0,435.0,436.0
0.975125254767734,0.2673321632294866,0.983719052744887,0.42041403105232894,0.5479458198780051,7432.0,37160.0,5.0,436.0,437.0
0.9608191511798172,0.2629402080070674,0.9669226225634967,0.41344909234412,0.5427495569994093,6772.0,33860.0,5.0,437.0,438.0
0.9723512749841378,0.26417967263037684,0.9717166059927191,0.4154196097210583,0.5441986371697937,7142.0,35710.0,5.0,438.0,439.0
0.9487445097329221,0.2598339669485608,0.9467137809187279,0.40775576050893375,0.5416489988221437,7075.0,35375.0,5.0,439.0,440.0
0.9565082120032025,0.2603672222835486,0.9541531823085221,0.4091001069580551,0.5406103919453434,7416.0,37080.0,5.0,440.0,441.0
0.9607069222321503,0.26163678324161194,0.9561437654080706,0.41084968777876896,0.5429695947407119,7707.0,38535.0,5.0,441.0,442.0
0.9694183365138901,0.26301474946825204,0.9675474602360185,0.41359835503769704,0.542735590901317,7796.0,38980.0,5.0,442.0,443.0
0.9636365819407083,0.26512263540243114,0.9728160464502508,0.41668550757404477,0.5460543679070995,7578.0,37890.0,5.0,443.0,444.0
0.9483230514560166,0.25815508515275776,0.9449628127112915,0.40552460538532964,0.5382465629930133,7395.0,36975.0,5.0,444.0,445.0
0.9722639238887947,0.2653776235333003,0.9726226529376135,0.4169826019215788,0.5466989703210176,8255.0,41275.0,5.0,445.0,446.0
0.9641715482306377,0.26403053435114504,0.9656058068118369,0.41467449946049634,0.5456728084868788,8955.0,44775.0,5.0,446.0,447.0
0.9744196906348629,0.26654780476933365,0.9742058104805865,0.41857209519365374,0.5489184541587474,7366.0,36830.0,5.0,447.0,448.0
0.9713925105777791,0.2633260280078749,0.9733626252917754,0.41451292246520877,0.5417181564373655,7283.0,36415.0,5.0,448.0,449.0
0.9783577193951196,0.26584590655025025,0.9788808178638687,0.41813428333381214,0.5459375840731773,7434.0,37170.0,5.0,449.0,450.0
0.9719181624442836,0.2633921719109747,0.9711375212224108,0.4143926587780729,0.5425391435578193,7068.0,35340.0,5.0,450.0,451.0
0.9750986240748937,0.2662393468452338,0.9773892467464178,0.41848422593082485,0.5472810131019675,7607.0,38035.0,5.0,451.0,452.0
0.980876654354502,0.26688886499659537,0.9814180284659989,0.4196556873573582,0.5475970831136883,7588.0,37940.0,5.0,452.0,453.0
0.9641774884462994,0.2614401858304297,0.9633380884450785,0.41126674786845313,0.5403233475986686,7010.0,35050.0,5.0,453.0,454.0
0.9616030612329644,0.2629367883784845,0.964985590778098,0.4132675100277692,0.5433237271853987,6940.0,34700.0,5.0,454.0,455.0
0.9668392973178337,0.2645697119632444,0.9669336088865926,0.41546188639453896,0.5465211401016102,7742.0,38710.0,5.0,455.0,456.0
0.9818605105224297,0.26613379533015713,0.9815567818762707,0.4187343183718985,0.545817600929422,6886.0,34430.0,5.0,456.0,457.0
0.9644227121475281,0.2638943634213638,0.9677652500722752,0.41470515361744303,0.5447142719475764,6918.0,34590.0,5.0,457.0,458.0
0.9503143763737083,0.262226609963548,0.9526831287074079,0.4112550245645377,0.5453855704235067,7249.0,36245.0,5.0,458.0,459.0
0.9634519362605849,0.26320280959726916,0.9632432432432433,0.41343575995050524,0.5444644644644645,8325.0,41625.0,5.0,459.0,460.0
0.9762501753597306,0.2665589660743134,0.976462676529926,0.41879380462057625,0.548285137861466,7435.0,37175.0,5.0,460.0,461.0
0.9838758548059274,0.26875330163761224,0.9867862771245,0.42245115084204793,0.5503091283791974,8249.0,41245.0,5.0,461.0,462.0
0.9815768588189798,0.2661273000644376,0.9848966613672496,0.41902936700298743,0.5448242360007066,7548.0,37740.0,5.0,462.0,463.0
0.9614340576058603,0.2633815610199183,0.9629937136757205,0.41363323738441554,0.5449531490926344,8431.0,42155.0,5.0,463.0,464.0
0.9708843525840528,0.2633409328026585,0.9710743801652892,0.4143234945435754,0.5424384914980527,7018.0,35090.0,5.0,464.0,465.0
0.9770238467351884,0.2656531306261252,0.9773329408301442,0.4177545691906005,0.5459474045726621,6794.0,33970.0,5.0,465.0,466.0
0.9762178886807223,0.2670751633986928,0.9809452363090773,0.41984267137582276,0.5481620405101275,6665.0,33325.0,5.0,466.0,467.0
0.9803277615961221,0.2666888938282581,0.9844113223027485,0.41968111464132685,0.5462646428734218,7313.0,36565.0,5.0,467.0,468.0
0.9824389844026056,0.26627524832908683,0.9847057216987574,0.4191954423904197,0.5452228139651327,7323.0,36615.0,5.0,468.0,469.0
0.9729156728388348,0.2651818566637361,0.9743957884661403,0.4169034272697023,0.5457246550211374,8358.0,41790.0,5.0,469.0,470.0
0.9710711124020521,0.26401572805682394,0.975398313027179,0.4155520063885007,0.5427210246797876,8536.0,42680.0,5.0,470.0,471.0
0.9548676650849354,0.26180537438038093,0.9576523917451986,0.411196762875509,0.5429042904290429,8383.0,41915.0,5.0,471.0,472.0
0.9644144691814549,0.26220889083617,0.9668199328942463,0.4125351291160719,0.5410712066608674,8047.0,40235.0,5.0,472.0,473.0
0.9723461406230514,0.26582368655387356,0.9776002095886822,0.4179898624996499,0.5462623351672343,7634.0,38170.0,5.0,473.0,474.0
0.9567775992992194,0.259388681367233,0.9570243034973326,0.40815294675304153,0.5374184943687018,6748.0,33740.0,5.0,474.0,475.0
0.9711946071840059,0.2644820379352498,0.9727338651196519,0.4158864016866125,0.5445975344452502,6895.0,34475.0,5.0,475.0,476.0
0.9753375333065415,0.26590829846582986,0.9810258884064962,0.41840688543702637,0.5454521091279413,6219.0,31095.0,5.0,476.0,477.0
0.9831428383511389,0.2666839445380329,0.9850031908104658,0.41972874672830485,0.5460806211444373,6268.0,31340.0,5.0,477.0,478.0
0.9775685377434647,0.26652007430716157,0.9804741980474198,0.41911348257668346,0.547024639702464,7170.0,35850.0,5.0,478.0,479.0
0.9781263643717274,0.2660996806061056,0.9805665799917886,0.4186019338065609,0.5460289220382282,7307.0,36535.0,5.0,479.0,480.0
0.9706914575430469,0.26566748458120565,0.972566156834183,0.41733513907698716,0.5473820506595451,8238.0,41190.0,5.0,480.0,481.0
0.9772517967375333,0.26728062189228935,0.9833805720175213,0.4203193832599119,0.5479257923215666,7762.0,38810.0,5.0,481.0,482.0
0.966025338899847,0.2623119643973666,0.9665266296246103,0.412635963897246,0.5414012738853503,7379.0,36895.0,5.0,482.0,483.0
0.9646792566645417,0.2654580988644405,0.9729529455353835,0.41711229946524064,0.5467868757976205,8097.0,40485.0,5.0,483.0,484.0
0.9565094001139305,0.264272876754235,0.956672203765227,0.4141423220973783,0.5488879660391288,7224.0,36120.0,5.0,484.0,485.0
0.9826999160525774,0.2692411558196057,0.9876176324913324,0.4231299734748011,0.5511804523691597,8076.0,40380.0,5.0,485.0,486.0
0.9779332488898966,0.2669948599145732,0.9800690938081318,0.41966317705962675,0.548232792984321,7526.0,37630.0,5.0,486.0,487.0
0.9763947075607884,0.26713929871622916,0.9789355427608482,0.4197374759152216,0.5488929457473202,7121.0,35605.0,5.0,487.0,488.0
0.9834130162142793,0.2663374000221149,0.9871584699453552,0.41949435430031057,0.5446493624772313,7320.0,36600.0,5.0,488.0,489.0
0.9823426176617459,0.2678170968109772,0.9840782122905027,0.4210463413905405,0.5489525139664805,7160.0,35800.0,5.0,489.0,490.0
0.9730813619852875,0.2650426035058744,0.9752762430939227,0.41681178241492284,0.5451427255985267,7240.0,36200.0,5.0,490.0,491.0
0.9835651380759666,0.2681067803345013,0.9864433811802232,0.421620700428892,0.5489323055112528,7524.0,37620.0,5.0,491.0,492.0
0.9759231649266125,0.26732184867572284,0.9791521890201529,0.41998271185430264,0.5492471623812833,7195.0,35975.0,5.0,492.0,493.0
0.9805165299370808,0.26634527272002867,0.9832328283571113,0.4191485359583673,0.5458155611119282,6799.0,33995.0,5.0,493.0,494.0
0.9603767107910802,0.2637583617187179,0.9658851818455064,0.4143644627832758,0.5449604248071336,6654.0,33270.0,5.0,494.0,495.0
0.979512719225436,0.26682265916896253,0.9886729128793176,0.42023300047551115,0.5453316552463525,7151.0,35755.0,5.0,495.0,496.0
0.9645949161915295,0.2613027725267801,0.9657933042212519,0.4113198189820842,0.5392527899078118,6870.0,34350.0,5.0,496.0,497.0
0.9693649565100644,0.2648311798049502,0.9773908523908524,0.4167428460622178,0.5440272002772003,7696.0,38480.0,5.0,497.0,498.0
0.9807490109192222,0.2664703572830781,0.9859093550261476,0.4195462693948198,0.5453224869262057,6884.0,34420.0,5.0,498.0,499.0
0.9754500202924353,0.2651735339374252,0.9792903144336406,0.4173393606716177,0.5442606389695669,7919.0,39595.0,5.0,499.0,500.0
0.9772194200191401,0.26500318369945874,0.9808513772278686,0.41726979352696053,0.5434035449501645,6789.0,33945.0,5.0,500.0,501.0
0.9509956774563092,0.25953472575989134,0.9484919945389103,0.40755159724814677,0.5403996524761078,8057.0,40285.0,5.0,501.0,502.0
0.9692494702269241,0.2644686466193361,0.972393057263906,0.4158386908240795,0.5446676688989112,7317.0,36585.0,5.0,502.0,503.0
0.979835809305186,0.26483151400094923,0.9837551945598791,0.41731883864419456,0.5421441464131301,7941.0,39705.0,5.0,503.0,504.0
0.9723499889639073,0.26587038265870383,0.9769710105662422,0.4179900312970905,0.5465546825611849,7382.0,36910.0,5.0,504.0,505.0
0.9561276565945738,0.261840453456081,0.9614471294873586,0.41158882975542666,0.541835451878754,7159.0,35795.0,5.0,505.0,506.0
0.9670807956173052,0.2631618447221284,0.9701203485959331,0.41401499498199423,0.5423064508691843,7229.0,36145.0,5.0,506.0,507.0
0.9662155291484625,0.26432710882163557,0.9718276515151515,0.4156120279437076,0.5445075757575758,8448.0,42240.0,5.0,507.0,508.0
0.9703308722954029,0.26550851514944257,0.9731762346452745,0.4171950564212789,0.5468371354558369,7978.0,39890.0,5.0,508.0,509.0
0.9819399943520118,0.26894127671660867,0.9850455136540962,0.4225234270414993,0.5512353706111833,7690.0,38450.0,5.0,509.0,510.0
0.9679882083386827,0.2655863073561544,0.9709759020103848,0.4170884447113323,0.5476634269737718,7511.0,37555.0,5.0,510.0,511.0
0.9651598363987582,0.26407898488736814,0.9693837498364517,0.4150816549483179,0.5446596013781674,7643.0,38215.0,5.0,511.0,512.0
0.9578575169397148,0.26301380892950604,0.9572161172161172,0.41264527539161194,0.5458363858363858,6825.0,34125.0,5.0,512.0,513.0
0.9401568852744256,0.2579328558280981,0.9440538957234915,0.40516672428423267,0.5380052724077329,6828.0,34140.0,5.0,513.0,514.0
0.9624757525904898,0.2629658480587102,0.9672749208264213,0.4135129907807363,0.5427034635298849,6631.0,33155.0,5.0,514.0,515.0
0.9739453098868649,0.26412537060567554,0.9785030597834615,0.4159690491278391,0.5420524085987761,6373.0,31865.0,5.0,515.0,516.0
0.9658865678532265,0.2640804483485035,0.9700686231566652,0.4151462134466383,0.5444590451160753,6849.0,34245.0,5.0,516.0,517.0
0.9624025511610048,0.26669158878504673,0.9704802067745885,0.41840415237089823,0.5503332879880288,7351.0,36755.0,5.0,517.0,518.0
0.9712668809073723,0.2682483912991986,0.9847826086956522,0.42164375911389657,0.5497342995169082,6900.0,34500.0,5.0,518.0,519.0
0.9694036026429945,0.26416011668422335,0.973715651135006,0.415577793358404,0.5435583432895261,6696.0,33480.0,5.0,519.0,520.0
0.9804833213062975,0.2679170706242076,0.9820940404592674,0.4209878713306381,0.5497539639147075,7316.0,36580.0,5.0,520.0,521.0
0.9829141270398936,0.2689681733832849,0.9851243908694537,0.422563876894304,0.5512738308968111,7798.0,38990.0,5.0,521.0,522.0
0.9816968651698474,0.267974870084542,0.9841902862840052,0.4212515621666108,0.5492807292408489,7021.0,35105.0,5.0,522.0,523.0
0.9782595881608074,0.268140589569161,0.9817096899727591,0.42122839729496564,0.5503740217062308,7709.0,38545.0,5.0,523.0,524.0
0.983708433840621,0.26700594939430866,0.9867549668874173,0.42028658467787433,0.5463134657836645,7550.0,37750.0,5.0,524.0,525.0
0.9809828104674838,0.2680760954950647,0.9854362837413685,0.42149070991300613,0.5491525423728814,7965.0,39825.0,5.0,525.0,526.0
0.9677156737993452,0.26515941597139453,0.971877133105802,0.4166447195154069,0.5464163822525597,7325.0,36625.0,5.0,526.0,527.0
0.9750163605350266,0.26546325290108674,0.9749695575700176,0.4173036831132731,0.5462048437288595,7391.0,36955.0,5.0,527.0,528.0
0.9695138695244815,0.26554904203603086,0.9720005233547037,0.4171369213060445,0.5472763748964193,7643.0,38215.0,5.0,528.0,529.0
0.9664039977297924,0.2648082276523353,0.9688782005941434,0.41593538396137614,0.5464940821426887,7069.0,35345.0,5.0,529.0,530.0
0.9738334915746969,0.2655076552840131,0.9785899984707142,0.41768929503916447,0.5452413722791456,6539.0,32695.0,5.0,530.0,531.0
0.9795786150158077,0.2658811270089375,0.9812157964798107,0.41839051463168514,0.5453335305428191,6761.0,33805.0,5.0,531.0,532.0
0.9785438694362545,0.26375140959779475,0.9811995027967682,0.41574772046479475,0.5403718665837994,6436.0,32180.0,5.0,532.0,533.0
0.9788709576195832,0.26707978907663293,0.982721994051834,0.42001089522426005,0.5476561393570316,7061.0,35305.0,5.0,533.0,534.0
0.9754170835327433,0.2664152366584952,0.981383717699361,0.4190668288197431,0.5465175511716217,7198.0,35990.0,5.0,534.0,535.0
0.970067608793905,0.2656546489563567,0.9744318181818182,0.41749079511913095,0.5468039772727272,7040.0,35200.0,5.0,535.0,536.0
0.979191297138388,0.26687963401167375,0.9822906082159966,0.41972398821522716,0.547321817390042,6889.0,34445.0,5.0,536.0,537.0
0.9654641209696442,0.26361673862504154,0.9668087697929354,0.41427453027139877,0.5443564758424685,6568.0,32840.0,5.0,537.0,538.0
0.9822506640323047,0.2692525081249117,0.9851363577614062,0.4229157996948259,0.5519150402826246,7737.0,38685.0,5.0,538.0,539.0
0.9800594875927314,0.26931356134895956,0.9826704899638449,0.4227633555031109,0.5527573453019158,8021.0,40105.0,5.0,539.0,540.0
0.9798768075630911,0.2668553190089171,0.9821969238222115,0.4196853653487891,0.5472932057648057,8257.0,41285.0,5.0,540.0,541.0
0.9594318600414602,0.2614076379925594,0.9629422458397426,0.4111903979936106,0.5403673145946953,7151.0,35755.0,5.0,541.0,542.0
0.9821679100363918,0.2663104900852769,0.9840546697038725,0.4191800760087329,0.5454948114401418,7902.0,39510.0,5.0,542.0,543.0
0.9699055976495011,0.2664873587950511,0.972516686297605,0.4183414963688566,0.5492736552807225,7641.0,38205.0,5.0,543.0,544.0
0.9709474129771168,0.26586932805365876,0.9778570367067915,0.4180697630090857,0.5462921682270768,6729.0,33645.0,5.0,544.0,545.0
0.9717911087431403,0.2652721654385548,0.9775182481751825,0.41730026174747603,0.5450121654501217,6850.0,34250.0,5.0,545.0,546.0
0.9781559961635874,0.26814691680519276,0.9837374764048207,0.4214225733213075,0.5498039785102367,6887.0,34435.0,5.0,546.0,547.0
0.9788436679899654,0.26727760393384,0.9812900049236829,0.42012437199170855,0.5485256305049511,6093.0,30465.0,5.0,547.0,548.0
0.9712727781454105,0.26433840774380624,0.9754523996852872,0.41595651882171375,0.5434565958562811,6355.0,31775.0,5.0,548.0,549.0
0.9583684112846131,0.26268443239987954,0.9603687904224577,0.41253140239397074,0.5441264162194395,7267.0,36335.0,5.0,549.0,550.0
0.9738633992061866,0.2657225066327865,0.9794765840220385,0.4180359189912113,0.5454775022956841,7260.0,36300.0,5.0,550.0,551.0
0.9630506115823805,0.26278216611032157,0.96329052580567,0.412920983615071,0.5434738712543413,8254.0,41270.0,5.0,551.0,552.0
0.9641162615713962,0.2631600609128699,0.9665910808767951,0.41369047619047616,0.5433610481229529,6615.0,33075.0,5.0,552.0,553.0
0.9616747745686988,0.263289195931683,0.9656531531531531,0.41376398564492295,0.5439423798798799,7104.0,35520.0,5.0,553.0,554.0
0.9690073365353852,0.26324812967581046,0.9716669063713504,0.4142625011497072,0.5420442015436981,6953.0,34765.0,5.0,554.0,555.0
0.9775022279626522,0.2665967723817726,0.9801762114537445,0.4191810662035265,0.5472879955947136,7264.0,36320.0,5.0,555.0,556.0
0.9779623102202512,0.2655091766757839,0.9812481687664811,0.4179327988019842,0.5444623498388514,6826.0,34130.0,5.0,556.0,557.0
0.9636051364962381,0.26123411502685706,0.9595765158806545,0.4106683142827721,0.5409849213987808,6234.0,31170.0,5.0,557.0,558.0
0.9691874392365143,0.26696849940528716,0.9713807064079296,0.41882862818274846,0.5507003583228629,7163.0,35815.0,5.0,558.0,559.0
0.9824172312314077,0.26826549828971136,0.9851799576570219,0.42170130497825037,0.5496589037873442,7085.0,35425.0,5.0,559.0,560.0
0.9756321583087562,0.2650055235055849,0.9775128282523393,0.4169697750024141,0.5443958144682564,6626.0,33130.0,5.0,560.0,561.0
0.9846896130730204,0.2689067167936625,0.9877928483353884,0.422732909421915,0.5503699136868064,8110.0,40550.0,5.0,561.0,562.0
0.9752802297642542,0.26809884084125774,0.9774769075034797,0.42078601192907916,0.5514994305959762,7903.0,39515.0,5.0,562.0,563.0
0.9856841912882504,0.26749257072285904,0.9874626015101866,0.4209535378074704,0.5472289499928765,7019.0,35095.0,5.0,563.0,564.0
0.9727147773190202,0.2627798439437031,0.9740505473712664,0.41389806173725774,0.5402306618011443,7399.0,36995.0,5.0,564.0,565.0
0.9737758305847263,0.2677364288152953,0.9780493888750312,0.42039240913477,0.5505113494637066,8018.0,40090.0,5.0,565.0,566.0
0.9800910809417426,0.26779955346067974,0.9846457889936151,0.42107658301911327,0.5487483530961792,6578.0,32890.0,5.0,566.0,567.0
0.9804778558596062,0.2655855268519273,0.9847408974165281,0.41834344212316676,0.5436118245455003,6619.0,33095.0,5.0,567.0,568.0
0.973296323643665,0.2645480962670442,0.9770225646670335,0.41635883905013193,0.5434782608695652,7268.0,36340.0,5.0,568.0,569.0
0.9585072953066758,0.26452845364970845,0.9644428152492669,0.41518068486665616,0.5471652003910068,8184.0,40920.0,5.0,569.0,570.0
0.9797805256042774,0.26582228844796485,0.9813259988419224,0.4183276766430114,0.5451650260567458,6908.0,34540.0,5.0,570.0,571.0
0.9844866238191762,0.2649555042847726,0.9866523473458116,0.4177330302046119,0.5415771709113225,6518.0,32590.0,5.0,571.0,572.0
0.957209206486733,0.2616436240055611,0.9604479727814006,0.4112540973655457,0.5416784802948682,7054.0,35270.0,5.0,572.0,573.0
0.9582517458420647,0.2620743335279237,0.9581673306772909,0.41157595574977845,0.5433741225573895,7028.0,35140.0,5.0,573.0,574.0
0.9779208768649731,0.26708619489910146,0.9812159608758475,0.4198810939357907,0.5481086288021934,8997.0,44985.0,5.0,574.0,575.0
0.9634728333012788,0.2636238742176767,0.9671006579868403,0.4143101328455333,0.5442857809510476,7143.0,35715.0,5.0,575.0,576.0
0.9829166897325221,0.2692776913045307,0.9853756157635468,0.4229689100340305,0.5519037356321839,6496.0,32480.0,5.0,576.0,577.0
0.9781281168844723,0.26684704184704183,0.980904389338284,0.4195570176682454,0.5476506210493746,7541.0,37705.0,5.0,577.0,578.0
0.9703285894768133,0.2658063500806547,0.9706896551724138,0.4173332921518362,0.5482519157088123,6960.0,34800.0,5.0,578.0,579.0
0.976432272093535,0.26542064142961974,0.9785168682367918,0.4175749550100166,0.5450615319329514,6284.0,31420.0,5.0,579.0,580.0
0.9582709739255842,0.26089980439034993,0.9597057882954909,0.4102669264158037,0.5401609636499307,6254.0,31270.0,5.0,580.0,581.0
0.9821092002283226,0.2669174266349668,0.985587002096436,0.42007092396615753,0.5464491614255765,7632.0,38160.0,5.0,581.0,582.0
0.9709427319947587,0.2626495985456749,0.9712885154061625,0.41348676365370857,0.5407563025210084,7140.0,35700.0,5.0,582.0,583.0
0.9747838239082158,0.2665924436144232,0.979287598944591,0.4190943992773261,0.547537379067722,7580.0,37900.0,5.0,583.0,584.0
0.9773184396599613,0.26421800947867297,0.981820764096009,0.4163830748381268,0.5412820148653127,7041.0,35205.0,5.0,584.0,585.0
0.9569424191883183,0.26221541738783116,0.9602632862018528,0.41194310813637314,0.5430684219080123,8204.0,41020.0,5.0,585.0,586.0
0.9855640921733685,0.26984064989845336,0.988412017167382,0.42394305700435664,0.5523128278493086,6990.0,34950.0,5.0,586.0,587.0
0.968224721188534,0.26385008517887565,0.972009539349818,0.4150387222981483,0.5433454667168738,7967.0,39835.0,5.0,587.0,588.0
0.9722399551967026,0.2662717188183372,0.9760967788952047,0.4184055979007872,0.5477335665354904,6861.0,34305.0,5.0,588.0,589.0
0.9601801033194125,0.26151328309355254,0.9605759821054103,0.41110479552457596,0.5413346381471643,7153.0,35765.0,5.0,589.0,590.0
0.9536819969789538,0.2586517432136884,0.9528436018957346,0.40686026510168977,0.5369668246445498,8440.0,42200.0,5.0,590.0,591.0
0.9720382518706686,0.2654301247201791,0.975705329153605,0.4173300930193581,0.5459117032392894,7656.0,38280.0,5.0,591.0,592.0
0.9487834389767907,0.26196686381837553,0.9546184738955823,0.41111527485514976,0.5441990182954038,7470.0,37350.0,5.0,592.0,593.0
0.9705537158775172,0.2643225114960412,0.9715338670733257,0.4155794737986519,0.5445842334900665,7869.0,39345.0,5.0,593.0,594.0
0.9717173873672645,0.2649829625175386,0.9744471744471744,0.41666228922624365,0.5452497952497952,8140.0,40700.0,5.0,594.0,595.0
0.9785941993348155,0.2679295797501217,0.9901064308199671,0.42173482744309293,0.5474691450557138,6671.0,33355.0,5.0,595.0,596.0
0.9711643588890984,0.2643981787216294,0.9716438881083153,0.4156830601092896,0.5447268701835057,7829.0,39145.0,5.0,596.0,597.0
0.9713623757479417,0.26580178005732386,0.9740187949143173,0.4176345105475231,0.5472636815920398,7236.0,36180.0,5.0,597.0,598.0
0.9619895159903037,0.2628682663871523,0.9637661268185561,0.41307097267566695,0.5435309726415958,7286.0,36430.0,5.0,598.0,599.0
0.9569613627467778,0.2608518276762402,0.9597718402882017,0.41021363957143775,0.5400280196137296,6662.0,33310.0,5.0,599.0,600.0
0.9660692459936484,0.26410229608724434,0.9706748623383276,0.41522870446453025,0.544329192811713,7809.0,39045.0,5.0,600.0,601.0
0.9617991056023241,0.26488778248862266,0.9645892351274787,0.4156367298361256,0.5479461756373938,7060.0,35300.0,5.0,601.0,602.0
0.9615140590440786,0.2629264594389689,0.9605317823016203,0.41284485580786284,0.5446383234085769,7221.0,36105.0,5.0,602.0,603.0
0.9659387488143919,0.2646686509972972,0.9694235588972431,0.4158133784837002,0.5460108604845447,7980.0,39900.0,5.0,603.0,604.0
0.9269493988637866,0.25575428550180346,0.9300878972278567,0.4011899206719552,0.5372549019607843,7395.0,36975.0,5.0,604.0,605.0
0.9628555791447028,0.2622077093420411,0.9626567452115199,0.4121533923303835,0.5423269486932157,7257.0,36285.0,5.0,605.0,606.0
0.9620942251422785,0.26350614411401146,0.9620387576320679,0.4136986301369863,0.5455269445181843,7534.0,37670.0,5.0,606.0,607.0
0.9709861036591919,0.2655135454780648,0.9746303079636413,0.4173347275473452,0.5464206575317686,7371.0,36855.0,5.0,607.0,608.0
0.975434167070724,0.2640090259496051,0.9771714922048997,0.41570438799076215,0.5421770601336303,7184.0,35920.0,5.0,608.0,609.0
0.9628008710542258,0.26357452563745576,0.9650451500145645,0.41406030307764413,0.5447859015438392,6866.0,34330.0,5.0,609.0,610.0
0.9787093066635947,0.2655222383234868,0.9779663336526618,0.41765049678550553,0.5454586925778934,7307.0,36535.0,5.0,610.0,611.0
0.9682999909142351,0.2637735981226577,0.9708650251385845,0.41483970474826487,0.543509088565167,7757.0,38785.0,5.0,611.0,612.0
0.9668332505305716,0.2627403846153846,0.9683992911990549,0.41333669481911006,0.5418389446741485,6772.0,33860.0,5.0,612.0,613.0
0.9734521754464736,0.26470464223974366,0.974088440651668,0.4162853922153703,0.5447116627876907,6445.0,32225.0,5.0,613.0,614.0
0.9730912046113666,0.2646593307205306,0.9782699540325951,0.41660981758861043,0.5433672284905047,7179.0,35895.0,5.0,614.0,615.0
0.976252446037965,0.26586514625681706,0.9787072243346008,0.4181422398388512,0.5460329531051965,6575.0,32875.0,5.0,615.0,616.0
0.9754198164534329,0.263773258723443,0.9779052116714454,0.41547832318165534,0.5414066453027492,5929.0,29645.0,5.0,616.0,617.0
0.9656354393918843,0.2618435419675249,0.9668357393679282,0.41208425720620845,0.5402089565179694,7689.0,38445.0,5.0,617.0,618.0
0.980650583344487,0.2666619723268669,0.9826154644525169,0.41948436764420816,0.5467263449230237,7708.0,38540.0,5.0,618.0,619.0
0.9652891746676587,0.26213135941722476,0.9691572545612511,0.412651438083788,0.5401824500434405,6906.0,34530.0,5.0,619.0,620.0
0.9709561277450608,0.2640171858216971,0.9742370194213238,0.41544832248795743,0.5430704188135818,7569.0,37845.0,5.0,620.0,621.0
0.9828732280893627,0.26920654911838793,0.9850230414746544,0.4228486646884273,0.5518433179723502,8680.0,43400.0,5.0,621.0,622.0
0.9738745091387156,0.26585636943817004,0.9751446607048921,0.4178053246936188,0.5470585656671927,7604.0,38020.0,5.0,622.0,623.0
0.9787035078677473,0.26617353978230873,0.9830148619957537,0.41891606598908226,0.5454824251002595,7065.0,35325.0,5.0,623.0,624.0
0.983619596871089,0.2656862020545414,0.9860120680197477,0.41858298888047973,0.5434722984092156,7292.0,36460.0,5.0,624.0,625.0
0.9818748973451557,0.26874760465017244,0.9854778263585259,0.42232408739585775,0.5506714553404123,6404.0,32020.0,5.0,625.0,626.0
0.9642006325920187,0.26252552222396736,0.9663246133834369,0.41288171179794364,0.5419617478441008,6919.0,34595.0,5.0,626.0,627.0
0.9698166225373568,0.26437497836396995,0.9711342828077314,0.415607738564937,0.5448245167853509,7864.0,39320.0,5.0,627.0,628.0
0.969008489715597,0.2648883844116534,0.9718212104386452,0.416304929535589,0.5458078845086063,7204.0,36020.0,5.0,628.0,629.0
0.9697123293832658,0.26607822776047074,0.9742712294043092,0.41799891245241977,0.547824250105619,7890.0,39450.0,5.0,629.0,630.0
0.9829485690451255,0.2675397567820393,0.9848727093838396,0.42077608175918874,0.5480875661050302,8131.0,40655.0,5.0,630.0,631.0
0.9742392496313943,0.2657245774452757,0.9747350079860607,0.4176049766718507,0.5468757562557476,6887.0,34435.0,5.0,631.0,632.0
0.9758522464017965,0.26659171323699615,0.9774490785645005,0.418924887630232,0.5480722599418041,8248.0,41240.0,5.0,632.0,633.0
0.9817177637063056,0.26543850544888425,0.985413513141599,0.41822163819535696,0.5430714187422595,7267.0,36335.0,5.0,633.0,634.0
0.9830803470700433,0.26657120905217574,0.9859209506587445,0.4196723114141192,0.5455523981744597,7742.0,38710.0,5.0,634.0,635.0
0.9768326322850102,0.26628687264085,0.979305912596401,0.41871839964827434,0.5468294772922022,7780.0,38900.0,5.0,635.0,636.0
0.9715050908751423,0.26513606030220255,0.9749523204068659,0.416897732833143,0.5454545454545454,7865.0,39325.0,5.0,636.0,637.0
0.9675728791978482,0.2648146330290239,0.9699185043144775,0.41603906952833825,0.5462008628954937,8344.0,41720.0,5.0,637.0,638.0
0.9725406693300379,0.263145861911294,0.9766652524395418,0.4145880234128771,0.5403054730589733,7071.0,35355.0,5.0,638.0,639.0
0.9787112521390599,0.2666229558778155,0.9822392725206024,0.41940180792331494,0.5467462347257743,7038.0,35190.0,5.0,639.0,640.0
0.9771381406217182,0.2653261402648357,0.980072463768116,0.4175993824778078,0.5443840579710145,6624.0,33120.0,5.0,640.0,641.0
0.9797298605860207,0.26721138433871533,0.9831703107019563,0.42021456456918016,0.5478279631760644,6952.0,34760.0,5.0,641.0,642.0
0.9710436366107804,0.2659366161433026,0.9721633085896076,0.4176299755139229,0.5481177094379639,7544.0,37720.0,5.0,642.0,643.0
0.9658848857473395,0.2631973886616891,0.9682539682539683,0.41388872499852497,0.5429491603404647,7245.0,36225.0,5.0,643.0,644.0
0.9693531021027836,0.2636891793754539,0.9785743161299016,0.41543434112296557,0.5410097471140457,7421.0,37105.0,5.0,644.0,645.0
0.9696229953706428,0.26504476597030713,0.9685256764218664,0.41619457214889516,0.5471424627277747,7244.0,36220.0,5.0,645.0,646.0
0.9691520433590923,0.26778643083421333,0.9770045750060198,0.42035742035742035,0.5509270406934746,8306.0,41530.0,5.0,646.0,647.0
0.9724590853744551,0.265239732357399,0.9775204359673024,0.4172603297374313,0.544936421435059,7340.0,36700.0,5.0,647.0,648.0
0.9767804656704165,0.2652138634519532,0.979032948224219,0.4173659248449471,0.5444301811439167,7011.0,35055.0,5.0,648.0,649.0
0.9625591727612758,0.2622478386167147,0.964992973042034,0.4124167303702086,0.5417145777437077,7827.0,39135.0,5.0,649.0,650.0
0.9675468372170726,0.26557007814899497,0.9675494218575158,0.4167514593263,0.5486344233080526,8043.0,40215.0,5.0,650.0,651.0
0.9665345979043051,0.26540779923729857,0.9696629213483146,0.4167471508595712,0.5476404494382022,8900.0,44500.0,5.0,651.0,652.0
0.9741358350923504,0.26605995717344755,0.981520665820285,0.41863963178003066,0.5456575915737998,7089.0,35445.0,5.0,652.0,653.0
0.9746288448586771,0.2660644088297551,0.9824145150034892,0.41872639124356803,0.5454059083507793,7165.0,35825.0,5.0,653.0,654.0
0.9664415071552317,0.2626099113351238,0.9685210312075984,0.41318630430378284,0.5414970601537765,7370.0,36850.0,5.0,654.0,655.0
0.9733605770378457,0.26737571110561464,0.9780276592994701,0.41994561296409344,0.5496962647020809,7737.0,38685.0,5.0,655.0,656.0
0.9824128461365953,0.2681072594306491,0.9870702768481898,0.4216785261721415,0.5487526620018254,6574.0,32870.0,5.0,656.0,657.0
0.9628108147727833,0.26364641624501556,0.9694430754066042,0.4145525435338128,0.5436380811565632,8116.0,40580.0,5.0,657.0,658.0
0.9709315573810186,0.26557150001923596,0.973487519390777,0.4173014145810664,0.5468904244817374,7091.0,35455.0,5.0,658.0,659.0
0.9551497681618825,0.2626573536955921,0.9678638941398866,0.4131851759885778,0.5418060200668896,6877.0,34385.0,5.0,659.0,660.0
0.9634782588269961,0.26333284089230313,0.969672242622059,0.4141857155305121,0.5428396572827417,7353.0,36765.0,5.0,660.0,661.0
0.9602296976757797,0.26267245085394925,0.9634461009174312,0.41279980345791234,0.5431718272171254,6976.0,34880.0,5.0,661.0,662.0
0.9708684598876572,0.26669220856117865,0.9800332778702163,0.41928594896506405,0.5475489568667605,7813.0,39065.0,5.0,662.0,663.0
0.9456190942975115,0.2606133801785976,0.953024625267666,0.40929991953098055,0.5415328336902213,7472.0,37360.0,5.0,663.0,664.0
0.9670803878466067,0.2670813718897108,0.97639827904118,0.41943234323432343,0.5494980536775251,8135.0,40675.0,5.0,664.0,665.0
0.9751237315370817,0.2678291974066622,0.9770286801685469,0.4204123409855242,0.5510171718544696,7357.0,36785.0,5.0,665.0,666.0
0.962461489091771,0.26468689477081986,0.964572377525602,0.41538782442861827,0.5474905434080635,7226.0,36130.0,5.0,666.0,667.0
0.9705003841869975,0.26417274499891674,0.9737787834420338,0.4155991706194791,0.5435689249744886,7513.0,37565.0,5.0,667.0,668.0
0.9547261192749589,0.2607265774378585,0.9578533295869627,0.4098833714079596,0.5403203146951391,7118.0,35590.0,5.0,668.0,669.0
0.9743638437555625,0.26613389020521266,0.9768573113207547,0.41830519173110303,0.5471943789308176,6784.0,33920.0,5.0,669.0,670.0
0.963309651064099,0.2640295978700598,0.9643849456933569,0.41456065582670537,0.5460343521091184,7918.0,39590.0,5.0,670.0,671.0
0.9777963040120073,0.2676999155711012,0.9799116997792494,0.4205191360363774,0.5498896247240618,9060.0,45300.0,5.0,671.0,672.0
0.9687508953009607,0.2624147289664784,0.9629878869448183,0.41243947429098454,0.5427097353073127,7430.0,37150.0,5.0,672.0,673.0
0.9714995533607683,0.2658376064925102,0.9754074074074074,0.4178062632864803,0.5469382716049382,6750.0,33750.0,5.0,673.0,674.0
0.972048318553099,0.26468712634515745,0.9753267733881628,0.4163766889244177,0.5443041073089538,6809.0,34045.0,5.0,674.0,675.0
0.9744100327172309,0.2660231954829849,0.9805934467726058,0.4185097380187858,0.5458444663197862,7111.0,35555.0,5.0,675.0,676.0
0.9745572718505029,0.26692066337965037,0.979575051405072,0.41952622772771303,0.5482065341558144,7295.0,36475.0,5.0,676.0,677.0
0.9814693104790428,0.26844572664983773,0.9840052875082618,0.4218161212636351,0.5504075787618418,7565.0,37825.0,5.0,677.0,678.0
0.9697496967532588,0.2630819804105729,0.9730769230769231,0.41418462188424165,0.5412324234904881,8060.0,40300.0,5.0,678.0,679.0
0.976475884094238,0.266322765268469,0.9792330056763118,0.41875610550309345,0.5469334071715354,7223.0,36115.0,5.0,679.0,680.0
0.9656332738495769,0.26456457525178834,0.9736738703339882,0.4160743269715117,0.5445099323291858,7635.0,38175.0,5.0,680.0,681.0
0.972629635713366,0.26381630519989546,0.9705599615477049,0.4148646566336227,0.543699431226468,8322.0,41610.0,5.0,681.0,682.0
0.9815081733770169,0.26729346155221106,0.9836863570582818,0.4203631865969528,0.5478665087927027,7601.0,38005.0,5.0,682.0,683.0
0.9848664078440068,0.2681616590667749,0.9865563598759048,0.42169887772893594,0.5490252403385806,8703.0,43515.0,5.0,683.0,684.0
0.9810390207099349,0.26778849183840675,0.9852753623188406,0.4211204440149657,0.5485410628019324,8625.0,43125.0,5.0,684.0,685.0
0.9759280454279524,0.26612038140643623,0.9775612959719789,0.4183530073074761,0.5469570928196147,9136.0,45680.0,5.0,685.0,686.0
0.9662673762738129,0.26498159850010417,0.9671777974908123,0.41599215109148885,0.5473957673298695,7891.0,39455.0,5.0,686.0,687.0
0.9650363397453424,0.26454256500593576,0.9688639551192146,0.41560629305417685,0.54588592800374,7130.0,35650.0,5.0,687.0,688.0
0.9791192432907033,0.2656822429906542,0.9800055157198014,0.4180342332803953,0.5452289023717595,7252.0,36260.0,5.0,688.0,689.0
0.9795794889186185,0.26560080780881856,0.9828123053929505,0.41818808129521184,0.5442147216340765,8029.0,40145.0,5.0,689.0,690.0
0.9803438314066804,0.2688757205627444,0.9830508474576272,0.4222587996961256,0.5516580692704495,6785.0,33925.0,5.0,690.0,691.0
0.9794725420214223,0.2670222388571785,0.9833448196645991,0.41999656584982953,0.5473428287005131,8706.0,43530.0,5.0,691.0,692.0
0.9759152239751029,0.2664355863662623,0.9787775891341256,0.41885387339932795,0.5473259762308998,7068.0,35340.0,5.0,692.0,693.0
0.9678646128959082,0.26270404684554605,0.9697956766360675,0.4134187521696595,0.5413335307472116,6754.0,33770.0,5.0,693.0,694.0
0.9660884382565156,0.26363192854730366,0.9656357388316151,0.4141854843464418,0.5447422680412372,7275.0,36375.0,5.0,694.0,695.0
0.9612859708426953,0.262736752500532,0.9637782982045278,0.4129096989966555,0.5432214415820973,6405.0,32025.0,5.0,695.0,696.0
0.9830626025318918,0.2685900164163677,0.9862692565304756,0.4222020453024945,0.5500855845798913,8958.0,44790.0,5.0,696.0,697.0
0.9777319441672965,0.266112050812938,0.978920634920635,0.4184670502659863,0.5465396825396825,7875.0,39375.0,5.0,697.0,698.0
0.9761666855025719,0.26748529792506565,0.9790171923649654,0.42017197304206366,0.549659311402915,7387.0,36935.0,5.0,698.0,699.0
0.9865601913001703,0.26717503601925713,0.9895874007549135,0.42075262866629776,0.5458805154236627,7683.0,38415.0,5.0,699.0,700.0
0.9749818619956557,0.26744022503516174,0.9778863461043971,0.42001214865536474,0.5498842890203137,7778.0,38890.0,5.0,700.0,701.0
0.9798466549539365,0.26791737608018246,0.985000590527932,0.42125467218911,0.548915397031613,8467.0,42335.0,5.0,701.0,702.0
0.969178996494692,0.26386776189027483,0.9711370987807912,0.4149809946572393,0.5436468441569213,8038.0,40190.0,5.0,702.0,703.0
0.9645763132171906,0.26490136840234585,0.9680477984153786,0.41597365630406874,0.546954149889596,7699.0,38495.0,5.0,703.0,704.0
0.9710511626537291,0.2668599571054095,0.9744742567077592,0.41898169800143426,0.549552816050278,6895.0,34475.0,5.0,704.0,705.0
0.9801396546850971,0.2667012807199723,0.9830313855575402,0.4195708995861468,0.5466955856085736,7838.0,39190.0,5.0,705.0,706.0
0.9765649437373977,0.26656853467914343,0.9768815823272541,0.41884413117101243,0.5481847760938436,7786.0,38930.0,5.0,706.0,707.0
0.9811547393183213,0.2641908713692946,0.9830168287787556,0.41645681394512213,0.5408625392414184,6477.0,32385.0,5.0,707.0,708.0
0.9708170930965142,0.2630495947591652,0.9744866210329807,0.4142720148143249,0.5407332503629952,6428.0,32140.0,5.0,708.0,709.0
0.9601023300254252,0.2624945517942758,0.963985594237695,0.4126295355277056,0.5425948157040594,7497.0,37485.0,5.0,709.0,710.0
0.9815954472246945,0.2669910786699108,0.9848915482423336,0.4200988993459882,0.5468212415856395,6685.0,33425.0,5.0,710.0,711.0
0.973459792943285,0.2660296046468053,0.977150722642808,0.4182032400589102,0.5468685478320716,7265.0,36325.0,5.0,711.0,712.0
0.9571561709735077,0.2612642569746949,0.9596921949432027,0.41071615263983274,0.5410203167623469,8187.0,40935.0,5.0,712.0,713.0
0.970794164065748,0.26245325355272997,0.9748576191137658,0.413565514599723,0.5392184099643469,7199.0,35995.0,5.0,713.0,714.0
0.9652120977282272,0.26422917451941197,0.9664966220874122,0.41500162803777046,0.5458660784043384,7253.0,36265.0,5.0,714.0,715.0
0.9612261527900868,0.2635637456501107,0.9676248548199767,0.41428393833913474,0.5439895470383276,6888.0,34440.0,5.0,715.0,716.0
0.9808845871467513,0.2649442379182156,0.9835771460115926,0.41744274585603,0.5424602079308124,7246.0,36230.0,5.0,716.0,717.0
0.9792126479884744,0.2651561294514151,0.9835818647386655,0.4177061344591569,0.5429532560124517,6639.0,33195.0,5.0,717.0,718.0
0.9840442444187681,0.2674800372907462,0.9859554758703123,0.4208009182502232,0.5476368345037104,6693.0,33465.0,5.0,718.0,719.0
0.9742806561915458,0.2676948400486653,0.9770144965391145,0.42024548493104513,0.550716120325628,7657.0,38285.0,5.0,719.0,720.0
0.9794146399999835,0.26921285514671633,0.9832504579952892,0.42269288105082553,0.5523641280642065,7642.0,38210.0,5.0,720.0,721.0
0.9763707259804194,0.2665615141955836,0.9807501769285208,0.41918993314982306,0.5470393960839821,7065.0,35325.0,5.0,721.0,722.0
0.9702867261094702,0.264893820547159,0.9738359825573217,0.41649620984237756,0.545224363482909,7109.0,35545.0,5.0,722.0,723.0
0.9792727011816521,0.2650847164591978,0.9831676819493428,0.4175801729420576,0.5429090520465961,6238.0,31190.0,5.0,723.0,724.0
0.9683240451302942,0.2637443989869472,0.9733966062697728,0.4150341825316533,0.5426852650752565,6954.0,34770.0,5.0,724.0,725.0
0.9828070756246499,0.2671182787421577,0.9874786568013659,0.4204913811384774,0.5463621703661544,7028.0,35140.0,5.0,725.0,726.0
0.9770615117077491,0.26514086007756893,0.9812302839116719,0.417474750864007,0.5436119873817035,6340.0,31700.0,5.0,726.0,727.0
0.9731479547866205,0.2643858237710124,0.9794509803921568,0.41637770072019203,0.5423790849673202,6375.0,31875.0,5.0,727.0,728.0
0.9650078011295352,0.26305576647262296,0.968623796210003,0.41374734607218683,0.542508025266646,6438.0,32190.0,5.0,728.0,729.0
0.9805840884948399,0.2680191387559809,0.9848101265822785,0.4213630209116895,0.5492030004688232,7110.0,35550.0,5.0,729.0,730.0
0.9665514783508119,0.2639894419306184,0.9688624411846112,0.41492325016298226,0.5446074361103422,7226.0,36130.0,5.0,730.0,731.0
0.9733221538014917,0.2649198309022356,0.9757329218684248,0.41670161145390283,0.5447234301211016,7129.0,35645.0,5.0,731.0,732.0
0.9830150576965732,0.2649636676904637,0.9855112844803566,0.41764080765143463,0.5419336862635832,7178.0,35890.0,5.0,732.0,733.0
0.9768681060252422,0.266173752310536,0.9791160757649344,0.4185611958891311,0.5466245750364255,8236.0,41180.0,5.0,733.0,734.0
0.9808604753894696,0.2675584116229525,0.9844512978668722,0.42076067554579155,0.5482523772809047,7782.0,38910.0,5.0,734.0,735.0
0.9707727779806105,0.26260604742223187,0.9707301383081377,0.4133821867616341,0.5408223437332476,6218.0,31090.0,5.0,735.0,736.0
0.9780934943705825,0.2658716940909999,0.9820374015748031,0.4184534731323722,0.5450705380577427,8128.0,40640.0,5.0,736.0,737.0
0.9638291824496857,0.26337920489296635,0.9650986342943855,0.41382416977401837,0.5443173417376755,8567.0,42835.0,5.0,737.0,738.0
0.983770087539678,0.2685214829992956,0.9865898129631808,0.42214672203347176,0.5498372740461906,8501.0,42505.0,5.0,738.0,739.0
0.9806768828673328,0.2685850524851816,0.9829132331555986,0.42188759720163327,0.551038132169979,8252.0,41260.0,5.0,739.0,740.0
0.9841894125123032,0.26640066500415627,0.98767258382643,0.41961924215047003,0.5446457922419461,8112.0,40560.0,5.0,740.0,741.0
0.9797629007057207,0.26751950516623324,0.9827007487735605,0.4205524861878453,0.5486702814355796,7746.0,38730.0,5.0,741.0,742.0
0.9768638356144406,0.26620010368066355,0.9792943740634791,0.41861006783707455,0.5466330654315943,7341.0,36705.0,5.0,742.0,743.0
0.9623350015538479,0.2650685179158983,0.9654945344396154,0.4159432624113475,0.5480925413758286,7593.0,37965.0,5.0,743.0,744.0
0.9841921016761812,0.268871925360475,0.9888783398887834,0.4227892142650044,0.5499796554997965,7373.0,36865.0,5.0,744.0,745.0
0.9784239912555689,0.2666499210564088,0.9812491746995906,0.41934482661324457,0.5470971433601831,7573.0,37865.0,5.0,745.0,746.0
0.9710400364273843,0.26627129869347943,0.9746556473829201,0.41827252736859527,0.5481542699724518,9075.0,45375.0,5.0,746.0,747.0
0.9702073291674216,0.26823185937595034,0.974477958236659,0.4206710705172537,0.5526645306227673,9051.0,45255.0,5.0,747.0,748.0
0.9837687645771368,0.26781635828009664,0.9881533952125061,0.4214172244068856,0.5477731639798078,8188.0,40940.0,5.0,748.0,749.0
0.9591095099880194,0.26114516578434105,0.9617752693689071,0.410759285636025,0.5401060372840774,7796.0,38980.0,5.0,749.0,750.0
0.9552694370995558,0.2631994236508971,0.9629722605748714,0.4134066170923591,0.5445378854441236,7967.0,39835.0,5.0,750.0,751.0
0.95804543465085,0.2614605624039302,0.9548706659328564,0.4105148589816392,0.54294624839479,9085.0,45425.0,5.0,751.0,752.0
0.9697812625191125,0.26171300240068146,0.9707022834984921,0.4122724084296563,0.5387285174015032,6963.0,34815.0,5.0,752.0,753.0
0.9715720802899213,0.26349342928660824,0.9715892702624748,0.4145591040551351,0.5426401307566581,6934.0,34670.0,5.0,753.0,754.0
0.97280934121865,0.2645128146583709,0.9759898904802022,0.4162213140521848,0.5437026116259478,9496.0,47480.0,5.0,754.0,755.0
0.9779407993969045,0.26737350409405836,0.9788624135280554,0.4200197889182058,0.5494491416858827,7806.0,39030.0,5.0,755.0,756.0
0.9659920932160583,0.26459354280772557,0.9692449841605069,0.41570425724637683,0.5458905315029919,7576.0,37880.0,5.0,756.0,757.0
0.972631344321842,0.2654374412041392,0.9752523157749206,0.41729768102224324,0.5460620305083184,7233.0,36165.0,5.0,757.0,758.0
0.9629631541196364,0.26273048984913394,0.9637879201967751,0.4129028481105289,0.5432039719413319,7318.0,36590.0,5.0,758.0,759.0
0.9661514046196332,0.2627370428786267,0.9682346580156799,0.41331756152447996,0.5418806884743624,7398.0,36990.0,5.0,759.0,760.0
0.9462682207829246,0.25733372059250653,0.9478470179192298,0.4047741419679059,0.5353927074975484,7478.0,37390.0,5.0,760.0,761.0
0.9685048856529257,0.26480263157894735,0.9735449735449735,0.4163568773234201,0.5450995212899975,6615.0,33075.0,5.0,761.0,762.0
0.9715922399571808,0.26467808866428366,0.9741418418267049,0.4162574308606875,0.5446343061646253,6613.0,33065.0,5.0,762.0,763.0
0.979028952750951,0.26667174758021495,0.981349039405413,0.41938093668534443,0.5471182162389566,7131.0,35655.0,5.0,763.0,764.0
0.9547208287497768,0.2622797650827549,0.9576023391812866,0.4117770326906957,0.5440220922677063,8208.0,41040.0,5.0,764.0,765.0
0.9797789181540235,0.2659461750370841,0.98444241077265,0.41876372938853823,0.5445374122979039,7649.0,38245.0,5.0,765.0,766.0
0.9696666159296088,0.26518947407489885,0.9736985554647043,0.4168489834018844,0.5459480330698646,7338.0,36690.0,5.0,766.0,767.0
0.9751542853532238,0.2682138969839542,0.9850419084461638,0.42162490341097253,0.5495809155383623,7755.0,38775.0,5.0,767.0,768.0
0.9588650345606019,0.260008578781813,0.9539672131147541,0.40864020673576584,0.5398251366120218,7625.0,38125.0,5.0,768.0,769.0
0.9717686645911587,0.26787006359724286,0.9804850850292723,0.42078186223192654,0.5501115137998327,7174.0,35870.0,5.0,769.0,770.0
0.9743066125429019,0.26610666455345117,0.9764466414655423,0.4182339021048698,0.5472521081709799,6878.0,34390.0,5.0,770.0,771.0
0.976345767680986,0.26663252990014996,0.9779983901261068,0.4190257220865067,0.5480055451211877,7454.0,37270.0,5.0,771.0,772.0
0.9669582536629071,0.26326477864342945,0.967304300637634,0.41388518024032045,0.5433907656129878,7371.0,36855.0,5.0,772.0,773.0
0.9738441024621938,0.26520823584464204,0.9787019715066916,0.4173288742981622,0.5445147982923202,6949.0,34745.0,5.0,773.0,774.0
0.958069423374277,0.26143094053541815,0.9636151942948624,0.41128055408889025,0.5402173385727453,6871.0,34355.0,5.0,774.0,775.0
0.9654745200557993,0.26444294192772894,0.9703652653342523,0.41562121793547246,0.545210199862164,7255.0,36275.0,5.0,775.0,776.0
0.9692990023358115,0.264721023244763,0.9709513435003632,0.41601842056132926,0.5456790123456791,6885.0,34425.0,5.0,776.0,777.0
0.9759140833632758,0.2656560717196414,0.9780364858377341,0.4178224421257723,0.5457473195711314,8332.0,41660.0,5.0,777.0,778.0
0.9702228301863389,0.26681170243854924,0.9733475479744137,0.4188180126914549,0.5497709863381505,8442.0,42210.0,5.0,778.0,779.0
0.9685561546095169,0.2691574393194984,0.9738657468824622,0.42175112030334366,0.5549217299018308,7538.0,37690.0,5.0,779.0,780.0
0.9734232320562836,0.26560842403048995,0.9758914392955104,0.417567484094138,0.5462682257831674,6927.0,34635.0,5.0,780.0,781.0
0.9812101362418556,0.26602682416635903,0.9849658314350798,0.4189110637473358,0.5445709946848899,6585.0,32925.0,5.0,781.0,782.0
0.9796147315369237,0.26646848477015206,0.9833068362480127,0.4193078200738958,0.546078431372549,6290.0,31450.0,5.0,782.0,783.0
0.9707696422105829,0.26453464866176113,0.9729368029739777,0.4159699926888967,0.5446592317224287,6725.0,33625.0,5.0,783.0,784.0
0.9724655439750627,0.26311965121911834,0.9760407307577119,0.41449920508744037,0.5404312668463612,6678.0,33390.0,5.0,784.0,785.0
0.967566234653618,0.26352808115081466,0.9723526343244653,0.4146714496259837,0.5424926099808729,7668.0,38340.0,5.0,785.0,786.0
0.9655573183118236,0.2643032284429914,0.9703675918979745,0.4154488517745303,0.5448862215553888,7998.0,39990.0,5.0,786.0,787.0
0.9816906939552342,0.26789894825116184,0.9854755784061696,0.42127530976125716,0.5487360754070265,7780.0,38900.0,5.0,787.0,788.0
0.9842843951151357,0.2685657282199069,0.988845055094545,0.4224075311619258,0.5492903459846733,7351.0,36755.0,5.0,788.0,789.0
0.972227191174336,0.2642182672642618,0.9754216867469879,0.41580497158118196,0.5431860776439089,6225.0,31125.0,5.0,789.0,790.0
0.9776439769349634,0.265163648310131,0.9828006088280061,0.4176449662041978,0.5432014205986808,6570.0,32850.0,5.0,790.0,791.0
0.9727321092897945,0.264167661902377,0.9753911806543385,0.4157395337557219,0.5430772878141299,7030.0,35150.0,5.0,791.0,792.0
0.9593463336471556,0.2623831027984212,0.9652060170045782,0.41260344441959296,0.5419664268585132,7645.0,38225.0,5.0,792.0,793.0
0.9746356884107125,0.2648766041461007,0.9785557986870898,0.41690490988191425,0.5437879893022125,6855.0,34275.0,5.0,793.0,794.0
0.9655624977078741,0.2630269093171566,0.9665618748213776,0.41352326221189706,0.5430599218824426,6998.0,34990.0,5.0,794.0,795.0
0.9809674518721588,0.26786854993257153,0.9848643006263048,0.42118185369120026,0.5488430758524704,7664.0,38320.0,5.0,795.0,796.0
0.9470843396181701,0.26112261658216096,0.9487545407368967,0.40953127625021,0.5440235253416364,7708.0,38540.0,5.0,796.0,797.0
0.970175456175611,0.2654994151164107,0.9785813630041724,0.4176783117152949,0.54522484932777,7190.0,35950.0,5.0,797.0,798.0
0.9596497475707073,0.2611350023037936,0.9599153140437544,0.41057683600470884,0.5406492589978829,7085.0,35425.0,5.0,798.0,799.0
0.969617088724955,0.26586886642655205,0.9786172487526729,0.4181386283347545,0.5460679496317415,7015.0,35075.0,5.0,799.0,800.0
0.9684830260101011,0.26408968180730713,0.9718274430889197,0.4153184627788229,0.5439567350018866,7951.0,39755.0,5.0,800.0,801.0
0.974754752748345,0.2660188173889156,0.979517005942597,0.41840620021063435,0.5461499557466177,7909.0,39545.0,5.0,801.0,802.0
0.9835390174787216,0.26707667076670766,0.9859240199788104,0.42029873858760525,0.5467181272387871,6607.0,33035.0,5.0,802.0,803.0
0.977595517760835,0.26707526971999496,0.979371921182266,0.41969851898274896,0.5486196633825944,6496.0,32480.0,5.0,803.0,804.0
0.974577727528617,0.26578741477590256,0.9772602739726027,0.4179139451099851,0.5462785388127854,7300.0,36500.0,5.0,804.0,805.0
0.9693177221026044,0.2627551020408163,0.9702799522356376,0.41352596906895867,0.5413073282915395,7537.0,37685.0,5.0,805.0,806.0
0.9782950596234253,0.2674479806308993,0.9820899368638062,0.4204081632653061,0.5486835888845939,7761.0,38805.0,5.0,806.0,807.0
0.967401023552651,0.26184694373135364,0.9694323144104804,0.41232382825303177,0.5394297456974056,7786.0,38930.0,5.0,807.0,808.0
0.9602428796271247,0.26247857950195064,0.9634635974304069,0.4125619645262042,0.5427150249821556,7472.0,37360.0,5.0,808.0,809.0
0.9784572390693831,0.26815817947017556,0.9837387964148527,0.4214366034941444,0.5498292787025182,7810.0,39050.0,5.0,809.0,810.0
0.9830675294662994,0.2679257570823836,0.9856252994729277,0.4213221363101029,0.548754192620987,8348.0,41740.0,5.0,810.0,811.0
0.983849153303405,0.2675883034163289,0.9874465811965812,0.42107061503416854,0.5474537037037037,7488.0,37440.0,5.0,811.0,812.0
0.9834221990921932,0.26650266502665027,0.9874326750448833,0.4197240974464338,0.5449523546471482,7241.0,36205.0,5.0,812.0,813.0
0.9517570473636261,0.26146330204646867,0.9491691104594331,0.40998884096872457,0.5446864962993996,7161.0,35805.0,5.0,813.0,814.0
0.939951002856912,0.2596767017647931,0.9490514905149051,0.40777829529576154,0.5405600722673893,7380.0,36900.0,5.0,814.0,815.0
0.9581603394859055,0.26230425055928414,0.9609342985930883,0.4121144664772561,0.5430724400127487,7321.0,36605.0,5.0,815.0,816.0
0.9837631914099566,0.26702778263148697,0.9884864165588616,0.42047049112670243,0.5458602846054333,7730.0,38650.0,5.0,816.0,817.0
0.9619130393299637,0.2623481781376518,0.9622030237580994,0.4122852680895367,0.5427915766738661,7408.0,37040.0,5.0,817.0,818.0
0.9578989905386514,0.26342944964871196,0.9644962486602358,0.4138307656932628,0.5446141479099679,7464.0,37320.0,5.0,818.0,819.0
0.9481744426998507,0.26079624605909524,0.952597750401714,0.40948598399815805,0.5420906980896268,7468.0,37340.0,5.0,819.0,820.0
0.969937127623134,0.2651862850971922,0.9755431409062694,0.4170138243956802,0.5453962342230498,8055.0,40275.0,5.0,820.0,821.0
0.9667782002522748,0.2634913365391955,0.973903230356891,0.41476675377729716,0.541942916255231,7089.0,35445.0,5.0,821.0,822.0
0.960636614693046,0.2654585855490001,0.9719455744143639,0.4170202521741747,0.5470846776078927,7129.0,35645.0,5.0,822.0,823.0
0.9689361458311784,0.2659676207391215,0.9719171243135297,0.4176454813622955,0.5482609419204526,8012.0,40060.0,5.0,823.0,824.0
0.9709177982195569,0.2643938385049052,0.9712981082844097,0.41564604487246587,0.5448195259839096,6132.0,30660.0,5.0,824.0,825.0
0.9702274904731006,0.26429956853897,0.9723314402213484,0.4156240273887333,0.544293966312315,6867.0,34335.0,5.0,825.0,826.0
0.9843857856097046,0.26625184927334433,0.988529886914378,0.4195118606883313,0.5440495422724825,6190.0,30950.0,5.0,826.0,827.0
0.9808006916017484,0.264948006932409,0.9823293172690764,0.4173349257805835,0.5428380187416332,6225.0,31125.0,5.0,827.0,828.0
0.9574682026548413,0.26170788102049614,0.9604487271681289,0.41133353865106254,0.5418284673282516,6953.0,34765.0,5.0,828.0,829.0
0.9683727485353125,0.26280143220741126,0.9717658318711119,0.4137181663837012,0.5409687882171532,6269.0,31345.0,5.0,829.0,830.0
0.965675776172742,0.2634062634062634,0.9636182051647881,0.41372128637059724,0.544823322395016,7009.0,35045.0,5.0,830.0,831.0
0.9793366091781394,0.2653603034134008,0.9805356586733105,0.4176837357389228,0.5443267933146476,6422.0,32110.0,5.0,831.0,832.0
0.966904190665113,0.26390639773085406,0.967644084934277,0.41470888661899896,0.5447782753141701,6923.0,34615.0,5.0,832.0,833.0
0.9737591832615277,0.26599868052119413,0.9749131026144778,0.41795976546049435,0.5474535287894816,6617.0,33085.0,5.0,833.0,834.0
0.9777013884530924,0.26763328802295727,0.979817528338402,0.42042825790379024,0.549764998617639,7234.0,36170.0,5.0,834.0,835.0
0.9709500609875045,0.26559075513050406,0.9758418740849195,0.41754111198120597,0.5462420693020986,6830.0,34150.0,5.0,835.0,836.0
0.9471805538057402,0.25876151912873496,0.9462598927750829,0.40639219341044897,0.5392732533401413,7834.0,39170.0,5.0,836.0,837.0
0.9775776571157027,0.2677239865248495,0.9867466517857143,0.42117485932057047,0.5479678199404762,7168.0,35840.0,5.0,837.0,838.0
0.9628346076321501,0.2616643595798388,0.9640017999100045,0.4116045982900509,0.5406479676016199,6667.0,33335.0,5.0,838.0,839.0
0.9700035208230718,0.26368396001903854,0.9760681250917633,0.4152015738687818,0.54174619488083,6811.0,34055.0,5.0,839.0,840.0
0.9620475023255584,0.2636486634731415,0.9648066372273518,0.4141298104537622,0.545028770239529,7473.0,37365.0,5.0,840.0,841.0
0.9659386773514135,0.26528632592989027,0.9814379408489048,0.4176738552281644,0.5438889576372561,8081.0,40405.0,5.0,841.0,842.0
0.9717180032145698,0.2645095187731359,0.9740749756572541,0.4160428363485132,0.5442632262252516,8216.0,41080.0,5.0,842.0,843.0
0.9634672822010119,0.2625943365800168,0.9660654959658282,0.41294314550895167,0.5422006011707008,8428.0,42140.0,5.0,843.0,844.0
0.9666429620863614,0.2623297934718874,0.9631623011601483,0.4123505466089762,0.5424590360004784,8361.0,41805.0,5.0,844.0,845.0
0.9686278175215897,0.2643786535923062,0.9763231197771588,0.41608547262205076,0.5432915506035283,7180.0,35900.0,5.0,845.0,846.0
0.9572604633885912,0.2631052213824758,0.967389925136404,0.41369580552390256,0.5429936979232753,7881.0,39405.0,5.0,846.0,847.0
0.9528139668632263,0.2597589630864853,0.9565945568736915,0.4085720246788471,0.5384275412886718,7165.0,35825.0,5.0,847.0,848.0
0.9409087310401099,0.2597831211692598,0.9489092996555684,0.4078963602714374,0.5408534251817834,6968.0,34840.0,5.0,848.0,849.0
0.9657812116042953,0.2659475036996651,0.9733466362599772,0.4177524928121368,0.5477955150133029,7016.0,35080.0,5.0,849.0,850.0
0.9803740188797168,0.26704983798796483,0.9861823361823362,0.42028897523069453,0.5465811965811965,7020.0,35100.0,5.0,850.0,851.0
0.9697646141023142,0.2638294760703448,0.9705447209145931,0.4148795492439487,0.5437345886572518,7435.0,37175.0,5.0,851.0,852.0
0.9752055002062868,0.26593227254181967,0.9798556825015033,0.4183300173287979,0.5458508719182201,6652.0,33260.0,5.0,852.0,853.0
0.9695999035533058,0.2656131287038444,0.9732739420935412,0.41733317416736304,0.5470489977728286,7184.0,35920.0,5.0,853.0,854.0
0.9727645671882982,0.2656340684852002,0.9799277398635087,0.4179675237578836,0.5451402827958428,7473.0,37365.0,5.0,854.0,855.0
0.9701020457615595,0.26290064102564104,0.974602703104114,0.4140977502918626,0.5403485321055498,6733.0,33665.0,5.0,855.0,856.0
0.9744070181690503,0.2663685485373579,0.9781061850027367,0.4187095451483467,0.5473681809888706,7308.0,36540.0,5.0,856.0,857.0
0.974925546526336,0.266382252559727,0.9788061198896413,0.41879057788270646,0.5471950505810551,7974.0,39870.0,5.0,857.0,858.0
0.9621422736532791,0.26366915320927947,0.96867941575064,0.41451077676471537,0.5439190884906892,6641.0,33205.0,5.0,858.0,859.0
0.967628556842573,0.2627149504349585,0.9718604999251609,0.41361956937189454,0.5407374145586988,6681.0,33405.0,5.0,859.0,860.0
0.9689982266930827,0.26803313210725815,0.9891202984146721,0.4217735165466354,0.5479915725486133,9651.0,48255.0,5.0,860.0,861.0
0.9600132624857758,0.2651850767034013,0.9834351663272234,0.4177288194244189,0.5430640416383797,7365.0,36825.0,5.0,861.0,862.0
0.9777533615528342,0.2689261180428992,0.9885338830198402,0.42282470931834465,0.5502018380142575,7762.0,38810.0,5.0,862.0,863.0
0.9639336983741543,0.2649812070065953,0.9695121951219512,0.41620718462823725,0.5467047223663726,7708.0,38540.0,5.0,863.0,864.0
0.9702748700608839,0.2650970587213946,0.9769644228308165,0.41703313211876214,0.5447700708130706,7814.0,39070.0,5.0,864.0,865.0
0.9798501621809982,0.26557958170861395,0.9817848250556939,0.4180686922797913,0.544467741230944,7631.0,38155.0,5.0,865.0,866.0
0.9828292692997821,0.2665588416512631,0.9857590430076901,0.41964231585328887,0.5455710623753917,7022.0,35110.0,5.0,866.0,867.0
0.9800390824894821,0.2669043029134689,0.9837779863252447,0.4198901350423438,0.546945524422398,7459.0,37295.0,5.0,867.0,868.0
0.911175406664043,0.25069562875863927,0.9068181818181819,0.3927993811968216,0.5327380952380952,9240.0,46200.0,5.0,868.0,869.0
0.9627186268530681,0.2620820150133383,0.9644977168949772,0.4121664471437631,0.541476407914764,8760.0,43800.0,5.0,869.0,870.0
0.9781872593528965,0.2650741113829328,0.9831865492393915,0.41756871635024084,0.5428787474423984,7494.0,37470.0,5.0,870.0,871.0
0.9688835619335189,0.26439339554917446,0.9731800766283525,0.41581755059414605,0.5442594794556744,7569.0,37845.0,5.0,871.0,872.0
0.976125397117818,0.2650308175369229,0.9776919776919777,0.4170173833485819,0.5444015444015444,6993.0,34965.0,5.0,872.0,873.0
0.9840527880817378,0.2677956767176098,0.9861832931930536,0.4212122032430091,0.5482950944352897,7889.0,39445.0,5.0,873.0,874.0
0.9655063732112881,0.26254040899349823,0.9687709422329447,0.4131229995427526,0.5412589911986776,7461.0,37305.0,5.0,874.0,875.0
0.9720887925021513,0.26446606650298565,0.975732498322523,0.4161400329096416,0.5436703198389622,8942.0,44710.0,5.0,875.0,876.0
0.9697143495083979,0.2668385328286125,0.9768247521204158,0.41917211328976034,0.5488193365985744,8371.0,41855.0,5.0,876.0,877.0
0.9752219899060935,0.26462180069283286,0.9770271948342233,0.41645053723601333,0.5436483298149758,8053.0,40265.0,5.0,877.0,878.0
0.9817008373686579,0.2656131615975755,0.9838300146999867,0.4182954545454545,0.5439440509599537,7483.0,37415.0,5.0,878.0,879.0
0.9807670050251156,0.26506706971471755,0.9833193159517802,0.417571951546177,0.5428231006447995,7134.0,35670.0,5.0,879.0,880.0
0.9649746863461325,0.2630573491766324,0.9660446190543005,0.4135135135135135,0.5432860951311912,7127.0,35635.0,5.0,880.0,881.0
0.9817604545674453,0.26950817000122246,0.9864280387770321,0.42335018882416947,0.5521252796420582,6705.0,33525.0,5.0,881.0,882.0
0.9816410609003217,0.26763007709508396,0.9840471223463002,0.4208123425692695,0.5485335624002945,8149.0,40745.0,5.0,882.0,883.0
0.9816963604357926,0.26769936890418816,0.9831436999578592,0.4208152958152958,0.5489535047057171,7119.0,35595.0,5.0,883.0,884.0
0.9722119227680805,0.26483668149056894,0.9739179472719582,0.41643307110347527,0.5450679073264721,7093.0,35465.0,5.0,884.0,885.0
0.9587837476430323,0.2647312553917707,0.9605334784975503,0.4150666000176424,0.5487887860642352,7348.0,36740.0,5.0,885.0,886.0
0.9579911178772721,0.26091415678096475,0.9556724267468069,0.4099148696189274,0.5414266633274898,7986.0,39930.0,5.0,886.0,887.0
0.9710247323346052,0.26775038099331794,0.9777397260273972,0.4203809932820025,0.5506326103500762,7008.0,35040.0,5.0,887.0,888.0
0.948588292968846,0.26302163833075737,0.9529609407811844,0.4122581231263059,0.5471323906855197,7143.0,35715.0,5.0,888.0,889.0
0.9747886257600528,0.26741966893865626,0.977923372738926,0.4199902128700759,0.549826710345155,7021.0,35105.0,5.0,889.0,890.0
0.959536801657445,0.2635160969641355,0.9610932924278344,0.41362340585146284,0.5458327522893134,7171.0,35855.0,5.0,890.0,891.0
0.9691360769825277,0.26480748470672905,0.9700764566306354,0.416044776119403,0.5461376219351437,7586.0,37930.0,5.0,891.0,892.0
0.9662503170971427,0.2619387831841769,0.967634393665787,0.41227473145325955,0.5401907672361902,7199.0,35995.0,5.0,892.0,893.0
0.9715577223207174,0.26319530168705346,0.9734366353071389,0.41435764553458376,0.541389964951116,7228.0,36140.0,5.0,893.0,894.0
0.9534697740125223,0.2602250165453342,0.9558769903974718,0.409082633235363,0.5397471739394676,8227.0,41135.0,5.0,894.0,895.0
0.9672255734694298,0.26403340181589235,0.9706419783164819,0.4151405423711152,0.544179152962196,8209.0,41045.0,5.0,895.0,896.0
0.9680192955875615,0.26490413159640974,0.9701969813251471,0.4161751392280047,0.5463247207299394,7818.0,39090.0,5.0,896.0,897.0
0.9694601640035068,0.26336056429265486,0.9712010617120106,0.4143593228016534,0.5424463614244636,7535.0,37675.0,5.0,897.0,898.0
0.9624352493519077,0.2619010819165379,0.9633314383172257,0.4118361890873739,0.5414061019518666,7036.0,35180.0,5.0,898.0,899.0
0.9700538442508302,0.26430976430976433,0.9710904934785531,0.4155231437530566,0.5446864775222984,7437.0,37185.0,5.0,899.0,900.0
0.963111883006861,0.26658236994219653,0.9739968321013728,0.418595416383027,0.5490584301302358,7576.0,37880.0,5.0,900.0,901.0
0.9662172064875564,0.2633112359076131,0.9696781215985072,0.4141595271302384,0.5427875395221065,6431.0,32155.0,5.0,901.0,902.0
0.9619261163897429,0.2631003172519418,0.9637990916377237,0.413360451459509,0.5440600231543326,7486.0,37430.0,5.0,902.0,903.0
0.9703653873258099,0.2621777703381319,0.970866263753293,0.4128636857886586,0.539774781755256,6453.0,32265.0,5.0,903.0,904.0
0.9581247013571318,0.2646931122952437,0.9607449856733524,0.41503945536128733,0.5486389684813754,6980.0,34900.0,5.0,904.0,905.0
0.9829969305144507,0.2698807157057654,0.9875489647453833,0.42391304347826086,0.5526487595597837,7148.0,35740.0,5.0,905.0,906.0
0.9649077036707,0.265177690029615,0.9706413730803974,0.41655359565807326,0.5468232460102379,6642.0,33210.0,5.0,906.0,907.0
0.978160313800538,0.2662644281217209,0.9810825738746203,0.4188527972646348,0.5462579397956365,7242.0,36210.0,5.0,907.0,908.0
0.9801401217053312,0.26580042891383876,0.9828953506453117,0.4184430027803522,0.5446535012698906,6431.0,32155.0,5.0,908.0,909.0
0.9755582417839644,0.26748358528019545,0.9786312849162011,0.4201343086701043,0.5497672253258845,7160.0,35800.0,5.0,909.0,910.0
0.9677388125315712,0.26317663817663817,0.9700991831971996,0.414031374501992,0.5423473356670556,6856.0,34280.0,5.0,910.0,911.0
0.9760430148339164,0.2663138024206981,0.9806460406160556,0.4188740757990336,0.5464994775339603,7337.0,36685.0,5.0,911.0,912.0
0.9666386453505958,0.2649464816246795,0.9673105497771174,0.4159611514009137,0.5472758791480932,6730.0,33650.0,5.0,912.0,913.0
0.9738893287959951,0.2662512127770729,0.9795442064799561,0.41869608591045127,0.5466776496430533,7284.0,36420.0,5.0,913.0,914.0
0.9724939749340568,0.2648939090873436,0.9730586370839936,0.4164251803440409,0.5454545454545454,6941.0,34705.0,5.0,914.0,915.0
0.9798075434052715,0.26629616349946217,0.983448093220339,0.4191072738558772,0.5456391242937854,7552.0,37760.0,5.0,915.0,916.0
0.9692382357964356,0.26574735474999045,0.972734899328859,0.4174492214455012,0.5475158463832961,7152.0,35760.0,5.0,916.0,917.0
0.9564860976038713,0.2613131541299601,0.9543517118108071,0.4102852076252401,0.5427608964663825,7273.0,36365.0,5.0,917.0,918.0
0.9738453090255874,0.264362465572753,0.9759415723900903,0.4160307673524205,0.543367225165879,6983.0,34915.0,5.0,918.0,919.0
0.9846700528342911,0.2680345407305517,0.9871939206304532,0.4215998557605625,0.5485505206867436,7106.0,35530.0,5.0,919.0,920.0
0.9727020342104477,0.2633278210882747,0.9743589743589743,0.41460541813898705,0.541423853923854,6864.0,34320.0,5.0,920.0,921.0
0.9635336183843384,0.26219062050744063,0.963449457452884,0.4122048807305824,0.5420474014848657,7004.0,35020.0,5.0,921.0,922.0
0.9675781400309946,0.26252921319137884,0.9674641148325359,0.41299019607843135,0.5416267942583732,7315.0,36575.0,5.0,922.0,923.0
0.9742503419185488,0.2641230769230769,0.975159042714329,0.41566323401233174,0.5430425123699889,6602.0,33010.0,5.0,923.0,924.0
0.9786509378550944,0.2652421093903156,0.9807190489997101,0.41755393019164894,0.5439982603653233,6898.0,34490.0,5.0,924.0,925.0
0.9744106846129205,0.2666427203065134,0.9764688687518269,0.41889773653520596,0.5484751047452012,6842.0,34210.0,5.0,925.0,926.0
0.9605077871912491,0.2612467372946415,0.9681365576102419,0.4114624266972976,0.5384068278805121,7030.0,35150.0,5.0,926.0,927.0
0.9596926164586095,0.2619159795838241,0.9595799769850403,0.41151070260933936,0.5425776754890679,6952.0,34760.0,5.0,927.0,928.0
0.9883917356446196,0.2684984162010179,0.9914574845577605,0.4225620343919789,0.5483856836202743,7609.0,38045.0,5.0,928.0,929.0
0.977420830933844,0.2662066685948023,0.9790305424707492,0.41859407484407485,0.5467254216684394,6581.0,32905.0,5.0,929.0,930.0
0.9822228924220573,0.2668098989416726,0.9841502788376871,0.4198071866783523,0.5466197045298894,6814.0,34070.0,5.0,930.0,931.0
0.9714805272128311,0.262087078755595,0.9721459934138309,0.41286675796159783,0.5391739846322722,7288.0,36440.0,5.0,931.0,932.0
0.9827691499703048,0.26760445449217113,0.9847481127715298,0.4208447180432564,0.5482719663123299,6491.0,32455.0,5.0,932.0,933.0
0.9736458996286514,0.2660613675975842,0.9779499404052443,0.4183156485995603,0.546707389749702,6712.0,33560.0,5.0,933.0,934.0
0.9797958409472374,0.26974823989089164,0.9821500469735606,0.4232504337767496,0.553885384512146,7451.0,37255.0,5.0,934.0,935.0
0.9766245052028889,0.2643904657243548,0.9770340288475003,0.41616462869072474,0.5431078747140923,7141.0,35705.0,5.0,935.0,936.0
0.9846352159977747,0.26664307341433685,0.9861838278068644,0.4197851858730306,0.5456418460345162,6876.0,34380.0,5.0,936.0,937.0
0.9775090398378208,0.26600489620711626,0.9781724010358861,0.4182661885678127,0.5465121058905743,8109.0,40545.0,5.0,937.0,938.0
0.9749367586039028,0.26451679800912486,0.9778941988244314,0.41639915120517984,0.5431467757049152,7826.0,39130.0,5.0,938.0,939.0
0.9610815137218243,0.2632576490155881,0.9636131955259805,0.41353748936687323,0.5444806267402897,7063.0,35315.0,5.0,939.0,940.0
0.9812211963754942,0.26655393720456555,0.9841089670828603,0.41948652816837523,0.5460414301929626,7048.0,35240.0,5.0,940.0,941.0
0.9719943294622063,0.2643845037059678,0.975747320924986,0.4160404016112547,0.5434762173340854,7092.0,35460.0,5.0,941.0,942.0
0.9332426511499836,0.2557571782538989,0.9363660618996799,0.40177447052089293,0.5352632515119174,7496.0,37480.0,5.0,942.0,943.0
0.9822909166484572,0.2666184971098266,0.9846564376250834,0.41961620469083155,0.5460306871247498,7495.0,37475.0,5.0,943.0,944.0
0.9764550496844426,0.26382132735501884,0.9803520905375668,0.41575842415758424,0.5407890600440113,6362.0,31810.0,5.0,944.0,945.0
0.9713306487489195,0.26744883674421704,0.9735501091967969,0.4196213785168915,0.5511607215077247,8242.0,41210.0,5.0,945.0,946.0
0.9792145433830676,0.26648736275882395,0.9820773930753565,0.4192192888399455,0.5464811043222448,7365.0,36825.0,5.0,946.0,947.0
0.9803905975626483,0.26848054773027136,0.9831548707234264,0.4217809024957284,0.5507312614259597,7658.0,38290.0,5.0,947.0,948.0
0.9812626815852613,0.2655420695330179,0.9832419256550884,0.4181541352165603,0.5439518586227909,6564.0,32820.0,5.0,948.0,949.0
0.9770685563617163,0.2665629544455342,0.9780369772924681,0.4189433400659084,0.5478347189477603,8059.0,40295.0,5.0,949.0,950.0
0.9816872343363094,0.26695385858041937,0.9842412209951606,0.4199936460870486,0.5469247632046986,8059.0,40295.0,5.0,950.0,951.0
0.9803074226810701,0.2670000694589151,0.980862464914519,0.41974230181262284,0.5480139491366846,7838.0,39190.0,5.0,951.0,952.0
0.9725793714144563,0.26502256494083365,0.9742651861528413,0.4166946027489105,0.5453951665578054,7655.0,38275.0,5.0,952.0,953.0
0.9812412668518306,0.26679070446171244,0.9830622395483264,0.41968436154949784,0.546892503472689,7439.0,37195.0,5.0,953.0,954.0
0.9827059823842773,0.2690112806901128,0.9848171990768857,0.4225887994162562,0.5514595732620754,8233.0,41165.0,5.0,954.0,955.0
0.9734764044116951,0.2651494284533811,0.9746867485128464,0.41688997157937474,0.5455638526768763,7901.0,39505.0,5.0,955.0,956.0
0.9669067321982956,0.264161401175036,0.9696188796961888,0.415205018004414,0.5447805054478051,7373.0,36865.0,5.0,956.0,957.0
0.9759043238675948,0.2644298900762189,0.9772116065109696,0.4162295773798758,0.5431469686246756,7065.0,35325.0,5.0,957.0,958.0
0.9712701315003976,0.2642928786359077,0.9714285714285714,0.4155332150601222,0.5445468509984639,6510.0,32550.0,5.0,958.0,959.0
0.9656874195548235,0.26368527760449156,0.9662808972710387,0.41431065641559717,0.5446730485307425,6999.0,34995.0,5.0,959.0,960.0
0.9745279879844374,0.2644296290839442,0.9751426242868786,0.4160412622062531,0.5437607534184551,7362.0,36810.0,5.0,960.0,961.0
0.97688023017839,0.26588312349901755,0.9777866987822829,0.41808038907166356,0.5463446184040323,7473.0,37365.0,5.0,961.0,962.0
0.983952558830873,0.26775355450236965,0.9863128491620111,0.4211719099448338,0.5481610800744879,7160.0,35800.0,5.0,962.0,963.0
0.9770411097232288,0.2672022480005764,0.9808251785241999,0.4199886749716874,0.5484880543066208,7562.0,37810.0,5.0,963.0,964.0
0.982871239306703,0.2698774225608746,0.9860795884400061,0.4237734499463537,0.5530589600040349,6609.0,33045.0,5.0,964.0,965.0
0.9675344481137248,0.26390170259162965,0.9702436016034536,0.4149413161018067,0.5439921883030117,6486.0,32430.0,5.0,965.0,966.0
0.9480872984783906,0.2573309174278002,0.9328418230563003,0.4033852128800394,0.5401027703306523,7460.0,37300.0,5.0,966.0,967.0
0.9561579295247996,0.2672434803802096,0.98583951449764,0.42049757921480274,0.5471266951374841,8898.0,44490.0,5.0,967.0,968.0
0.9350545015862429,0.2615605054057575,0.9603060736489718,0.41113841113841115,0.5415271799776822,8364.0,41820.0,5.0,968.0,969.0
0.969948505235019,0.26524736415247363,0.9762686567164179,0.41715561224489794,0.5453233830845771,6700.0,33500.0,5.0,969.0,970.0
0.9782171360956723,0.2657159487776484,0.9811929070392262,0.41818390014886064,0.544957907934802,7444.0,37220.0,5.0,970.0,971.0
0.9660354273635212,0.26342964246560807,0.9672769770159719,0.4140863861248541,0.5437821927888153,7701.0,38505.0,5.0,971.0,972.0
0.9521008168471928,0.2621461535666267,0.957398805573988,0.4115935413932789,0.5437735014377351,7535.0,37675.0,5.0,972.0,973.0
0.9668988703384269,0.26382234390447945,0.9713005739885202,0.4149397446248617,0.5434924634840637,7143.0,35715.0,5.0,973.0,974.0
0.9825770134510398,0.2665464451521314,0.9872104590024158,0.4197583081570997,0.5451186585192553,7037.0,35185.0,5.0,974.0,975.0
0.9864561938146026,0.26833549836744724,0.9902824565949728,0.4222535289080412,0.5483501770752354,7718.0,38590.0,5.0,975.0,976.0
0.978604491117472,0.2660272788019339,0.9817232375979112,0.41861759703108087,0.5455226767237211,6894.0,34470.0,5.0,976.0,977.0
0.971345082704909,0.2642680373120122,0.972946453602467,0.4156411868618821,0.5440379403794038,7134.0,35670.0,5.0,977.0,978.0
0.9643522233944412,0.26367271169498785,0.9665009159905784,0.4143153643349975,0.5445782081479543,7642.0,38210.0,5.0,978.0,979.0
0.9777547640908916,0.2649650255582459,0.9787577639751552,0.4170327634573652,0.5439337474120083,8050.0,40250.0,5.0,979.0,980.0
0.9686303512420329,0.26273494502538586,0.9703216192723209,0.41350478911996613,0.5412475681940477,8053.0,40265.0,5.0,980.0,981.0
0.9812768060901912,0.26923202881938757,0.9834908481875823,0.42273872576747057,0.5523387965067592,8359.0,41795.0,5.0,981.0,982.0
0.9651744298666892,0.264263115808504,0.9706295492274295,0.4154232934360824,0.5447154471544715,7831.0,39155.0,5.0,982.0,983.0
0.9629697851769989,0.26616842872767044,0.9701036407121977,0.41772514017622153,0.5492514837452387,7526.0,37630.0,5.0,983.0,984.0
0.9539572384865775,0.26113120912759147,0.9543605390287313,0.41006172502321514,0.5423340961098398,7866.0,39330.0,5.0,984.0,985.0
0.9626438854279153,0.2621850765459879,0.9668098977626315,0.4125047414338096,0.5410184224823431,6749.0,33745.0,5.0,985.0,986.0
0.9730044256477156,0.26454780143044565,0.9754993757802747,0.41621999533908177,0.5439294631710362,6408.0,32040.0,5.0,986.0,987.0
0.9828732085904666,0.2661373266960135,0.9835791394252699,0.41892241937572855,0.5452333890831687,6577.0,32885.0,5.0,987.0,988.0
0.9881799931793281,0.2657255032996408,0.9894245723172629,0.41893849598314237,0.5425609123898393,6430.0,32150.0,5.0,988.0,989.0
0.9843821727951424,0.2667414166408908,0.9875465216146578,0.42003044140030443,0.5454718961732989,6986.0,34930.0,5.0,989.0,990.0
0.9729582598303955,0.2653937447640324,0.9752437147255003,0.4172428932060147,0.5459637420899607,7796.0,38980.0,5.0,990.0,991.0
0.9778184209992853,0.26826462839968834,0.9819367105799267,0.4214023430669698,0.5505907917968219,7363.0,36815.0,5.0,991.0,992.0
0.9779580453893091,0.2648194794290512,0.9804165371464098,0.4170027103854036,0.5431043415190135,6434.0,32170.0,5.0,992.0,993.0
0.9618634533813416,0.26261517349539304,0.9696004632310364,0.41329096350229844,0.5411841343370006,6908.0,34540.0,5.0,993.0,994.0
0.9663227188562967,0.2645191714731382,0.9731749632990792,0.4159726183685111,0.5445526936251612,7493.0,37465.0,5.0,994.0,995.0
0.9795537786612075,0.2671817157572831,0.9850170597834149,0.420346279239072,0.5472234584384117,6741.0,33705.0,5.0,995.0,996.0
0.9723093386409728,0.2645930796139419,0.9712252475247525,0.4158855287999735,0.5453021864686468,6464.0,32320.0,5.0,996.0,997.0
0.9699834540665685,0.2629172585227273,0.9733771569433032,0.41400761891447946,0.5407559572719802,6085.0,30425.0,5.0,997.0,998.0
0.9740194710904004,0.2652132786811405,0.975480450629556,0.4170414704111627,0.5454771371769384,6036.0,30180.0,5.0,998.0,999.0
0.9770926791038936,0.2662180882643974,0.9794670161642639,0.4186480766836798,0.546623950293675,6867.0,34335.0,5.0,999.0,1000.0
0.975124445474251,0.2638994806986963,0.9772727272727273,0.4155777313927887,0.5418908015061861,7436.0,37180.0,5.0,1000.0,1001.0
0.9805137701338607,0.2667253184408828,0.98377539503386,0.41966838193253286,0.5465340481565086,7088.0,35440.0,5.0,1001.0,1002.0
0.9746425828963585,0.26399821109123434,0.9739316944398614,0.4153970655501214,0.5431171973821701,6061.0,30305.0,5.0,1002.0,1003.0
0.9498011779119935,0.259364204479292,0.9533456983877872,0.4077871353594532,0.538498121462881,7009.0,35045.0,5.0,1003.0,1004.0
0.9568441886581057,0.2573184901982833,0.9499100594991006,0.40494307792131184,0.5347078086804115,7227.0,36135.0,5.0,1004.0,1005.0
0.981449921123639,0.26800943567410634,0.983486482887202,0.42122975131188684,0.5495627469259111,7509.0,37545.0,5.0,1005.0,1006.0
0.9786888662721893,0.2654797147979819,0.9795384615384616,0.4177410359872716,0.5448974358974359,6500.0,32500.0,5.0,1006.0,1007.0
0.9841306872003148,0.2679818990155605,0.9872769815735595,0.4215423040899157,0.5484059666569172,6838.0,34190.0,5.0,1007.0,1008.0
0.9836150804408751,0.2673048862948859,0.9869908015768726,0.42067826038253664,0.546933858957512,7610.0,38050.0,5.0,1008.0,1009.0
0.9816159879302657,0.2669511968825385,0.9838599370811106,0.4199556282111163,0.5470295901153513,7311.0,36555.0,5.0,1009.0,1010.0
0.968899157142857,0.2637865508415419,0.9717142857142858,0.4149332031964863,0.5432857142857143,7000.0,35000.0,5.0,1010.0,1011.0
0.956876469824496,0.2616235610704141,0.9602194787379973,0.4112083651530283,0.5417009602194788,7290.0,36450.0,5.0,1011.0,1012.0
0.974905568283375,0.26675619100280423,0.9764348706086453,0.419034619679861,0.5487446388125874,6917.0,34585.0,5.0,1012.0,1013.0
0.9619517912582338,0.2646791161588584,0.9680468645985887,0.4156995026013378,0.5464429947188568,7511.0,37555.0,5.0,1013.0,1014.0
0.9841601220215294,0.26848105921294596,0.9883563498510696,0.4222582137899121,0.5492372957848182,7386.0,36930.0,5.0,1014.0,1015.0
0.9779584003038544,0.26555428751328164,0.9810991567316081,0.4179751618198148,0.5446108364834739,6878.0,34390.0,5.0,1015.0,1016.0
0.9700241170646576,0.26350308641975306,0.9719652767895262,0.41460527513885936,0.5425501636544756,7027.0,35135.0,5.0,1016.0,1017.0
0.9814313716561684,0.26804390406149525,0.9843919652551575,0.42135533157115057,0.5493802026782483,7368.0,36840.0,5.0,1017.0,1018.0
0.9799427198397883,0.2660960041323839,0.9839017735334242,0.4189004733830918,0.5450432014552069,7330.0,36650.0,5.0,1018.0,1019.0
0.9798107106706998,0.26619789050728276,0.977859778597786,0.4184761152783261,0.5470479704797048,7046.0,35230.0,5.0,1019.0,1020.0
0.9748257529932681,0.2665697999329384,0.9761255115961801,0.41877615521933803,0.5484083674397453,7330.0,36650.0,5.0,1020.0,1021.0
0.9717080613082507,0.2622673434856176,0.9748427672955975,0.41333333333333333,0.5387840670859538,6996.0,34980.0,5.0,1021.0,1022.0
0.9714512156097259,0.26218675975564143,0.9716617896195904,0.4129467207749705,0.5395554186559886,6493.0,32465.0,5.0,1022.0,1023.0
0.9857276978202277,0.2668889144346093,0.9892060786820054,0.42036332910857627,0.5453297353595606,7041.0,35205.0,5.0,1023.0,1024.0
0.9752362073717196,0.26590474535025205,0.9774760383386581,0.41807871003006286,0.5464856230031949,6260.0,31300.0,5.0,1024.0,1025.0
0.9821369125707686,0.2659688100833155,0.9849683544303798,0.4188393608074012,0.5444356540084389,7584.0,37920.0,5.0,1025.0,1026.0
0.9759625148123495,0.26667648358121043,0.9774659290244232,0.4190310918293565,0.5482615931273332,7411.0,37055.0,5.0,1026.0,1027.0
0.9818822442871359,0.2662442905554737,0.9855467684755931,0.4192332231309089,0.5449050086355786,7334.0,36670.0,5.0,1027.0,1028.0
0.9713432339926227,0.2627682907723641,0.9738713891711424,0.41386755497979705,0.5402574152029807,6889.0,34445.0,5.0,1028.0,1029.0
0.9698241377404726,0.26377672209026126,0.9697278416533256,0.4147396595188447,0.5438558191432591,6871.0,34355.0,5.0,1029.0,1030.0
0.8819918340995092,0.2467040098367375,0.8830073349633252,0.3856586043034866,0.5311328443357783,8180.0,40900.0,5.0,1030.0,1031.0
0.9760250952742169,0.2656531920611156,0.9805866515516508,0.4180511085603818,0.5449907892872325,7057.0,35285.0,5.0,1031.0,1032.0
0.977118407695599,0.26583011583011584,0.9803502776591201,0.4182486407678523,0.545469647349186,7023.0,35115.0,5.0,1032.0,1033.0
0.9616437415512614,0.2603759765625,0.9628347878423111,0.40990327333290627,0.5379676998695957,6646.0,33230.0,5.0,1033.0,1034.0
0.9689272338085357,0.26005469755469757,0.9713083971759051,0.4102661717585102,0.5346001702468579,6657.0,33285.0,5.0,1034.0,1035.0
0.972338244603863,0.263385448510787,0.9774716369529983,0.41495802944819044,0.5406266882766072,6170.0,30850.0,5.0,1035.0,1036.0
0.9741907047423596,0.2649011889140721,0.9802825191288993,0.41709187666301456,0.5433343143025309,6796.0,33980.0,5.0,1036.0,1037.0
0.9650545924272144,0.2630867819641754,0.9661185143181173,0.4135566478548456,0.5433323882430772,7054.0,35270.0,5.0,1037.0,1038.0
0.9611203612630107,0.26306137859120493,0.9654262338347849,0.41346181016700106,0.5434811295856427,7578.0,37890.0,5.0,1038.0,1039.0
0.9652847948402026,0.26262981182166,0.9695877774574806,0.41330793806832145,0.5412222542519458,6938.0,34690.0,5.0,1039.0,1040.0
0.9572928286433652,0.2624050726240507,0.9600755327758295,0.4121598147075854,0.5435662260588077,7414.0,37070.0,5.0,1040.0,1041.0
0.951943469453915,0.26235177865612647,0.9596830251633532,0.4120579018057006,0.5435608693637333,7193.0,35965.0,5.0,1041.0,1042.0
0.9727896391829425,0.265337183890103,0.9750466083464793,0.417154952909777,0.5458912949949807,6973.0,34865.0,5.0,1042.0,1043.0
0.9736185723978983,0.26317912313959585,0.9759198324857912,0.4145620890117221,0.54060723900688,6686.0,33430.0,5.0,1043.0,1044.0
0.9433693374901997,0.25743894931253847,0.9489409984871406,0.4050040355125101,0.5353000504286435,7932.0,39660.0,5.0,1044.0,1045.0
0.9801484115309717,0.26677719879993683,0.9855621992124836,0.4198949951846904,0.5461329055466433,6857.0,34285.0,5.0,1045.0,1046.0
0.9742513710609781,0.2647305514782973,0.9788086316061506,0.41674689846780183,0.5433733901882242,7739.0,38695.0,5.0,1046.0,1047.0
0.971744183720426,0.266332037589161,0.9749930920143686,0.4183785386097525,0.5481947130883301,7238.0,36190.0,5.0,1047.0,1048.0
0.9681271107086435,0.2634941531789669,0.972976837289105,0.4146861669713589,0.5422266704794586,6994.0,34970.0,5.0,1048.0,1049.0
0.9610940402896735,0.2616477607253601,0.9617659789352185,0.411379906196001,0.5412879334391382,6931.0,34655.0,5.0,1049.0,1050.0
0.9570133409605883,0.25818236601257954,0.9536727879799666,0.40635466374225676,0.5355917269523279,7188.0,35940.0,5.0,1050.0,1051.0
0.9686399282233591,0.2659043207642759,0.9705455025756174,0.4174407044453913,0.5485184695989082,7571.0,37855.0,5.0,1051.0,1052.0
0.9704628440999049,0.2632915540263783,0.976157934700076,0.41472305558243816,0.5407997975196153,6585.0,32925.0,5.0,1052.0,1053.0
0.9712104337461959,0.26299714276330916,0.9726709583383942,0.41404270720231634,0.5411555123689218,8233.0,41165.0,5.0,1053.0,1054.0
0.9582293760854063,0.2607103763258219,0.9587729039422543,0.4099474730688192,0.5400009254118082,7204.0,36020.0,5.0,1054.0,1055.0
0.9703079091866496,0.26407712165214586,0.9728083209509658,0.4153924243385572,0.5436354631005448,6730.0,33650.0,5.0,1055.0,1056.0
0.9633810200246578,0.261209848361324,0.9623066526505482,0.4108877560834856,0.5400961105271062,6659.0,33295.0,5.0,1056.0,1057.0
0.9787332297898504,0.26427509293680296,0.9812284334023464,0.4164006443110265,0.5415919024614677,7245.0,36225.0,5.0,1057.0,1058.0
0.9721702705788052,0.2657016430556032,0.9769201664774877,0.41777681894180463,0.5461806869298357,7929.0,39645.0,5.0,1058.0,1059.0
0.966789102299668,0.26592494187977417,0.9723132969034608,0.41762941713391577,0.5480469540578831,8235.0,41175.0,5.0,1059.0,1060.0
0.9763037585630954,0.26426310507218403,0.9829145728643216,0.4165373733686228,0.5410624551328069,6965.0,34825.0,5.0,1060.0,1061.0
0.9820056426908563,0.267649840914954,0.9843453510436433,0.4208640389426002,0.5484925152856842,6324.0,31620.0,5.0,1061.0,1062.0
0.9725998869312584,0.2618830738655184,0.9689031862745098,0.4123207301173403,0.5396752450980392,6528.0,32640.0,5.0,1062.0,1063.0
0.9709373890503538,0.26518234777751176,0.9709276844411979,0.4165857021970101,0.5467494521548576,6845.0,34225.0,5.0,1063.0,1064.0
0.9825730131748234,0.2671894285921731,0.9865951742627346,0.4204993429697766,0.5467828418230563,7460.0,37300.0,5.0,1064.0,1065.0
0.9826375255146449,0.26633790393713414,0.98385663507109,0.4191960623461854,0.5456161137440758,6752.0,33760.0,5.0,1065.0,1066.0
0.978733745688556,0.265958277990468,0.981262611703661,0.4184902876813376,0.5454982223503411,6938.0,34690.0,5.0,1066.0,1067.0
0.9590321873508877,0.26282843586778837,0.9648711943793911,0.41312317864193276,0.5431059718969555,6832.0,34160.0,5.0,1067.0,1068.0
0.9582537971229113,0.2622793961301297,0.9635464132274444,0.41232346304911,0.5422254046782103,7681.0,38405.0,5.0,1068.0,1069.0
0.964446483192725,0.26586917438805147,0.9752694990488269,0.4178325952891956,0.5470513633481293,7885.0,39425.0,5.0,1069.0,1070.0
0.9657238737087258,0.2657302729245175,0.9686415984459553,0.41705000298703626,0.5486795245363304,7207.0,36035.0,5.0,1070.0,1071.0
0.9750012418623428,0.26574968500629986,0.9744609856262834,0.4176108238917611,0.547014031485284,7792.0,38960.0,5.0,1071.0,1072.0
0.9600632888217475,0.26274720414481584,0.9676556137289122,0.4132773485055529,0.5420787279426023,8595.0,42975.0,5.0,1072.0,1073.0
0.9540874493849726,0.26192893401015227,0.9588619761630143,0.411460624725033,0.5428254090307146,7803.0,39015.0,5.0,1073.0,1074.0
0.9470636539166063,0.25867726410966896,0.9478957915831663,0.406438862314897,0.5385660209307503,7485.0,37425.0,5.0,1074.0,1075.0
0.9549253228662743,0.2607409031126699,0.9581151832460733,0.40992504523132595,0.540273862263391,7449.0,37245.0,5.0,1075.0,1076.0
0.9538420635212328,0.2632550082843802,0.9723226703755216,0.4143305873288686,0.5418636995827538,7190.0,35950.0,5.0,1076.0,1077.0
0.9719429496657296,0.2645759199155359,0.9738054116292458,0.41610036591740723,0.5444972174246786,6948.0,34740.0,5.0,1077.0,1078.0
0.9601167484205596,0.26456014636377495,0.9683314732142857,0.41557897257813436,0.5460844494047619,7168.0,35840.0,5.0,1078.0,1079.0
0.966678238649212,0.26352639153603796,0.9717441193344808,0.4146139958997583,0.5426706827309237,6972.0,34860.0,5.0,1079.0,1080.0
0.9707526585396187,0.2662010659805183,0.9768006474237928,0.41838296888991594,0.5473653448430896,7414.0,37070.0,5.0,1080.0,1081.0
0.9721925078183771,0.264319385924659,0.9753694581280788,0.415925427511734,0.543436986863711,6496.0,32480.0,5.0,1081.0,1082.0
0.9764409473325193,0.26568424064668433,0.9803352250230962,0.41806669480793585,0.5451365975979939,7577.0,37885.0,5.0,1082.0,1083.0
0.9773942306536683,0.26648250460405154,0.9792907417433676,0.4189588279576119,0.5472838837754918,7388.0,36940.0,5.0,1083.0,1084.0
0.9784523974683261,0.26535035863482304,0.9803436225975539,0.41765399168786055,0.5443603183847796,6868.0,34340.0,5.0,1084.0,1085.0
0.9735573227469113,0.26552748246029356,0.9781195497066751,0.41767095463777926,0.545425717456794,6307.0,31535.0,5.0,1085.0,1086.0
0.9738224006249732,0.26560735602516533,0.9762822413281945,0.41760192758861203,0.5461508054155549,6746.0,33730.0,5.0,1086.0,1087.0
0.9654231920242311,0.2640049520272362,0.9680805788055044,0.41487065689880537,0.5448763417978909,7049.0,35245.0,5.0,1087.0,1088.0
0.9612759735205674,0.26133854562565606,0.9706910459801021,0.4118066448025096,0.5378461952137671,7438.0,37190.0,5.0,1088.0,1089.0
0.9692219734629058,0.2646308403763355,0.9734565185511072,0.4161364135034323,0.544727965977416,6819.0,34095.0,5.0,1089.0,1090.0
0.966248869826218,0.263076801517067,0.9681593486478628,0.413730972351662,0.5426965203062906,6878.0,34390.0,5.0,1090.0,1091.0
0.9696850135952728,0.26743513890305687,0.9830021247344082,0.42047580860732425,0.548389784610257,8001.0,40005.0,5.0,1091.0,1092.0
0.9772570806391859,0.2662090813093981,0.9838688695199688,0.41903759315178546,0.5453146004076146,7687.0,38435.0,5.0,1092.0,1093.0
0.9659049872319422,0.26457325571861934,0.9700886817976853,0.415756755886237,0.5455934666065434,6653.0,33265.0,5.0,1093.0,1094.0
0.9683275360893421,0.2647586309968615,0.9750928856474473,0.4164438306250184,0.5445392413192055,7267.0,36335.0,5.0,1094.0,1095.0
0.9735635181798994,0.2644595910418695,0.9754345639994254,0.4161049148179924,0.5437437149834794,6961.0,34805.0,5.0,1095.0,1096.0
0.9691070543809268,0.2651311630847029,0.973313995649021,0.41674170211444717,0.545927000241721,6895.0,34475.0,5.0,1096.0,1097.0
0.9559396324327817,0.2602181422970927,0.9575774889301528,0.40922964229031866,0.5392086844736467,7001.0,35005.0,5.0,1097.0,1098.0
0.9720385133336717,0.2663611513105001,0.9775745057539097,0.4186516711947937,0.547506639126586,6778.0,33890.0,5.0,1098.0,1099.0
0.9728641636702118,0.2648829431438127,0.9750869061413673,0.4165970481759955,0.5448290845886443,6904.0,34520.0,5.0,1099.0,1100.0
0.9596010757290601,0.26241596183040555,0.9612329202414999,0.4122798051040921,0.5432422412879991,6294.0,31470.0,5.0,1100.0,1101.0
0.9731637532174989,0.26427748518762345,0.978817433709235,0.41618609473206764,0.542314335060449,6562.0,32810.0,5.0,1101.0,1102.0
0.9648700732647216,0.26447505405621846,0.9697548083981794,0.4156048450526978,0.5454656682817012,6811.0,34055.0,5.0,1102.0,1103.0
0.9708223444137823,0.2646514010956529,0.9727654642908881,0.41609864915107203,0.5449804432855281,6903.0,34515.0,5.0,1103.0,1104.0
0.9715178235555318,0.2655102692348622,0.9768989819890368,0.4175382813153711,0.5457452362307491,7662.0,38310.0,5.0,1104.0,1105.0
0.9847415687480946,0.27023306441285694,0.9887548319081645,0.42445880371106026,0.5531021826558901,8537.0,42685.0,5.0,1105.0,1106.0
0.9788392980811781,0.2668701504063546,0.9828006500541712,0.41975879920178155,0.5471514987360058,7384.0,36920.0,5.0,1106.0,1107.0
0.9670732977511799,0.26297246748727765,0.9707771355170199,0.41384030938772715,0.5416666666666666,6228.0,31140.0,5.0,1107.0,1108.0
0.9792185046187288,0.2659392383397518,0.9832305015029268,0.418645380755111,0.5448768654748721,6321.0,31605.0,5.0,1108.0,1109.0
0.9607666342713276,0.2631166797180893,0.9613733905579399,0.41315708576698434,0.54482594182165,6291.0,31455.0,5.0,1109.0,1110.0
0.9715119760757661,0.2647140532603088,0.9755740821997952,0.4164325404257976,0.5442933060309102,6837.0,34185.0,5.0,1110.0,1111.0
0.9548821836194711,0.2615854323410751,0.9573024740622506,0.4108932088721418,0.5424980047885076,7518.0,37590.0,5.0,1111.0,1112.0
0.9592988515483702,0.26216306900794095,0.9622331691297209,0.4120594181242858,0.5423508483853311,7308.0,36540.0,5.0,1112.0,1113.0
0.9758390078817559,0.26729119557804815,0.9781951924339944,0.4198567965270339,0.5494548798108498,7613.0,38065.0,5.0,1113.0,1114.0
0.9703488334886472,0.2625395555232241,0.9718594318028814,0.4134020618556701,0.5403258381580719,7427.0,37135.0,5.0,1114.0,1115.0
0.9556765510894164,0.26075403396618785,0.9551417689377909,0.40966844143272024,0.5412140875534867,7089.0,35445.0,5.0,1115.0,1116.0
0.9615803488841278,0.2623347607521877,0.9602017173231566,0.4120846981750117,0.5433646812957158,7337.0,36685.0,5.0,1116.0,1117.0
0.9730622084931304,0.26490878430170167,0.9764090973301314,0.4167495704078864,0.5444978104252013,7079.0,35395.0,5.0,1117.0,1118.0
0.9621300589774838,0.26222496401398315,0.963869992441421,0.4122858066602004,0.5420005039052658,6615.0,33075.0,5.0,1118.0,1119.0
0.9784751817854849,0.2658096454806771,0.980415255485201,0.4182292157417004,0.5454032297648849,6791.0,33955.0,5.0,1119.0,1120.0
0.9762882474407405,0.26595901518502135,0.97804283003524,0.41819762387713705,0.5464443842052951,7378.0,36890.0,5.0,1120.0,1121.0
0.9819675080294943,0.26663143058491895,0.983749349973999,0.4195497893102684,0.546325186340787,7692.0,38460.0,5.0,1121.0,1122.0
0.9789376093400581,0.26588225681251787,0.9815987933634992,0.4184267206738033,0.5452237305178481,6630.0,33150.0,5.0,1122.0,1123.0
0.9801155608637677,0.26819517930629044,0.98276604911676,0.4213929429152041,0.5501938819474365,6963.0,34815.0,5.0,1123.0,1124.0
0.9617339464456373,0.2637320640655943,0.9613728470111449,0.413915319392568,0.5462470449172577,7896.0,39480.0,5.0,1124.0,1125.0
0.9723580089748498,0.26536258426528464,0.9729961423060437,0.4169983467025902,0.5465542696575701,6999.0,34995.0,5.0,1125.0,1126.0
0.9452500807204338,0.2588427126013881,0.9436061575979271,0.40624692411168345,0.5402885738962556,6561.0,32805.0,5.0,1126.0,1127.0
0.973845999069588,0.2655416730153893,0.9778370037873475,0.41766274227854167,0.5455416842006826,7129.0,35645.0,5.0,1127.0,1128.0
0.9774587362887349,0.26737389911929543,0.9807635829662261,0.4201950298836112,0.5488986784140969,6810.0,34050.0,5.0,1128.0,1129.0
0.9717227430444447,0.26534116928713175,0.9759966311061201,0.417246759481517,0.5456204379562044,7124.0,35620.0,5.0,1129.0,1130.0
0.9691340729419194,0.26205655141378537,0.9728525685646666,0.4128925522171999,0.5388881154577939,7183.0,35915.0,5.0,1130.0,1131.0
0.9549963418918036,0.2603027754415475,0.9541760089686099,0.4090226467231333,0.5404521674140508,7136.0,35680.0,5.0,1131.0,1132.0
0.980146044406134,0.26704659469438535,0.9856317582580358,0.4202349374763168,0.5467338172122649,6751.0,33755.0,5.0,1132.0,1133.0
0.9732140800049185,0.2672812822768831,0.9782973956874825,0.4198539795090587,0.549402594978064,7142.0,35710.0,5.0,1133.0,1134.0
0.9668385024487026,0.26519144487520147,0.9714376894846019,0.41664385436627427,0.5466198606457103,6267.0,31335.0,5.0,1134.0,1135.0
0.9696426087275176,0.2625145067698259,0.9706765841796595,0.4132639079199781,0.5406236589901302,6991.0,34955.0,5.0,1135.0,1136.0
0.9674779176185376,0.2614647501711157,0.9689644882124739,0.41180760328482197,0.5386700487416691,6702.0,33510.0,5.0,1136.0,1137.0
0.966268740388289,0.26364764267990076,0.9682318693836224,0.4144432104450524,0.5440028688351686,7901.0,39505.0,5.0,1137.0,1138.0
0.9658333101988289,0.2639464932929791,0.9678038087409234,0.4147730608889672,0.54482349180253,7299.0,36495.0,5.0,1138.0,1139.0
0.9611762885969855,0.2615973741794311,0.9635948414830736,0.411484625975218,0.5406143650367186,7444.0,37220.0,5.0,1139.0,1140.0
0.9643178017444726,0.2621162238725978,0.965454032712916,0.4122960197507075,0.5412671554803534,7092.0,35460.0,5.0,1140.0,1141.0
0.984573161224928,0.26595425571803527,0.9865090403337969,0.41896042528056704,0.5439499304589708,7190.0,35950.0,5.0,1141.0,1142.0
0.921043443403081,0.25338372930165587,0.9197700248268653,0.3973132390709226,0.5349318350102357,7653.0,38265.0,5.0,1142.0,1143.0
0.9659250839010485,0.2636381135707411,0.9696969696969697,0.4145654871810394,0.5435429056924383,7062.0,35310.0,5.0,1143.0,1144.0
0.9681838061622593,0.26424891819493096,0.9732847601700061,0.41564839723851815,0.5438929366524995,6588.0,32940.0,5.0,1144.0,1145.0
0.9601739726039017,0.26431895022260904,0.9632792485055508,0.4148148148148148,0.547029401000366,8197.0,40985.0,5.0,1145.0,1146.0
0.9804514176355922,0.2656313714829414,0.983023138832998,0.4182450508293205,0.5442236753856472,7952.0,39760.0,5.0,1146.0,1147.0
0.9367197508144459,0.2556862745098039,0.9305423406279734,0.40114848236259226,0.5369489375198224,7357.0,36785.0,5.0,1147.0,1148.0
0.9742531580319826,0.2642817878134382,0.9770204783492262,0.41602875590760835,0.5428586316502527,6397.0,31985.0,5.0,1148.0,1149.0
0.9607800155238472,0.26206761774477233,0.9633620689655172,0.41204486096174525,0.5417863984674329,6960.0,34800.0,5.0,1149.0,1150.0
0.9802927464792601,0.2648283418553689,0.9811907983761841,0.417083692838654,0.5428958051420839,7390.0,36950.0,5.0,1150.0,1151.0
0.9665277878783521,0.2636405128417908,0.9699282552282095,0.41458958632389403,0.5434793670177581,6551.0,32755.0,5.0,1151.0,1152.0
0.9232034378099583,0.2528307740034124,0.9183098591549296,0.39649720262709803,0.5340845070422535,7100.0,35500.0,5.0,1152.0,1153.0
0.9753741090559452,0.26503112712975097,0.9777878513145966,0.4170264870786879,0.544373929686713,6618.0,33090.0,5.0,1153.0,1154.0
0.9507113701593884,0.25902706134433773,0.9506334643949322,0.4071221428794163,0.5385418183583321,6867.0,34335.0,5.0,1154.0,1155.0
0.9716818460287164,0.26512603379367655,0.9746872272330521,0.4168610981490123,0.5455096498884686,6874.0,34370.0,5.0,1155.0,1156.0
0.9405200800619835,0.2573058895455472,0.9439294258373205,0.40438138551708674,0.536558014354067,6688.0,33440.0,5.0,1156.0,1157.0
0.8935274940667268,0.24652559536280466,0.8924282644419164,0.3863306793619524,0.5274722959592129,7911.0,39555.0,5.0,1157.0,1158.0
0.9623001347643237,0.26150005506810087,0.9626976618461954,0.4112824066054622,0.5406586475649863,7399.0,36995.0,5.0,1158.0,1159.0
0.9723094672700583,0.2648718131828894,0.9751544629946103,0.41658944767360234,0.5447833136146532,7607.0,38035.0,5.0,1159.0,1160.0
0.9803158174218327,0.26551863584282537,0.983154479660594,0.4181171725748249,0.5439231345145995,8014.0,40070.0,5.0,1160.0,1161.0
0.9701524934427608,0.263464230457526,0.9720032617559119,0.41456063065151866,0.5424481290205672,7358.0,36790.0,5.0,1161.0,1162.0
0.922710791341326,0.25360768602434947,0.9163738580463809,0.3972702900316841,0.5365659405012884,7115.0,35575.0,5.0,1162.0,1163.0
0.9660450183002565,0.2658329647352125,0.9723488748345345,0.41751926234684855,0.5478256606363681,6799.0,33995.0,5.0,1163.0,1164.0
0.9759599362165094,0.2643014415686926,0.9780169100691776,0.4161433804290947,0.5426082500640533,6505.0,32525.0,5.0,1164.0,1165.0
0.9650254856358191,0.2615710639117661,0.9661981853762676,0.4116889023650697,0.5397616082547589,5621.0,28105.0,5.0,1165.0,1166.0
0.959925053471363,0.26122333319839697,0.961698956780924,0.41084901155572534,0.5403129657228017,6710.0,33550.0,5.0,1166.0,1167.0
0.9652808340125041,0.2631199423123147,0.9703058058797459,0.41398001953925184,0.542152952183976,6769.0,33845.0,5.0,1167.0,1168.0
0.9794002292497613,0.26599225139905297,0.9817286304416905,0.41857471887278147,0.5454401016841436,6294.0,31470.0,5.0,1168.0,1169.0
0.964304000886315,0.26160586401550256,0.9656352044783082,0.41168086446352214,0.540014513035816,6431.0,32155.0,5.0,1169.0,1170.0
0.9349101929614722,0.25612590983575323,0.9389494272143056,0.4024671397347226,0.5353217844835615,7158.0,35790.0,5.0,1170.0,1171.0
0.9730389157933633,0.26529427698022673,0.9749715585893061,0.4170950570342205,0.5458143723928707,7032.0,35160.0,5.0,1171.0,1172.0
0.9495552585511244,0.2595737246680643,0.9475765306122449,0.4075150850246846,0.5407738095238095,7840.0,39200.0,5.0,1172.0,1173.0
0.984820922717358,0.2668895281038638,0.9889096932161889,0.42033732284428665,0.5454174468289404,6943.0,34715.0,5.0,1173.0,1174.0
0.982740001026541,0.2680686487793087,0.9870311506675143,0.4216271996524006,0.548675566857385,7865.0,39325.0,5.0,1174.0,1175.0
0.9840537971303613,0.26819119163352484,0.9861882193635748,0.4217017457514258,0.5491988264500113,7385.0,36925.0,5.0,1175.0,1176.0
0.9796863252842165,0.26768881761645874,0.981922525107604,0.42069029105326244,0.5492826398852224,6970.0,34850.0,5.0,1176.0,1177.0
0.9805018480494915,0.26759451599501455,0.982308982766509,0.4206092663336272,0.5489553149306086,6557.0,32785.0,5.0,1177.0,1178.0
0.9777977239572662,0.26455229611426817,0.9791104163706125,0.4165533085456909,0.5428686466770878,7037.0,35185.0,5.0,1178.0,1179.0
0.9850248459301376,0.26810659789383195,0.9881188118811881,0.4217733074127293,0.5484488448844884,7575.0,37875.0,5.0,1179.0,1180.0
0.9834876643875852,0.2680572248284418,0.9871501998857796,0.42162392901789797,0.5486150770988006,7004.0,35020.0,5.0,1180.0,1181.0
0.9796736972838404,0.2660536853032775,0.9823408624229979,0.41870642121539225,0.5454026922199406,7305.0,36525.0,5.0,1181.0,1182.0
0.9801886491363571,0.2669582565991406,0.9833239118145846,0.419915509957755,0.5472018089315998,7076.0,35380.0,5.0,1182.0,1183.0
0.8966798167410384,0.25047460385107123,0.8936964335084324,0.39128461189287334,0.5365634503732375,7234.0,36170.0,5.0,1183.0,1184.0
0.9684432421737114,0.2641211213709342,0.9716908951798011,0.41534486705693824,0.54407039020658,6535.0,32675.0,5.0,1184.0,1185.0
0.979935449132581,0.2659434040095702,0.9811292040785269,0.41845974101840133,0.5455029675848425,6571.0,32855.0,5.0,1185.0,1186.0
0.970156778288993,0.264674986343964,0.9723680148193887,0.41609142253195497,0.545152824945971,6478.0,32390.0,5.0,1186.0,1187.0
0.9879527138449096,0.26661614247821147,0.9918240766845221,0.42026042288854376,0.5439338408044356,7094.0,35470.0,5.0,1187.0,1188.0
0.9320317474189559,0.25371155885471897,0.9306751875520978,0.39872626629367297,0.5321848661665277,7198.0,35990.0,5.0,1188.0,1189.0
0.9711988726340289,0.26486928104575164,0.9757712565838976,0.4166425702811245,0.5445949335339855,6645.0,33225.0,5.0,1189.0,1190.0
0.9761233188653213,0.2626338063231267,0.9797028389493234,0.414224415963205,0.5381843106040506,7538.0,37690.0,5.0,1190.0,1191.0
0.956079615283199,0.26145605254926496,0.958572247706422,0.4108503317768494,0.5418100152905199,6976.0,34880.0,5.0,1191.0,1192.0
0.9722132142625596,0.2640908185620394,0.9751434034416826,0.4156218655967904,0.5429720056871109,6799.0,33995.0,5.0,1192.0,1193.0
0.9372636939539947,0.2549079650233065,0.9276869737493809,0.3999252675687939,0.5360120521710418,8076.0,40380.0,5.0,1193.0,1194.0
0.9665380381203653,0.2651248843663275,0.9720526387193054,0.41661821141993255,0.5462849907294351,7371.0,36855.0,5.0,1194.0,1195.0
0.9780263951426286,0.26663807555850133,0.9806423860051621,0.4192747448119425,0.5472469171207341,6974.0,34870.0,5.0,1195.0,1196.0
0.9740596005839327,0.2652413955127452,0.9759400662728713,0.41711822660098524,0.5454065216347308,6941.0,34705.0,5.0,1196.0,1197.0
0.985581382063092,0.2699908687711975,0.9884192932187201,0.42412909836065577,0.5526504297994269,8376.0,41880.0,5.0,1197.0,1198.0
0.944076264063576,0.25920650215761026,0.9375662979239279,0.40613102271235396,0.5430115674092034,6599.0,32995.0,5.0,1198.0,1199.0
0.9810838690496799,0.2664261139548544,0.9877119303157568,0.41965436341407,0.5446933167418468,6429.0,32145.0,5.0,1199.0,1200.0
0.9825516454710165,0.2649077141504969,0.9857646022894042,0.4175940317065589,0.541727815282262,6814.0,34070.0,5.0,1200.0,1201.0
0.980576637027162,0.2656605333884639,0.9817903985737935,0.4181694915254237,0.5446538477864086,7853.0,39265.0,5.0,1201.0,1202.0
0.976250044071842,0.2651292596944771,0.9837852568469819,0.41769112840241823,0.542830540037244,7339.0,36695.0,5.0,1202.0,1203.0
0.9501659613485725,0.2603413929143393,0.9530959530959531,0.40897097625329815,0.5408742075408742,6993.0,34965.0,5.0,1203.0,1204.0
0.9781816831439804,0.2677862169883632,0.9827387802071347,0.42088546943022204,0.5492690619272897,7821.0,39105.0,5.0,1204.0,1205.0
0.978512390172627,0.2660055599352724,0.9810252486610559,0.41852722287504895,0.5456771231828615,6535.0,32675.0,5.0,1205.0,1206.0
0.9829221598091986,0.26611738060837986,0.984115523465704,0.41894633306694534,0.5450300842358604,6925.0,34625.0,5.0,1206.0,1207.0
0.9757139644528616,0.2653684297384273,0.9749886311959982,0.41718826009404897,0.5459804961851347,6597.0,32985.0,5.0,1207.0,1208.0
0.9718698143815716,0.2647899399828522,0.9735977932483909,0.4163460188175818,0.545054512018915,7613.0,38065.0,5.0,1208.0,1209.0
0.9726391463897371,0.2650616113744076,0.9742196209587514,0.41673869631307564,0.5454988851727982,7176.0,35880.0,5.0,1209.0,1210.0
0.9425204135153322,0.25570583262890956,0.9349645846748229,0.4015819896562215,0.5355870358446019,7765.0,38825.0,5.0,1210.0,1211.0
0.9497695826634359,0.25921667816356253,0.9498665917708187,0.4072858648201114,0.5392267003697983,7121.0,35605.0,5.0,1211.0,1212.0
0.9748587281355,0.26486107523707614,0.9750067916327085,0.4165626904216116,0.5448021371004256,7362.0,36810.0,5.0,1212.0,1213.0
0.9737533623877453,0.2662879529872674,0.9764401666427237,0.41845718155513145,0.5476703538763588,6961.0,34805.0,5.0,1213.0,1214.0
0.984110200707814,0.2668428511241334,0.9868271954674221,0.4200910488709337,0.5459159584513692,7060.0,35300.0,5.0,1214.0,1215.0
0.97920256259832,0.26656115013024695,0.98333536066172,0.41942513230258377,0.5462839070672667,8221.0,41105.0,5.0,1215.0,1216.0
0.9808957404623986,0.2674363002937359,0.9844103595675132,0.4206059303824667,0.5479842427290252,7954.0,39770.0,5.0,1216.0,1217.0
0.9842122490937458,0.2670413223140496,0.984641638225256,0.42013834711603476,0.5470095888184625,8204.0,41020.0,5.0,1217.0,1218.0
0.9741250194970476,0.26605993678839346,0.9736622073578596,0.4179202679666238,0.5479607952434039,7176.0,35880.0,5.0,1218.0,1219.0
0.9517886925820657,0.26049147870647155,0.9546165884194053,0.40929608393314626,0.5407597097737943,7029.0,35145.0,5.0,1219.0,1220.0
0.9687088896244561,0.26526837220968147,0.9730879815986199,0.416890443694415,0.5463101399271612,8695.0,43475.0,5.0,1220.0,1221.0
0.9571398021650472,0.2626980681571522,0.9585189585189585,0.41237728134250484,0.5447150447150447,10101.0,50505.0,5.0,1221.0,1222.0
0.9635342371815174,0.26500138580931265,0.9661487937350006,0.41592126369592997,0.5477453580901857,7917.0,39585.0,5.0,1222.0,1223.0
0.9859269383550111,0.27140749941774706,0.9891073702079503,0.42593889921111144,0.5556420049983496,7069.0,35345.0,5.0,1223.0,1224.0
0.9589950455075662,0.2619358833241607,0.9616113145599192,0.41172177016030925,0.5420086711285095,7919.0,39595.0,5.0,1224.0,1225.0
0.9778420689586607,0.26769532982700717,0.9819851231985123,0.42070407807598464,0.5492794049279405,8604.0,43020.0,5.0,1225.0,1226.0
0.9731467274367591,0.2660447161010133,0.9767331994803354,0.4181836569579288,0.5470257076493051,8467.0,42335.0,5.0,1226.0,1227.0
0.9583138701604321,0.2626782459526107,0.9585289514866979,0.41235378271480266,0.5446661450182577,7668.0,38340.0,5.0,1227.0,1228.0
0.9778087566859025,0.2684176809737348,0.9812646370023419,0.4215291750503018,0.5511319281811085,8113.0,40565.0,5.0,1228.0,1229.0
0.978434255250592,0.2673335160317895,0.9826240241752707,0.4203156137232725,0.5482665995131369,7942.0,39710.0,5.0,1229.0,1230.0
0.9761478508533902,0.26689984529494853,0.9815708101422387,0.4196832280070864,0.5475778190063905,8085.0,40425.0,5.0,1230.0,1231.0
0.9710665135502788,0.26346051328916303,0.972589260612876,0.41460930009587726,0.5422640802174117,7114.0,35570.0,5.0,1231.0,1232.0
0.9314431366635781,0.2546998596034654,0.9248943048992788,0.3994093166868036,0.5364129984249357,8042.0,40210.0,5.0,1232.0,1233.0
0.976990256262992,0.2683863885839737,0.9850693210095983,0.42184050947656865,0.549966425721847,8439.0,42195.0,5.0,1233.0,1234.0
0.972463401868462,0.26288463973660886,0.9778615167216204,0.41437125748502995,0.5393311351860575,6369.0,31845.0,5.0,1234.0,1235.0
0.9676052878755135,0.2623493866258964,0.9689432643183652,0.41290211693259615,0.5407591646499955,7438.0,37190.0,5.0,1235.0,1236.0
0.9752489709889285,0.26513935936292865,0.9778630136986302,0.41716730171345756,0.5446027397260274,9125.0,45625.0,5.0,1236.0,1237.0
0.9696637221482173,0.26442064001622007,0.9678416821273964,0.41536174956207866,0.5459080601937745,8085.0,40425.0,5.0,1237.0,1238.0
0.9759513728857542,0.267230780357272,0.980236105584295,0.419969880373938,0.5487244108414024,7539.0,37695.0,5.0,1238.0,1239.0
0.9709707226548019,0.26648395297108357,0.9730239303843364,0.41838421003398707,0.5491177181532512,6895.0,34475.0,5.0,1239.0,1240.0
0.9632357480657955,0.26526458616010856,0.9644115574348132,0.4160839160839161,0.5488607000234907,8514.0,42570.0,5.0,1240.0,1241.0
0.9610825429030156,0.26235633206419245,0.962406996475656,0.41231405883010847,0.5427489883827177,7661.0,38305.0,5.0,1241.0,1242.0
0.98023182896175,0.2682281423207581,0.9820633673736581,0.421368985759627,0.550471327572663,7638.0,38190.0,5.0,1242.0,1243.0
0.9819317169999519,0.26846124474990457,0.9855620970002803,0.42197815388308724,0.5499953275394823,7134.0,35670.0,5.0,1243.0,1244.0
0.9805920493148612,0.2652858143220433,0.9840054682159945,0.4179052484904784,0.5431305536568695,7315.0,36575.0,5.0,1244.0,1245.0
0.9824310471054634,0.26690312569275104,0.9845986097860161,0.4199633752870389,0.5467039207668892,7337.0,36685.0,5.0,1245.0,1246.0
0.9750214568093435,0.2659492131352965,0.9788388497015735,0.41825822344587743,0.5461882799782962,7372.0,36860.0,5.0,1246.0,1247.0
0.9751677890011224,0.2661939836167137,0.9765151515151516,0.4183480283442419,0.5474326599326599,7920.0,39600.0,5.0,1247.0,1248.0
0.9747439104046937,0.2650968341313514,0.977856860419138,0.4171141033930228,0.5445059531655024,7587.0,37935.0,5.0,1248.0,1249.0
0.9746792988311268,0.266121923103004,0.9774595267745952,0.4183455921543546,0.5469904524699045,8030.0,40150.0,5.0,1249.0,1250.0
0.9815419600340136,0.2668196212757707,0.9829761904761904,0.4197122960402582,0.546984126984127,8400.0,42000.0,5.0,1250.0,1251.0
0.9715497119310585,0.2649610678531702,0.9742331288343559,0.4166156536947967,0.5452624403544649,7335.0,36675.0,5.0,1251.0,1252.0
0.9823589893799805,0.26726284808693684,0.9840233398166157,0.42035608308605343,0.5476984347503936,7198.0,35990.0,5.0,1252.0,1253.0
0.973460612618591,0.2667525324607512,0.9776728757336055,0.41914399015451936,0.5483754359105214,7838.0,39190.0,5.0,1253.0,1254.0
0.9633215628390809,0.2637065926648166,0.966332279785626,0.41434169048110064,0.5447070679309239,7277.0,36385.0,5.0,1254.0,1255.0
0.9515796151332653,0.2611682484215542,0.9638042203985931,0.41097259974380607,0.5395418132082845,6824.0,34120.0,5.0,1255.0,1256.0
0.9654371580319272,0.26246284660822455,0.9666066232506582,0.41282992070067465,0.5417301741259064,7217.0,36085.0,5.0,1256.0,1257.0
0.9831934111458914,0.26620518415409505,0.9871651785714286,0.41933094313905594,0.5443405877976191,7168.0,35840.0,5.0,1257.0,1258.0
0.9785372159058057,0.26609425233278444,0.9788001153735217,0.41843403205918617,0.5465339871166234,6934.0,34670.0,5.0,1258.0,1259.0
0.9768133831764831,0.2661470354534791,0.9787115625434812,0.41849119466920515,0.5466815082788368,7187.0,35935.0,5.0,1259.0,1260.0
0.9735070180871862,0.26513418725221105,0.9777871502882047,0.4171539961013645,0.5446131496321289,7113.0,35565.0,5.0,1260.0,1261.0
0.9660148954155243,0.2626791930231688,0.9713494809688581,0.4135289611690531,0.5408073817762399,7225.0,36125.0,5.0,1261.0,1262.0
0.967446396327713,0.26284486397298645,0.9702549575070821,0.4136348540201081,0.5415250236071766,7060.0,35300.0,5.0,1262.0,1263.0
0.9831524343213476,0.26767073687454257,0.9862333238717003,0.42106219892750024,0.5479941337874917,7046.0,35230.0,5.0,1263.0,1264.0
0.9722530048196028,0.26508526453869696,0.9765100671140939,0.416977130738809,0.5448769574944071,7450.0,37250.0,5.0,1264.0,1265.0
0.9810894388698318,0.2675438596491228,0.9856913778216356,0.42085582620144835,0.547859874182805,8107.0,40535.0,5.0,1265.0,1266.0
0.9694815063773149,0.26332937383336164,0.9756066892996353,0.41472018814474315,0.5410536904312838,7953.0,39765.0,5.0,1266.0,1267.0
0.9721932803278646,0.26464979831316465,0.9768543584190579,0.41646950199088234,0.5437646634181555,7388.0,36940.0,5.0,1267.0,1268.0
0.9781937390484916,0.26992857729250475,0.9848734461584544,0.4237249911401785,0.5535170485747092,6677.0,33385.0,5.0,1268.0,1269.0
0.9771227994841848,0.2654185431942532,0.9772509250376867,0.4174569722514928,0.5454296286144991,7297.0,36485.0,5.0,1269.0,1270.0
0.9745922924764345,0.26590714471871624,0.9770177838577291,0.4180397436272645,0.5466256269949841,7310.0,36550.0,5.0,1270.0,1271.0
0.975777698508409,0.26710207379477513,0.9801111797405806,0.4197994655943279,0.5484661313568047,8095.0,40475.0,5.0,1271.0,1272.0
0.9655366731392432,0.26566748458120565,0.9642556264291732,0.41656484779161357,0.5498254904320616,8309.0,41545.0,5.0,1272.0,1273.0
0.9727226192415577,0.26541515174000146,0.9749250476969201,0.4172401726350169,0.5461070228036704,7338.0,36690.0,5.0,1273.0,1274.0
0.9527676420015067,0.262431029416566,0.96378896882494,0.4125330390823475,0.5425059952038369,8340.0,41700.0,5.0,1274.0,1275.0
0.9564445576866835,0.26279851770518803,0.9626696832579186,0.4128840970350404,0.5436986760516173,7956.0,39780.0,5.0,1275.0,1276.0
0.976062312035959,0.26693847785733227,0.9799221221708445,0.4195800552284687,0.5481463454206214,8218.0,41090.0,5.0,1276.0,1277.0
0.9743402388412814,0.2649062743635809,0.9773636818409205,0.4168333466677334,0.5442096048024012,7996.0,39980.0,5.0,1277.0,1278.0
0.9800650148197023,0.2671004044311588,0.9831715210355987,0.42007743362831856,0.5475728155339806,7725.0,38625.0,5.0,1278.0,1279.0
0.9787101717276204,0.2673938002296211,0.9861679604798871,0.4207135330423002,0.5473770877440602,7085.0,35425.0,5.0,1279.0,1280.0
0.9778472114505377,0.26571906950233337,0.9811891607471718,0.4181874246629103,0.5449662369551872,7602.0,38010.0,5.0,1280.0,1281.0
0.9767049528570796,0.2660215511130016,0.9787428273343767,0.41833890746934227,0.5463832376977917,7668.0,38340.0,5.0,1281.0,1282.0
0.9718122615304784,0.26274188136161963,0.973342541436464,0.4137870291535774,0.5403545119705341,7240.0,36200.0,5.0,1282.0,1283.0
0.9665926390063555,0.26389162367581614,0.9704561911658218,0.4149482940120131,0.5439053825730147,6905.0,34525.0,5.0,1283.0,1284.0
0.965429492977754,0.26413756426165574,0.9708105290591608,0.41528470693163133,0.5443706020328382,7674.0,38370.0,5.0,1284.0,1285.0
0.9655562646300337,0.26394636015325673,0.9702816901408451,0.415,0.5440845070422535,7100.0,35500.0,5.0,1285.0,1286.0
0.9655383786909424,0.2622437803160695,0.9694866232827187,0.4128205917669879,0.5403470715835141,6915.0,34575.0,5.0,1286.0,1287.0
0.9722846309297573,0.26550105901407867,0.9800705196995247,0.4178158290307823,0.5447902294445296,6523.0,32615.0,5.0,1287.0,1288.0
0.9732069888664907,0.26643878413643546,0.9764278017241379,0.418642256937426,0.5480199353448276,7424.0,37120.0,5.0,1288.0,1289.0
0.9810103850349599,0.26887632618291646,0.9858035207268597,0.4225129297231518,0.5508707173954193,7044.0,35220.0,5.0,1289.0,1290.0
0.9798631780120991,0.2654030410331181,0.9818153798736323,0.41785269233291794,0.5440489032722042,6489.0,32445.0,5.0,1290.0,1291.0
0.983012127534662,0.2656713294031465,0.9856347871101333,0.4185305270099467,0.5435485958327941,7727.0,38635.0,5.0,1291.0,1292.0
0.9851249881201118,0.2678548027781418,0.98863361547763,0.42150848069289065,0.5477226924627167,8270.0,41350.0,5.0,1292.0,1293.0
0.9613009167114502,0.2627835880933226,0.9637672607104921,0.41296652169515524,0.5433337267398403,8473.0,42365.0,5.0,1293.0,1294.0
0.9720718913119538,0.26910124509531314,0.9778825642752891,0.42205746959344864,0.553646944350885,8907.0,44535.0,5.0,1294.0,1295.0
0.9784025056388755,0.26748162701011424,0.9834135901551632,0.42057090555460214,0.5483770287141073,7476.0,37380.0,5.0,1295.0,1296.0
0.9827295197842725,0.2689559560627066,0.986312084473993,0.4226579520697168,0.5509060096467214,7671.0,38355.0,5.0,1296.0,1297.0
0.9799179003861113,0.26645950670033014,0.9829488465396189,0.41926414863708594,0.5461622964130487,6979.0,34895.0,5.0,1297.0,1298.0
0.9869257832902845,0.26693133131559293,0.989797405626002,0.4204693207850907,0.545255793616091,6861.0,34305.0,5.0,1298.0,1299.0
0.9756511957012011,0.26685678568638177,0.9787935234274251,0.41937563311538817,0.5482877203037685,6979.0,34895.0,5.0,1299.0,1300.0
0.9816431634387158,0.2667297330646156,0.9834698210494389,0.41964603487883007,0.5466333030027297,6594.0,32970.0,5.0,1300.0,1301.0
0.9763922510742281,0.26614392882723265,0.9815098011956068,0.41874258600237246,0.5458547662078873,7193.0,35965.0,5.0,1301.0,1302.0
0.9350720070257598,0.2564473948903641,0.9333723824864548,0.40234818836005554,0.537853272807146,6829.0,34145.0,5.0,1302.0,1303.0
0.9814924433508799,0.26657017739182065,0.9851872171169935,0.4196045214241902,0.5457641841539798,7291.0,36455.0,5.0,1303.0,1304.0
0.9773916405151174,0.26719627979073823,0.9823336657643539,0.4201194248111138,0.5480362824713871,7019.0,35095.0,5.0,1304.0,1305.0
0.9657430076941088,0.2643729824704777,0.9705970597059705,0.4155560551077427,0.5449794979497949,6666.0,33330.0,5.0,1305.0,1306.0
0.9625665724729862,0.26264055988047497,0.9651784424216153,0.41291917787049914,0.542575735683668,6921.0,34605.0,5.0,1306.0,1307.0
0.9806098831213151,0.26669775032055015,0.9830993984531653,0.4195727253277912,0.5466676215029123,6982.0,34910.0,5.0,1307.0,1308.0
0.9679810688158063,0.2628709154846102,0.9749413833528722,0.4140914324837395,0.5401768268855022,6824.0,34120.0,5.0,1308.0,1309.0
0.9701240283162507,0.26505577460991475,0.9747180567604412,0.41677706533834985,0.5453381253356467,8069.0,40345.0,5.0,1309.0,1310.0
0.9758733001895615,0.26610655102989006,0.9772501066401251,0.41830741608593774,0.5470164462770748,7033.0,35165.0,5.0,1310.0,1311.0
0.9741655005138391,0.2651004426285325,0.9750782717595492,0.41686521215366085,0.5453350031308704,7985.0,39925.0,5.0,1311.0,1312.0
0.9804880381653152,0.2652592121083528,0.9820633673736581,0.4176968482013587,0.5436414419132408,7638.0,38190.0,5.0,1312.0,1313.0
0.97989485782523,0.26571100917431195,0.9847003824904378,0.4184954393569945,0.5439155687774472,7059.0,35295.0,5.0,1313.0,1314.0
0.9825484000343018,0.26743528879846273,0.9832386757168583,0.4204976303317536,0.5483215588493328,7219.0,36095.0,5.0,1314.0,1315.0
0.9855219244588965,0.26991072373760544,0.9895213454075032,0.42413152568687795,0.5521561017680034,7730.0,38650.0,5.0,1315.0,1316.0
0.9785230886392203,0.2632340179346254,0.9803393482359278,0.4150276495068696,0.5394110781937337,7426.0,37130.0,5.0,1316.0,1317.0
0.9594065979379558,0.2613148331681533,0.9626774847870182,0.4110514463883596,0.5402298850574713,7395.0,36975.0,5.0,1317.0,1318.0
0.97212031076283,0.2654636115398314,0.9740090024684187,0.41721607165070285,0.5464885533130052,6887.0,34435.0,5.0,1318.0,1319.0
0.980345996528534,0.2652459143666783,0.9834484743811168,0.41780549695802377,0.5432018806371138,6948.0,34740.0,5.0,1319.0,1320.0
0.9715846019414247,0.2634104137171622,0.9759580358443829,0.4148524356631879,0.5411384719996114,6863.0,34315.0,5.0,1320.0,1321.0
0.9727505714791466,0.2643420473197486,0.9746125461254612,0.4158846129621465,0.5437146371463715,6775.0,33875.0,5.0,1321.0,1322.0
0.9691170451471492,0.2650710254913407,0.9710578842315369,0.4164603014460852,0.5464547096283623,7014.0,35070.0,5.0,1322.0,1323.0
0.9692513526212196,0.264436977416582,0.9704617149412103,0.41562269712601324,0.5451677659879552,6974.0,34870.0,5.0,1323.0,1324.0
0.9756255937607929,0.2666245957245405,0.9801362911410758,0.4192118073858175,0.5473635880334445,6897.0,34485.0,5.0,1324.0,1325.0
0.9735671928198933,0.2654308736553805,0.976774758983348,0.41742875870033397,0.5455984029603661,6846.0,34230.0,5.0,1325.0,1326.0
0.9664767309118988,0.2638413060948272,0.9708949416342413,0.4149261673539976,0.5436575875486381,6425.0,32125.0,5.0,1326.0,1327.0
0.9386745705997422,0.2592081203119752,0.9495557074504443,0.4072467166979362,0.5393028024606972,7315.0,36575.0,5.0,1327.0,1328.0
0.9680273647539009,0.2644422310756972,0.971706081081081,0.4157431944109853,0.5448104354354354,7104.0,35520.0,5.0,1328.0,1329.0
0.9837960060397708,0.2677206458108058,0.9880280721067841,0.4212873320424808,0.5475895601119215,7267.0,36335.0,5.0,1329.0,1330.0
0.9756195996287659,0.2649399341954243,0.9776930679090781,0.4169049697480509,0.5441903148383453,7083.0,35415.0,5.0,1330.0,1331.0
0.9815719994899397,0.2675204702918329,0.9856126237623762,0.4208197100300538,0.547829001650165,6464.0,32320.0,5.0,1331.0,1332.0
0.9743690112143008,0.26536669672377516,0.9787971175166297,0.41753369590919837,0.5448540280857354,7216.0,36080.0,5.0,1332.0,1333.0
0.9754882094561339,0.26652357338464955,0.9786655795624406,0.4189523283208749,0.5475608098926484,7359.0,36795.0,5.0,1333.0,1334.0
0.979175801475566,0.2661836961589499,0.9826558983185489,0.41889603792753133,0.5456110154905336,7553.0,37765.0,5.0,1334.0,1335.0
0.9430117220228784,0.2574551590067124,0.9437945408094662,0.40455331412103746,0.5369548653130742,7437.0,37185.0,5.0,1335.0,1336.0
0.9586709526724475,0.2617874736101337,0.9624105919951301,0.4116115594897162,0.5414193679297925,6571.0,32855.0,5.0,1336.0,1337.0
0.97729461438999,0.2659605874972323,0.982683392418871,0.41862221189591076,0.5450868102899736,7334.0,36670.0,5.0,1337.0,1338.0
0.9695812775707343,0.2633175629311279,0.9726520811099253,0.41443797072616173,0.5419112415510494,7496.0,37480.0,5.0,1338.0,1339.0
0.9470608543576452,0.26020368498794993,0.9501774308019872,0.40853193372188823,0.5414478353442158,7045.0,35225.0,5.0,1339.0,1340.0
0.9698288652926665,0.26400805789748566,0.9707818930041152,0.41512200844673863,0.5440786465477824,7290.0,36450.0,5.0,1340.0,1341.0
0.9691689087680124,0.2651124561010237,0.9711235801286437,0.4165174771813459,0.5465307239633228,7307.0,36535.0,5.0,1341.0,1342.0
0.9783510760573633,0.26539765889946393,0.9796742495625252,0.41765178468954434,0.5446672948355543,7429.0,37145.0,5.0,1342.0,1343.0
0.979534750541899,0.2661331251219988,0.98270145596079,0.4188375522241337,0.5454807553697564,6937.0,34685.0,5.0,1343.0,1344.0
0.9772562516698229,0.26683927005470415,0.9793103448275862,0.41940141769493305,0.5480970625798212,6525.0,32625.0,5.0,1344.0,1345.0
0.9595922769932401,0.2597407534116395,0.9584794501332585,0.408721138892212,0.5378033384766447,7129.0,35645.0,5.0,1345.0,1346.0
0.9736856038299482,0.2661638669866301,0.9751318764129616,0.4181837767962943,0.5477685673616345,7962.0,39810.0,5.0,1346.0,1347.0
0.9789441030933126,0.26679553434060516,0.9824230098779779,0.4196320541060404,0.5470898702304862,6884.0,34420.0,5.0,1347.0,1348.0
0.9659559147923876,0.2633013912834289,0.965735294117647,0.41378658517375005,0.5439460784313725,6800.0,34000.0,5.0,1348.0,1349.0
0.9728380346932193,0.26479302463387794,0.9738480697384807,0.41637271214642263,0.5449875466998755,6424.0,32120.0,5.0,1349.0,1350.0
0.9698260346559189,0.26498642884839085,0.9719812259991466,0.41644069345845647,0.5459868202721282,7031.0,35155.0,5.0,1350.0,1351.0
0.9833950238245259,0.2667151414424708,0.9846606161319187,0.4197362685265911,0.5462525033022285,7823.0,39115.0,5.0,1351.0,1352.0
0.9810229956946013,0.2660338930945702,0.9824038597984958,0.41868763229513156,0.545338441890166,7047.0,35235.0,5.0,1352.0,1353.0
0.9800716980721413,0.2670900412587978,0.9830281375614114,0.4200515283564999,0.5475906902883232,6717.0,33585.0,5.0,1353.0,1354.0
0.9801161669444421,0.2662659945715394,0.983810888252149,0.4191028379615502,0.5454632282712512,6980.0,34900.0,5.0,1354.0,1355.0
0.9652498617305751,0.2632387389117161,0.9691785663791884,0.41402427976082623,0.5427682737169518,7073.0,35365.0,5.0,1355.0,1356.0
0.9783532938665993,0.26685743634896175,0.9813815434430653,0.4196134987020479,0.5475355279726569,7412.0,37060.0,5.0,1356.0,1357.0
0.9464100362475234,0.2597970608817355,0.9493670886075949,0.4079558253894124,0.5407450027703192,7821.0,39105.0,5.0,1357.0,1358.0
0.9506424498389127,0.26110195863078894,0.9624831309041836,0.41077033837293014,0.5397885739991003,7410.0,37050.0,5.0,1358.0,1359.0
0.9671354180182387,0.26452926923482106,0.9743888242142026,0.4160958904109589,0.5442159272194197,7731.0,38655.0,5.0,1359.0,1360.0
0.9719680052742553,0.26566630067911023,0.9749291150574542,0.417550811709063,0.5466845744416257,6701.0,33505.0,5.0,1360.0,1361.0
0.9513287089713793,0.25734790146353265,0.9471731710936341,0.4047302010018388,0.5356383241826186,6739.0,33695.0,5.0,1361.0,1362.0
0.9696748793283715,0.2666275889019148,0.9730462065031374,0.41856327832648305,0.5494390568549153,7012.0,35060.0,5.0,1362.0,1363.0
0.9690136422919107,0.26630641864976273,0.9730413871661815,0.41816698395431057,0.5487069147365312,7901.0,39505.0,5.0,1363.0,1364.0
0.9714624398452193,0.2669321138531893,0.974104445403539,0.4190364204598199,0.5498249652328202,6951.0,34755.0,5.0,1364.0,1365.0
0.9587868897216908,0.26389390763893905,0.9662609155861339,0.4145663033605813,0.5451618593984299,7558.0,37790.0,5.0,1365.0,1366.0
0.965166060334379,0.2664899143706782,0.9702582833289851,0.41813531213986566,0.5499391251413166,7666.0,38330.0,5.0,1366.0,1367.0
0.9715937302838963,0.26375703776764065,0.9722769277382215,0.4149479537078942,0.5430490329748018,6601.0,33005.0,5.0,1367.0,1368.0
0.9694656964768077,0.2649960010663823,0.9753294084664984,0.4167590069180318,0.5450191570881227,7134.0,35670.0,5.0,1368.0,1369.0
0.9813460760164474,0.266713149044377,0.9859005457853245,0.41984634256569175,0.5458863957954315,6596.0,32980.0,5.0,1369.0,1370.0
0.9721314896729364,0.2652313503305005,0.9770418811743425,0.4172063454340206,0.5450582069477297,7187.0,35935.0,5.0,1370.0,1371.0
0.9580600723681969,0.26130731102850063,0.9620758483033932,0.410987270844753,0.5403953996768368,7014.0,35070.0,5.0,1371.0,1372.0
0.9705187639745645,0.262699505792757,0.972993248312078,0.413702912187809,0.5403600900225056,6665.0,33325.0,5.0,1372.0,1373.0
0.9786898816764958,0.2664755534320752,0.9830787309048179,0.4192958275905275,0.5461613787700744,8510.0,42550.0,5.0,1373.0,1374.0
0.980323383631368,0.2668899242865463,0.9841610738255033,0.419907221808602,0.5468008948545862,7450.0,37250.0,5.0,1374.0,1375.0
0.9716021585181307,0.2656300354495649,0.9760213143872114,0.4176060797973401,0.5462798500098678,6756.0,33780.0,5.0,1375.0,1376.0
0.9837844651736314,0.26615985206492704,0.9870466321243523,0.4192640062141956,0.5442700396220664,6562.0,32810.0,5.0,1376.0,1377.0
0.9669127822998578,0.2643832276938079,0.9675836431226765,0.415291827552095,0.5458983890954151,6725.0,33625.0,5.0,1377.0,1378.0
0.9650100911501273,0.2617994383967381,0.9651162790697675,0.4118732790704711,0.5406267725467953,7052.0,35260.0,5.0,1378.0,1379.0
0.9711062847397172,0.2646846702460133,0.9731879787860931,0.41617841617841617,0.5449322333529758,6788.0,33940.0,5.0,1379.0,1380.0
0.9515727263582773,0.2604838394497206,0.9537779049799656,0.40920951650038373,0.5409988551803091,6988.0,34940.0,5.0,1380.0,1381.0
0.9641293579444324,0.2621359223300971,0.9629051151893792,0.41208745300097477,0.5420842552822248,7683.0,38415.0,5.0,1381.0,1382.0
0.9613790114228695,0.26216024227016116,0.9642464246424642,0.412240218701314,0.5417354235423543,7272.0,36360.0,5.0,1382.0,1383.0
0.9708144767462379,0.26444718771699716,0.9717890558548341,0.41575691411935956,0.5447972781400624,7054.0,35270.0,5.0,1383.0,1384.0
0.9745566002774307,0.2655060313114894,0.9799494790022103,0.41781098546042006,0.5448373855383644,6334.0,31670.0,5.0,1384.0,1385.0
0.9707377843570781,0.2651587513850151,0.9748560191038067,0.4169169770515439,0.5455354216416163,7119.0,35595.0,5.0,1385.0,1386.0
0.981339665253007,0.26835020942621285,0.9875785692906316,0.4220253893134653,0.5491619275665969,6682.0,33410.0,5.0,1386.0,1387.0
0.9773503346994691,0.2654529107664644,0.9810328118510314,0.4178435592770587,0.544395218976418,7223.0,36115.0,5.0,1387.0,1388.0
0.9749902651811616,0.26592297912480006,0.976653110408194,0.41802591709109665,0.5467690917306823,6639.0,33195.0,5.0,1388.0,1389.0
0.9677561820767099,0.26256935185583413,0.9682791435368755,0.41311408850994724,0.5414750198255353,6305.0,31525.0,5.0,1389.0,1390.0
0.9749302576395003,0.2652824915152725,0.9792188651436994,0.41746779767514924,0.5445345124048145,6785.0,33925.0,5.0,1390.0,1391.0
0.979128058612077,0.26643218289734005,0.9836331665088597,0.4192925303427797,0.5458992740881013,7393.0,36965.0,5.0,1391.0,1392.0
0.9668971672298828,0.26541691075961726,0.9678154371973796,0.41658748888957,0.5482056394189689,7022.0,35110.0,5.0,1392.0,1393.0
0.9681512760533146,0.2628357701462088,0.9693465236171103,0.4135409855554895,0.5417769727369839,7177.0,35885.0,5.0,1393.0,1394.0
0.957648809028769,0.2616879670082888,0.9608695652173913,0.41134751773049644,0.5416541729135432,6670.0,33350.0,5.0,1394.0,1395.0
0.9646180125194422,0.264112414771744,0.9666835571319989,0.41487481990920705,0.5455409171522675,7894.0,39470.0,5.0,1395.0,1396.0
0.9694991947142733,0.263535090976606,0.9741935483870968,0.414847289200643,0.5419583619309083,7285.0,36425.0,5.0,1396.0,1397.0
0.972857630765416,0.26509584992405893,0.9762660619803477,0.41696797520661155,0.544973544973545,6615.0,33075.0,5.0,1397.0,1398.0
0.9678487038339901,0.26470109800732006,0.9758620689655172,0.4164427383237364,0.5441779110444778,6670.0,33350.0,5.0,1398.0,1399.0
0.9786487705557058,0.26750224512904613,0.9827858269975613,0.42053894788533547,0.5486061301582748,6971.0,34855.0,5.0,1399.0,1400.0
0.9766843895320254,0.2662736529661541,0.9781917310313494,0.418600129617628,0.547125044171841,6603.0,33015.0,5.0,1400.0,1401.0
0.9739064092221715,0.26681912681912684,0.9790967348184315,0.4193569468043393,0.5481131115858,6554.0,32770.0,5.0,1401.0,1402.0
0.9802177354571782,0.2664738528882983,0.9827039492649179,0.4192596236625261,0.5462669357163448,6938.0,34690.0,5.0,1402.0,1403.0
0.9775251528026836,0.2641737488196412,0.9799635701275046,0.4161608949184815,0.5417308859931811,7137.0,35685.0,5.0,1403.0,1404.0
0.9687263671084192,0.2645198389879241,0.9714100064977258,0.4158119806696103,0.5450779727095516,6156.0,30780.0,5.0,1404.0,1405.0
0.9763066767672933,0.2664313579788222,0.9816563997262149,0.4191116306253653,0.5464750171115674,7305.0,36525.0,5.0,1405.0,1406.0
0.9750650450097329,0.2660719576022911,0.9753831302039339,0.41809341540371386,0.5474840111017256,8287.0,41435.0,5.0,1406.0,1407.0
0.9577743615041113,0.26041302065103256,0.9603717568090874,0.4097254729190186,0.538810722430188,7747.0,38735.0,5.0,1407.0,1408.0
0.9796711700484851,0.26737591426448154,0.9826074457381055,0.42036649858565983,0.5483685496622107,6957.0,34785.0,5.0,1408.0,1409.0
0.967496247109099,0.263392107472712,0.9676125848241826,0.41407074973600844,0.5435944889985606,6484.0,32420.0,5.0,1409.0,1410.0
0.9724720233983607,0.2628183614871164,0.9767184035476718,0.4141862310110775,0.5395186622320769,7216.0,36080.0,5.0,1410.0,1411.0
0.9731775846430566,0.2652296491916777,0.9737945492662474,0.4169074131209155,0.5460124039133473,7632.0,38160.0,5.0,1411.0,1412.0
0.9679822993195231,0.26594163211016353,0.972254004576659,0.41764452909012717,0.548102593440122,6992.0,34960.0,5.0,1412.0,1413.0
0.9697693704522629,0.2648424138773516,0.9761368752814048,0.4166426443739791,0.5444244334383911,6663.0,33315.0,5.0,1413.0,1414.0
0.9720489576594625,0.2633576313218607,0.9718524681087077,0.4144149470821262,0.5422444074690331,7212.0,36060.0,5.0,1414.0,1415.0
0.9765815435493461,0.266979437745116,0.9811422413793104,0.4197424150747688,0.5478852370689655,7424.0,37120.0,5.0,1415.0,1416.0
0.9816370243226517,0.26934995807357176,0.9861185264281901,0.4231264854958334,0.5518553123331553,7492.0,37460.0,5.0,1416.0,1417.0
0.9690957753080134,0.2655367231638418,0.973498005917921,0.4172594430658947,0.5468073244993353,7773.0,38865.0,5.0,1417.0,1418.0
0.9798737615273846,0.26575044223703903,0.9827651276890175,0.418369259606373,0.5445758376315679,7949.0,39745.0,5.0,1418.0,1419.0
0.9715016786363265,0.265824606858829,0.9724855186940495,0.4175215486788187,0.5477663682639986,7596.0,37980.0,5.0,1419.0,1420.0
0.9713484801221991,0.26462878871783513,0.9760348583877996,0.41636896982370536,0.5439587872185911,7344.0,36720.0,5.0,1420.0,1421.0
0.9764612213312351,0.2638533674339301,0.9804175665946724,0.4158040975848066,0.5408447324214063,6945.0,34725.0,5.0,1421.0,1422.0
0.978749793185488,0.2650470647970941,0.98205499276411,0.4174330267892843,0.5431500241196334,6910.0,34550.0,5.0,1422.0,1423.0
0.9694250295291096,0.2653187388632314,0.974749498997996,0.4171049622684656,0.5459363170786017,7485.0,37425.0,5.0,1423.0,1424.0
0.9788199139456266,0.26559633027522933,0.9822640345465762,0.4181328781512605,0.5443656179313181,6484.0,32420.0,5.0,1424.0,1425.0
0.972566013768531,0.26445940890385333,0.976516093383064,0.4162030086255115,0.543422203803472,7239.0,36195.0,5.0,1425.0,1426.0
0.9728039299960499,0.26526569297700436,0.976967095851216,0.41724201136433064,0.5451597520267049,6990.0,34950.0,5.0,1426.0,1427.0
0.9681150146760683,0.26288192391090087,0.9731465265615878,0.4139429493745538,0.540742362327301,6852.0,34260.0,5.0,1427.0,1428.0
0.9515044053816829,0.2611056448380161,0.957247828991316,0.41029605451526086,0.541393898908929,7485.0,37425.0,5.0,1428.0,1429.0
0.9662814564966345,0.2638171396221074,0.972479457414895,0.41504077486153246,0.5431285596278422,7667.0,38335.0,5.0,1429.0,1430.0
0.9647525397049118,0.2647152024083023,0.9724970896391153,0.4161529360483218,0.5452076057431121,6872.0,34360.0,5.0,1430.0,1431.0
0.9740042686892747,0.2655989701650765,0.9813933967543369,0.418057210965435,0.5446278679350868,7148.0,35740.0,5.0,1431.0,1432.0
0.9596492617947975,0.26248916035139314,0.9697729488786739,0.4131505548632129,0.5408366996331894,7179.0,35895.0,5.0,1432.0,1433.0
0.9391129412405181,0.25574681920239495,0.9395129615082483,0.4020505924867636,0.5342367111809374,7638.0,38190.0,5.0,1433.0,1434.0
0.9705274181200467,0.26475115443817343,0.980119032544004,0.41689109124205537,0.543033219366004,7897.0,39485.0,5.0,1434.0,1435.0
0.962129307746119,0.26218900307969134,0.9660844064771134,0.4124435251211148,0.5412469718220069,7843.0,39215.0,5.0,1435.0,1436.0
0.9548784352402352,0.26370199640714503,0.9639449882294635,0.41411614414222603,0.5454094907694214,8071.0,40355.0,5.0,1436.0,1437.0
0.9654587440275318,0.26377999290808085,0.9674855491329479,0.41453824958979596,0.5445327552986513,6920.0,34600.0,5.0,1437.0,1438.0
0.9766716415272239,0.2658611348731109,0.9795141168745897,0.41821087157635056,0.545786824250383,7615.0,38075.0,5.0,1438.0,1439.0
0.9671953470271928,0.2636179547755653,0.9673065015479876,0.414321707996287,0.5442105263157895,8075.0,40375.0,5.0,1439.0,1440.0
0.9453153617733046,0.2558762377982169,0.9407877688520342,0.40232719213187423,0.5341409691629956,7718.0,38590.0,5.0,1440.0,1441.0
0.9523942569898036,0.26318543323566346,0.9555471124620061,0.4127010173941582,0.5467325227963525,7896.0,39480.0,5.0,1441.0,1442.0
0.9609890715188283,0.26213135941722476,0.9617761172582268,0.41197833312815463,0.542415097954687,6959.0,34795.0,5.0,1442.0,1443.0
0.9729622310752648,0.26673802317856354,0.9784727863525589,0.419199535962877,0.5481090351114721,7386.0,36930.0,5.0,1443.0,1444.0
0.9703499625456508,0.2647366304784881,0.9733885274985216,0.4162609850161219,0.5449931007293515,6764.0,33820.0,5.0,1444.0,1445.0
0.9558927837676042,0.2610823375881897,0.9593885808481942,0.41046355068282364,0.540686347969429,6673.0,33365.0,5.0,1445.0,1446.0
0.9365081604264265,0.2581358046693994,0.9397871788216974,0.4050222309219541,0.5398174582576347,7706.0,38530.0,5.0,1446.0,1447.0
0.9505774869607566,0.25977420408755947,0.9536247334754797,0.40831930615389006,0.5393789978678039,7504.0,37520.0,5.0,1447.0,1448.0
0.9518689879710363,0.2614041215508208,0.9570332480818414,0.41064471879286696,0.542156862745098,7820.0,39100.0,5.0,1448.0,1449.0
0.9618994558095407,0.2638038955135154,0.9710387437250612,0.41489303195292304,0.5435276955421118,7769.0,38845.0,5.0,1449.0,1450.0
0.960841148638225,0.2642504363325783,0.9620116263350007,0.41461282992483833,0.5472488846829796,7397.0,36985.0,5.0,1450.0,1451.0
0.9555681810330177,0.2591401105139656,0.953886876567289,0.4075595238095238,0.5378006872852233,7178.0,35890.0,5.0,1451.0,1452.0
0.9692616954891448,0.2646352723915051,0.9699472045485312,0.41582032383494866,0.545778620098371,7387.0,36935.0,5.0,1452.0,1453.0
0.9656975691053602,0.26176149758964073,0.9686197916666667,0.41214438073076815,0.5394748263888889,7680.0,38400.0,5.0,1453.0,1454.0
0.9536880449556722,0.26055157158657105,0.9573938122705821,0.4096250385618532,0.5400498164656529,7628.0,38140.0,5.0,1454.0,1455.0
0.9672849113312438,0.2628803691090849,0.9705285926727052,0.4137036823603988,0.5415258438105538,7397.0,36985.0,5.0,1455.0,1456.0
0.9343291269008136,0.2533873287412005,0.9210345301967259,0.3974355169036241,0.534530196725822,7269.0,36345.0,5.0,1456.0,1457.0
0.9796888855074789,0.26565179352580925,0.9835449598341539,0.4183175819028463,0.5441176470588235,7718.0,38590.0,5.0,1457.0,1458.0
0.9806677999591207,0.26585176705195906,0.982396288209607,0.4184613596070567,0.5449190320232896,7328.0,36640.0,5.0,1458.0,1459.0
0.9311832518677549,0.2562010209217054,0.9350564156389399,0.40220090293453725,0.5367357648911047,7622.0,38110.0,5.0,1459.0,1460.0
0.9798304695979094,0.26557890519721744,0.9842083951950331,0.4182871565421901,0.5437530930849868,7409.0,37045.0,5.0,1460.0,1461.0
0.9829857445686373,0.27024870789829686,0.9859529233105543,0.42421932427649667,0.5539314941365056,7902.0,39510.0,5.0,1461.0,1462.0
0.9719722071013727,0.2663836272588722,0.9756778309409888,0.4185052163502651,0.5481127060074429,7524.0,37620.0,5.0,1462.0,1463.0
0.9787437520485177,0.26626695102812764,0.9808775570708568,0.4188372313827262,0.5463237474058702,6746.0,33730.0,5.0,1463.0,1464.0
0.9748477773595381,0.2647603373791401,0.9796011569493074,0.416855606659325,0.5432079971583701,6569.0,32845.0,5.0,1464.0,1465.0
0.9604849901251865,0.26207601591879953,0.9627145922746781,0.41199598220691636,0.5420019670958512,7456.0,37280.0,5.0,1465.0,1466.0
0.9509164297229308,0.26155415052008973,0.9541666666666667,0.4105650712341924,0.5433779761904762,6720.0,33600.0,5.0,1466.0,1467.0
0.9552307522557374,0.26010182641021495,0.9563214975486555,0.4089710600717939,0.5393205566285346,6731.0,33655.0,5.0,1467.0,1468.0
0.9512076514877198,0.2597603401623502,0.9498233215547703,0.4079526483533161,0.5405182567726737,7075.0,35375.0,5.0,1468.0,1469.0
0.9653389917563101,0.2635656134562278,0.9677376876481433,0.4142965865208445,0.5439601439733123,7594.0,37970.0,5.0,1469.0,1470.0
0.9622381477213824,0.2644942708135064,0.9740642086078789,0.41602299263517156,0.5442310388335904,7133.0,35665.0,5.0,1470.0,1471.0
0.9759218100653386,0.2655306718597858,0.9787055867926785,0.4177283055477546,0.5452605973601308,8359.0,41795.0,5.0,1471.0,1472.0
0.9673894207728705,0.26353648498729554,0.9722735674676525,0.4146746628375144,0.5425358683214506,7574.0,37870.0,5.0,1472.0,1473.0
0.9797872309224012,0.26625386996904027,0.9835844994617868,0.41906727434287844,0.5455014352350197,7432.0,37160.0,5.0,1473.0,1474.0
0.956715103607077,0.2629944599315431,0.9594490216271885,0.4128285374027197,0.545121009268795,7768.0,38840.0,5.0,1474.0,1475.0
0.926761234796949,0.25570640011934953,0.9274891774891775,0.40088878493743424,0.5379689754689755,7392.0,36960.0,5.0,1475.0,1476.0
0.9724189508892802,0.2662789557944261,0.9720896946564885,0.41804518991562156,0.5489225508905853,8384.0,41920.0,5.0,1476.0,1477.0
0.9434516311862209,0.2593575007368111,0.944206008583691,0.4069364161849711,0.5413090128755365,7456.0,37280.0,5.0,1477.0,1478.0
0.9744302728775739,0.26591775166719595,0.9755351681957186,0.4179169655946848,0.5470850929566526,6867.0,34335.0,5.0,1478.0,1479.0
0.9732433279532272,0.2644703645471498,0.9812779812779813,0.416647465437788,0.5420340975896532,7371.0,36855.0,5.0,1479.0,1480.0
0.9801788738933768,0.26696345761454277,0.9815850497885691,0.4197631686402613,0.5477197290046834,7331.0,36655.0,5.0,1480.0,1481.0
0.9622309419415086,0.26183421759801556,0.962390781309358,0.4116675243073423,0.5415347600354565,7897.0,39485.0,5.0,1481.0,1482.0
0.9762023500114639,0.2677514792899408,0.9834411384217335,0.42090692652677036,0.5489866321690384,7730.0,38650.0,5.0,1482.0,1483.0
0.9845881079795191,0.26723702259764637,0.9866719978675197,0.4205652606163897,0.5468701408325559,7503.0,37515.0,5.0,1483.0,1484.0
0.9765128584371369,0.26459766982353344,0.9799394398183194,0.4166845493562232,0.5427285726301624,7926.0,39630.0,5.0,1484.0,1485.0
0.9748654739684681,0.26584494712514883,0.9798657718120806,0.4182228832699829,0.545646188263638,7748.0,38740.0,5.0,1485.0,1486.0
0.9735475235436796,0.2645394977819381,0.9765625,0.4163064015115125,0.5435947516025641,6656.0,33280.0,5.0,1486.0,1487.0
0.9653080509996051,0.26278774696392965,0.971976401179941,0.4137202865051508,0.5408733351211227,7458.0,37290.0,5.0,1487.0,1488.0
0.9684823180418799,0.26384763236065,0.9726874516877093,0.4150974516865052,0.5431375075152453,7762.0,38810.0,5.0,1488.0,1489.0
0.9680458883022821,0.2661406495547407,0.9756361017762842,0.41820146105566414,0.5475676108177309,8332.0,41660.0,5.0,1489.0,1490.0
0.9685038318755166,0.2646529905421606,0.969619326500732,0.41581205525324405,0.5459167073369123,8196.0,40980.0,5.0,1490.0,1491.0
0.9789253826445163,0.26614040033831404,0.9803972478255225,0.4186368801796059,0.546172486909862,7703.0,38515.0,5.0,1491.0,1492.0
0.9670384615518397,0.2633614355325238,0.9741095694464311,0.41462449389631345,0.5415772660086778,6991.0,34955.0,5.0,1492.0,1493.0
0.9757436099543536,0.26497878155793714,0.9796569605105704,0.41713137260452343,0.5436998626069228,7521.0,37605.0,5.0,1493.0,1494.0
0.9714224998742519,0.26313775022007885,0.975177304964539,0.4144437411459746,0.5407328605200946,7050.0,35250.0,5.0,1494.0,1495.0
0.9150487365508518,0.2518675016977288,0.9099086820226251,0.39452767189669946,0.5345281904502295,7337.0,36685.0,5.0,1495.0,1496.0
0.9512129776744944,0.26458580760095013,0.9712534059945505,0.41587912728969784,0.5452770208900999,7340.0,36700.0,5.0,1496.0,1497.0
0.9653315241783453,0.26405106177022203,0.973349687778769,0.4154095083995622,0.5434136187927445,8968.0,44840.0,5.0,1497.0,1498.0
0.9865467520867972,0.267544420299118,0.9900662251655629,0.4212538995672738,0.5465941343424787,6342.0,31710.0,5.0,1498.0,1499.0
0.9803952405522663,0.26595744680851063,0.9812576395490968,0.41848880651046944,0.5454977590655983,7363.0,36815.0,5.0,1499.0,1500.0
0.9794352529145294,0.26578073089701,0.9801080226584112,0.4181654676258993,0.5454266016774251,7591.0,37955.0,5.0,1500.0,1501.0
0.9193524945325422,0.25207209577687145,0.9093497864261983,0.39472599917593737,0.5352001265622528,8428.0,42140.0,5.0,1501.0,1502.0
0.9695640592359741,0.26526922046611306,0.9721438213277703,0.4168047773130245,0.5465905837117029,8149.0,40745.0,5.0,1502.0,1503.0
0.9721785643446974,0.26418246813801677,0.9778512872141522,0.4159809110098198,0.5423797881010595,6953.0,34765.0,5.0,1503.0,1504.0
0.9730060616255067,0.2639471021823963,0.975430631593003,0.4154699274847149,0.5425512974584947,7489.0,37445.0,5.0,1504.0,1505.0
0.9790287008992367,0.26705389706875593,0.9809791597750579,0.4198195009732791,0.5481034292645275,6046.0,30230.0,5.0,1505.0,1506.0
0.9809533281149527,0.26800874949023096,0.9847432229941425,0.421344057818966,0.5491985651364483,7341.0,36705.0,5.0,1506.0,1507.0
0.9751503348503315,0.26722042139384117,0.9797949784578814,0.4199165897297125,0.5488288020601199,6731.0,33655.0,5.0,1507.0,1508.0
0.9643276665953838,0.2633239436619718,0.9675683135523048,0.4139824628738449,0.5434492593614868,7246.0,36230.0,5.0,1508.0,1509.0
0.9693252212434149,0.26619479919987693,0.9727845254161044,0.4180056539493078,0.5485267656320288,8892.0,44460.0,5.0,1509.0,1510.0
0.9790092684989045,0.26643218289734005,0.9860529986052998,0.4195119539149999,0.5451921586858826,8604.0,43020.0,5.0,1510.0,1511.0
0.9725033879722194,0.2632046463956269,0.977540921202893,0.4147398454954106,0.5401810260965191,7881.0,39405.0,5.0,1511.0,1512.0
0.9754924736796692,0.26761784359761603,0.9806750496360026,0.42048808172531216,0.5494815795279064,7555.0,37775.0,5.0,1512.0,1513.0
0.9739478776265825,0.2656019656019656,0.9792933868254173,0.41787006102106744,0.5452525775419524,7727.0,38635.0,5.0,1513.0,1514.0
0.9751532964103113,0.2661158821611045,0.9863013698630136,0.419142196729732,0.5443862476497449,7446.0,37230.0,5.0,1514.0,1515.0
0.9684685420855365,0.2647002709199832,0.974708444569341,0.4163365742407874,0.5445178211793359,7117.0,35585.0,5.0,1515.0,1516.0
0.965887979059082,0.26136443230370526,0.9685918234912394,0.4116495214981108,0.5385463984425698,7705.0,38525.0,5.0,1516.0,1517.0
0.9769854556040174,0.26633923737334675,0.9823135073455997,0.41905747056497006,0.5460704607046071,7011.0,35055.0,5.0,1517.0,1518.0
0.9763548547462615,0.2671135083683668,0.9775036284470247,0.419573884874159,0.5492501209482341,6890.0,34450.0,5.0,1518.0,1519.0
0.9718534227926694,0.2653281436664226,0.9756270369845543,0.4171968732957644,0.5456993056539606,7057.0,35285.0,5.0,1519.0,1520.0
0.9809242798658118,0.2679684403934143,0.9849046610169492,0.421309014698802,0.5490598516949152,7552.0,37760.0,5.0,1520.0,1521.0
0.9487247171399162,0.2579180015410195,0.9479803249366523,0.4055087987758225,0.5367416902668057,6709.0,33545.0,5.0,1521.0,1522.0
0.9786994309307354,0.2665091599209884,0.9825788947593889,0.4192919383340442,0.5463848826693322,7003.0,35015.0,5.0,1522.0,1523.0
0.9757385010926052,0.2634952766531714,0.9785604900459418,0.41519241560589504,0.5405587266230452,7183.0,35915.0,5.0,1523.0,1524.0
0.9702622686545205,0.26555402615278734,0.9733854692230071,0.4172704660971126,0.5468802556340396,7928.0,39640.0,5.0,1524.0,1525.0
0.9742790226705275,0.2646720368239356,0.9750189250567751,0.4163299608882568,0.5443603330809993,6605.0,33025.0,5.0,1525.0,1526.0
0.9796730540855918,0.2644892232139377,0.9831932773109243,0.4168432691421727,0.5415097073312084,6902.0,34510.0,5.0,1526.0,1527.0
0.9847435699014533,0.26624382860643625,0.987436514300989,0.4194033663534955,0.5443508865722178,7482.0,37410.0,5.0,1527.0,1528.0
0.9631918812702693,0.2636264137176213,0.9828618063112078,0.41574132673609115,0.5395810663764962,7352.0,36760.0,5.0,1528.0,1529.0
0.9793647206963494,0.26620722814328074,0.9825495415557527,0.4189155107187894,0.5456965394853593,6762.0,33810.0,5.0,1529.0,1530.0
0.9800253498848978,0.2641827099041066,0.9808397880146759,0.41625097315533,0.5414911446301581,7359.0,36795.0,5.0,1530.0,1531.0
0.9763187444641948,0.26446075382510265,0.9818349753694581,0.41668572175219676,0.5418462643678161,6496.0,32480.0,5.0,1531.0,1532.0
0.9699252495738983,0.26337315246001214,0.9765765765765766,0.4148620634667517,0.5408658658658658,6660.0,33300.0,5.0,1532.0,1533.0
0.9756842606119519,0.26551498595667733,0.9792819639562934,0.4177613657001029,0.5450546331772386,7047.0,35235.0,5.0,1533.0,1534.0
0.9743447215513885,0.2654790667484043,0.980946035976016,0.41786808945396753,0.5444814568065734,7505.0,37525.0,5.0,1534.0,1535.0
0.9484472465624382,0.2601606897903194,0.9476088508208422,0.40824108241082413,0.5421365691172971,7005.0,35025.0,5.0,1535.0,1536.0
0.9551105154993889,0.26245995376941483,0.9581051073279052,0.41204558477112113,0.544288181593881,6755.0,33775.0,5.0,1536.0,1537.0
0.9752728211904946,0.26474846853536294,0.9816905286343612,0.417029737711629,0.542561490455213,7264.0,36320.0,5.0,1537.0,1538.0
0.9685056584369705,0.26420501334036034,0.9727140431724473,0.4155420282346846,0.5439607082221684,8246.0,41230.0,5.0,1538.0,1539.0
0.9706816273893571,0.2640127388535032,0.9761873609839068,0.41561986463526723,0.5424789567796241,7643.0,38215.0,5.0,1539.0,1540.0
0.968925125461607,0.2649814126394052,0.9725747032337291,0.4164889421250986,0.5457997907854641,7329.0,36645.0,5.0,1540.0,1541.0
0.9712777356274916,0.2640497881753084,0.9752146219883688,0.4155775188080838,0.5428551647743007,7222.0,36110.0,5.0,1541.0,1542.0
0.9689461922530118,0.2648667358947733,0.9708195889368181,0.4161862286522354,0.546054300938848,7882.0,39410.0,5.0,1542.0,1543.0
0.9757070520924294,0.26631884512788323,0.9803610108303249,0.41885430484005304,0.5465944645006017,6925.0,34625.0,5.0,1543.0,1544.0
0.9795993809856465,0.2664172599157344,0.984828141783029,0.41938250428816465,0.545515574650913,7448.0,37240.0,5.0,1544.0,1545.0
0.9796186405004526,0.26632559839210673,0.9860641320524963,0.4193808263321441,0.5449420466332927,7391.0,36955.0,5.0,1545.0,1546.0
0.9791169938330507,0.26647518103483153,0.9829876137889867,0.4192870782940802,0.5461871362483212,6701.0,33505.0,5.0,1546.0,1547.0
0.9715128380209964,0.2624712523520803,0.9754467754467755,0.41364085667215816,0.5390831390831391,6435.0,32175.0,5.0,1547.0,1548.0
0.9700009865780428,0.26533393911858244,0.9734685372968468,0.4170063372110321,0.5463490299578645,7199.0,35995.0,5.0,1548.0,1549.0
0.9700228103250196,0.26358523447401777,0.9713910378047,0.4146546621390074,0.5429134432929499,6851.0,34255.0,5.0,1549.0,1550.0
0.9781134681470957,0.26642602050612496,0.9835554295435214,0.41927783653119804,0.5459077591910028,7054.0,35270.0,5.0,1550.0,1551.0
0.9568576709676512,0.26205387459443147,0.9604535398230089,0.4117612188037228,0.5426345870206489,7232.0,36160.0,5.0,1551.0,1552.0
0.9776118472865771,0.26519573507665967,0.9825547866205305,0.41766256051970335,0.5433487120338332,6936.0,34680.0,5.0,1552.0,1553.0
0.9613525535626088,0.2614153846153846,0.9660400242571255,0.41148170869523104,0.5394430968263594,6596.0,32980.0,5.0,1553.0,1554.0
0.963488926278547,0.26474293362727347,0.968601469105574,0.41582933992889165,0.5464256565365596,6943.0,34715.0,5.0,1554.0,1555.0
0.9591889802217183,0.2621324451129974,0.9681216931216932,0.41255883430568474,0.5404982363315697,7560.0,37800.0,5.0,1555.0,1556.0
0.955510506122449,0.26170337166244395,0.9591428571428572,0.41120808451998164,0.5422142857142858,7000.0,35000.0,5.0,1556.0,1557.0
0.9627980076989769,0.26036550289835836,0.9658568614576494,0.41016346589522845,0.537015758371635,6092.0,30460.0,5.0,1557.0,1558.0
0.961236381944403,0.26237523740251345,0.964354671023318,0.4125158831003812,0.5422050596564186,6733.0,33665.0,5.0,1558.0,1559.0
0.9774199087427351,0.26513629842180775,0.9820832068023079,0.41754623801684904,0.5433495293045855,6586.0,32930.0,5.0,1559.0,1560.0
0.9778941942036792,0.26742034116511104,0.9802389028166937,0.4202041912950027,0.5491569581674286,6781.0,33905.0,5.0,1560.0,1561.0
0.9792248851166788,0.26623526692858795,0.9826556724481091,0.418959873924112,0.545730262534357,7034.0,35170.0,5.0,1561.0,1562.0
0.9699719742264787,0.2643979057591623,0.9705705705705706,0.4155844155844156,0.545045045045045,6660.0,33300.0,5.0,1562.0,1563.0
0.9721324294423652,0.2650007595321282,0.9773109243697479,0.41694550669216063,0.5444444444444444,7140.0,35700.0,5.0,1563.0,1564.0
0.9760692119150446,0.26609599063506,0.9795313762456235,0.4185029630055808,0.5463237274441153,7426.0,37130.0,5.0,1564.0,1565.0
0.9704270136574179,0.2657220127223555,0.9753914988814317,0.4176620266427182,0.5466769202087994,7152.0,35760.0,5.0,1565.0,1566.0
0.9775335849058494,0.26580938565883877,0.9794856977752094,0.4181442536001727,0.5456756236155254,6922.0,34610.0,5.0,1566.0,1567.0
0.9775507293579567,0.2660058202982903,0.981049807144055,0.41852978000357716,0.5456705237855666,5963.0,29815.0,5.0,1567.0,1568.0
0.969358634463415,0.2640392076781703,0.9711581793600721,0.4151949136214758,0.5440388563416955,6657.0,33285.0,5.0,1568.0,1569.0
0.9826366899689097,0.26997305050856296,0.9855601396382101,0.4238433192302443,0.5534221940124828,6302.0,31510.0,5.0,1569.0,1570.0
0.9807390346457046,0.26503197313336707,0.9837773224043715,0.4175696734679085,0.5426058743169399,5856.0,29280.0,5.0,1570.0,1571.0
0.9783472185017461,0.2643854534294921,0.9812072892938497,0.4165357186026834,0.5418564920273349,7024.0,35120.0,5.0,1571.0,1572.0
0.9739692164745005,0.2647444820043746,0.9763860369609856,0.4165441291493289,0.5441233988461914,6818.0,34090.0,5.0,1572.0,1573.0
0.9829749649561458,0.266776389616219,0.9853550704614534,0.4198751913340398,0.546191397255227,7238.0,36190.0,5.0,1573.0,1574.0
0.9831550098022428,0.26721317784705384,0.9869225302061123,0.42055848325155976,0.5467424780857617,7035.0,35175.0,5.0,1574.0,1575.0
0.9542983347522503,0.26189984156506163,0.956357690856496,0.41119372718669733,0.5435165388001509,7951.0,39755.0,5.0,1575.0,1576.0
0.9610590321726559,0.26349239424880183,0.963918180663194,0.41385517523523796,0.5449328759581586,7871.0,39355.0,5.0,1576.0,1577.0
0.9649210135879818,0.2641836772359824,0.9670314822321308,0.4149947813985852,0.5456019456830158,7401.0,37005.0,5.0,1577.0,1578.0
0.9693767915082769,0.26486425424558496,0.9716811714325183,0.41626227955971123,0.5457936179030253,7239.0,36195.0,5.0,1578.0,1579.0
0.9738138080652862,0.26645817044566067,0.9846865067899451,0.4194203433634853,0.5456515457960127,6922.0,34610.0,5.0,1579.0,1580.0
0.9832207857516283,0.2663240737413304,0.9861610113107119,0.419387697357252,0.5449101796407185,7515.0,37575.0,5.0,1580.0,1581.0
0.9844532271216151,0.2666218141522875,0.9859505341723986,0.4197377028752998,0.5456607639397044,6833.0,34165.0,5.0,1581.0,1582.0
0.9751329663889686,0.2659664639764142,0.9785762711864406,0.41825557809330627,0.5463050847457627,7375.0,36875.0,5.0,1582.0,1583.0
0.9880205100436781,0.26826919218267187,0.9905171136464661,0.42219274977895666,0.5481305872474934,6749.0,33745.0,5.0,1583.0,1584.0
0.9837927919996099,0.2656605682488829,0.9849953110346984,0.4184594953519256,0.5437115765343337,6398.0,31990.0,5.0,1584.0,1585.0
0.9826848780023781,0.2678089382123575,0.9852413793103448,0.4211426213077059,0.5485977011494253,7250.0,36250.0,5.0,1585.0,1586.0
0.9749420979317289,0.26348215385879165,0.9743317132442284,0.4147942193915489,0.541793236127987,6584.0,32920.0,5.0,1586.0,1587.0
0.9834237971412719,0.2650724384709373,0.9841866493843162,0.4176567656765677,0.5425793907971485,7715.0,38575.0,5.0,1587.0,1588.0
0.9711953293197776,0.26441662941439426,0.9735290083664793,0.4158781309506372,0.5442097563205779,7291.0,36455.0,5.0,1588.0,1589.0
0.9718934872759205,0.2635643719617375,0.9737833140208575,0.41484635320251756,0.5421494785631518,6904.0,34520.0,5.0,1589.0,1590.0
0.9820496710410644,0.2659710144927536,0.9828620394173093,0.418651336800803,0.5450585546986575,7002.0,35010.0,5.0,1590.0,1591.0
0.9653871495628811,0.2629106335238229,0.9703674948240165,0.4137265178891617,0.5416451000690131,7728.0,38640.0,5.0,1591.0,1592.0
0.9777638326482159,0.2656072214215277,0.9797146054840515,0.41791490123530467,0.5451408319343406,7148.0,35740.0,5.0,1592.0,1593.0
0.9843789168674959,0.2669421207708199,0.986606584053073,0.42019405053843695,0.5462093712187591,7989.0,39945.0,5.0,1593.0,1594.0
0.975146064450732,0.2675533804317796,0.9810419681620839,0.42044221167860574,0.5492281717317897,6910.0,34550.0,5.0,1594.0,1595.0
0.9817449735877426,0.2651394133023526,0.984497169048261,0.4177678622504433,0.5426440190527546,7418.0,37090.0,5.0,1595.0,1596.0
0.9684321017408767,0.2654452180285819,0.9733942488578339,0.4171369342393182,0.5466272507390486,7442.0,37210.0,5.0,1596.0,1597.0
0.9755441994710514,0.26599092384643414,0.9801049676553155,0.41842530352769525,0.5459131779161073,8193.0,40965.0,5.0,1597.0,1598.0
0.9764713339350356,0.2665287153566946,0.9790654205607476,0.4189953071672355,0.5474558670820353,8025.0,40125.0,5.0,1598.0,1599.0
0.9667259144290137,0.2649683830171635,0.9692043351837166,0.4161629919695809,0.5467662349105648,7566.0,37830.0,5.0,1599.0,1600.0
0.9690329089845927,0.2640548915449314,0.9714983713355049,0.4152453880960668,0.5439739413680782,7368.0,36840.0,5.0,1600.0,1601.0
0.9802769513506994,0.26513146588760955,0.9850593793896054,0.41780859015327954,0.5424594560081727,7831.0,39155.0,5.0,1601.0,1602.0
0.9782540003466069,0.2676736665438618,0.983752068602377,0.42083923284850044,0.5487187202246627,6647.0,33235.0,5.0,1602.0,1603.0
0.9568451815280585,0.26126422146465683,0.9610213023115274,0.410837692953562,0.5406154001107921,6619.0,33095.0,5.0,1603.0,1604.0
0.971173141376683,0.26339381003201706,0.971526046450597,0.41443004673812656,0.5424266281765298,7621.0,38105.0,5.0,1604.0,1605.0
0.9811081112917066,0.2678332981938295,0.984245867768595,0.4210817081929175,0.5489411157024794,7744.0,38720.0,5.0,1605.0,1606.0
0.983263757613628,0.2656452524178271,0.9843596059113301,0.4183831034573006,0.5438628899835797,8120.0,40600.0,5.0,1606.0,1607.0
0.9800268763185933,0.2675055612736147,0.9832804491091042,0.4205883120611803,0.5484704255146042,8194.0,40970.0,5.0,1607.0,1608.0
0.9781426658049944,0.2646186895810956,0.9860710854947167,0.4172622878628773,0.5409595474436973,6246.0,31230.0,5.0,1608.0,1609.0
0.9775533780743554,0.26560679520426955,0.9805744415151936,0.4179925474655468,0.5448869154988206,7207.0,36035.0,5.0,1609.0,1610.0
0.980495459666681,0.2665109690263793,0.9834699067533201,0.4193752447510317,0.5461288499576151,7078.0,35390.0,5.0,1610.0,1611.0
0.9702508862712186,0.2643178300287462,0.975118966689327,0.41590072196932354,0.5435078178110129,7355.0,36775.0,5.0,1611.0,1612.0
0.9676041505951989,0.2630176703365592,0.971350021704529,0.4139483258309182,0.5416003472724642,6911.0,34555.0,5.0,1612.0,1613.0
0.9656826795379729,0.26435563997662187,0.9664797008547008,0.4151560348783846,0.5461627492877493,7488.0,37440.0,5.0,1613.0,1614.0
0.9630357101057011,0.26277233011560913,0.9647009385067936,0.4130382631642078,0.5430265676798804,7139.0,35695.0,5.0,1614.0,1615.0
0.9690691110697706,0.26615243926682836,0.9723997675769901,0.41791790229436554,0.5485425140422235,6884.0,34420.0,5.0,1615.0,1616.0
0.9696555226036413,0.2649011535180446,0.9750170648464164,0.41661319489004256,0.5448919226393629,7325.0,36625.0,5.0,1616.0,1617.0
0.976523993597981,0.2662574404761905,0.9851342050929112,0.4192121833357739,0.5450562055517321,7265.0,36325.0,5.0,1617.0,1618.0
0.9742212037241644,0.2649654264076391,0.9802655621878427,0.417169962933202,0.5434888536971616,8209.0,41045.0,5.0,1618.0,1619.0
0.9873975200278665,0.26767731068343903,0.9901895797428079,0.4214297805112001,0.5468646427151,7543.0,37715.0,5.0,1619.0,1620.0
0.9803912907315624,0.26650618982118296,0.9821177133201915,0.4192462583398449,0.5465127194217592,7102.0,35510.0,5.0,1620.0,1621.0
0.98391786600333,0.26845593108018556,0.9863647431214999,0.42204511121529403,0.5497524551578605,8214.0,41070.0,5.0,1621.0,1622.0
0.9736159587846152,0.2657487939716187,0.9761997154313802,0.41776916689731525,0.5465010994696675,7731.0,38655.0,5.0,1622.0,1623.0
0.9833868686685865,0.2660483870967742,0.9850701702000597,0.4189472347450632,0.5445904250024883,6698.0,33490.0,5.0,1623.0,1624.0
0.9811651170794462,0.2663617847123477,0.9833995459704881,0.4191841301521062,0.5458049564888384,7048.0,35240.0,5.0,1624.0,1625.0
0.9755204954050545,0.265227415636135,0.980778173926523,0.41754108097406456,0.5439466749341187,6451.0,32255.0,5.0,1625.0,1626.0
0.9763187912857151,0.2651432320139952,0.9800619695540886,0.41737184819712575,0.543962459023755,7423.0,37115.0,5.0,1626.0,1627.0
0.981529906503047,0.2675755646278887,0.9840220385674932,0.4207426602667923,0.5484159779614325,7260.0,36300.0,5.0,1627.0,1628.0
0.9678331606958948,0.26581193528802544,0.9685100845803514,0.41713837359188477,0.5489047928865756,7685.0,38425.0,5.0,1628.0,1629.0
0.9818307901193863,0.26645422233116806,0.9850475758948799,0.4194481960254679,0.545536927956502,6621.0,33105.0,5.0,1629.0,1630.0
0.9782615788968054,0.2666527821166996,0.9795970415710278,0.4191972933889935,0.5475856499192383,7842.0,39210.0,5.0,1630.0,1631.0
0.9769261673134545,0.26660895909976196,0.9786839666357738,0.4190594971512798,0.5477514453418068,7553.0,37765.0,5.0,1631.0,1632.0
0.9800622340191371,0.2662528465437449,0.9823824366445317,0.41895679815055625,0.5458508379635904,7379.0,36895.0,5.0,1632.0,1633.0
0.9759384157052461,0.26585900628042664,0.9790611742165047,0.41816693944353517,0.5459148761461612,7307.0,36535.0,5.0,1633.0,1634.0
0.9708871187360065,0.26596598788409603,0.9739409327809702,0.41783001289952704,0.5476635930330972,7483.0,37415.0,5.0,1634.0,1635.0
0.9554951959995517,0.2593917050691244,0.9564980967917346,0.408108813549491,0.5375883632408918,7356.0,36780.0,5.0,1635.0,1636.0
0.9670561066069449,0.26299417231060007,0.9712083757452378,0.4139063613546928,0.5415879017013232,6877.0,34385.0,5.0,1636.0,1637.0
0.9735325553955466,0.2651038453629447,0.9759273277819833,0.4169469598965071,0.5450921019429725,6605.0,33025.0,5.0,1637.0,1638.0
0.9829485280553869,0.26622192757106156,0.984976237927334,0.4191538637179111,0.5450201849864582,6523.0,32615.0,5.0,1638.0,1639.0
0.9664369607583331,0.2618840038194877,0.9660030627871363,0.4120586602214456,0.5405564063297601,6530.0,32650.0,5.0,1639.0,1640.0
0.9712131749560989,0.2646161400063129,0.9748062015503876,0.4162414145036273,0.5442937123169681,7740.0,38700.0,5.0,1640.0,1641.0
0.9598352519670914,0.2622188056319793,0.9578776234111736,0.4117273362556381,0.5437974184648734,6766.0,33830.0,5.0,1641.0,1642.0
0.9621773994445161,0.26151418248266123,0.9666871354006755,0.41166279867943645,0.539479070719476,6514.0,32570.0,5.0,1642.0,1643.0
0.9610051712332558,0.2623623311187408,0.9679223556506005,0.41282537009752335,0.5410977682732906,6079.0,30395.0,5.0,1643.0,1644.0
0.9754992011019284,0.26722208405869186,0.9768181818181818,0.41964460066393283,0.5496969696969697,6600.0,33000.0,5.0,1644.0,1645.0
0.9775238502278453,0.2654320987654321,0.9786252498846686,0.41759900259194854,0.5450561279409504,6503.0,32515.0,5.0,1645.0,1646.0
0.9746682224489795,0.2658006979449399,0.9792857142857143,0.4181152790484904,0.5457142857142857,7000.0,35000.0,5.0,1646.0,1647.0
0.9733954398274489,0.2667203219315895,0.9810538780343399,0.4194140353097513,0.5473159660548648,6756.0,33780.0,5.0,1647.0,1648.0
0.9833177291807323,0.26612777257107156,0.9859664351851852,0.41912669126691265,0.5445119598765432,6912.0,34560.0,5.0,1648.0,1649.0
0.9854074824851343,0.26787479406919273,0.9879827167161761,0.4214740358860632,0.5479566117562337,7406.0,37030.0,5.0,1649.0,1650.0
0.9782505463047849,0.26710841155899134,0.9800108049702864,0.41979808498944143,0.5485098145146767,7404.0,37020.0,5.0,1650.0,1651.0
0.9725987903055356,0.2653677277716795,0.9732721986132856,0.41703004456370696,0.5464847535972563,8942.0,44710.0,5.0,1651.0,1652.0
0.967189410802785,0.26212309898486735,0.9694347522679693,0.4126663498098859,0.5400790881600372,7165.0,35825.0,5.0,1652.0,1653.0
0.9675983290079281,0.26434434597949935,0.9720678780597687,0.4156553008411995,0.5444761475697052,6659.0,33295.0,5.0,1653.0,1654.0
0.9640245762516462,0.26263350868802804,0.9678366867381407,0.4131531926898843,0.5417584569442405,6809.0,34045.0,5.0,1654.0,1655.0
0.9685452187706194,0.2609175469020968,0.9674119538214233,0.4109886698742822,0.5378488966827415,6843.0,34215.0,5.0,1655.0,1656.0
0.9630084182098766,0.2636663257188317,0.9666666666666667,0.41432270738458793,0.5445138888888889,7200.0,36000.0,5.0,1656.0,1657.0
0.9838868893453693,0.26763032972672457,0.9889380530973452,0.4212581198882569,0.5471186262115466,6328.0,31640.0,5.0,1657.0,1658.0
0.9777787756063183,0.26579283407195975,0.9812811980033278,0.4182871328092677,0.5451100018487706,7212.0,36060.0,5.0,1658.0,1659.0
0.9700014213912725,0.26562682784168457,0.9752326413743737,0.41752988047808764,0.5465044142209496,6985.0,34925.0,5.0,1659.0,1660.0
0.9771437285765961,0.2664369679773004,0.9772524531668153,0.41871575996942284,0.547774804242244,6726.0,33630.0,5.0,1660.0,1661.0
0.9876407311355437,0.2682098377154359,0.9891741416640891,0.4219971629333949,0.5483812764202495,6466.0,32330.0,5.0,1661.0,1662.0
0.9794833572616962,0.2666870089251659,0.9829888935751441,0.4195493684557919,0.5466751019260508,7113.0,35565.0,5.0,1662.0,1663.0
0.9839167842139745,0.2670498679509088,0.9858064516129033,0.4202548666075849,0.5466905615292712,6975.0,34875.0,5.0,1663.0,1664.0
0.9733615560379183,0.26622289540816324,0.975321261682243,0.4182740480961924,0.5478485202492211,6848.0,34240.0,5.0,1664.0,1665.0
0.9749921612681968,0.26683877800946615,0.9765019379844961,0.41914268631885415,0.5489139211886305,8256.0,41280.0,5.0,1665.0,1666.0
0.9860244510453383,0.26731175228712173,0.9886777719937533,0.42083979614447153,0.5464601769911505,7684.0,38420.0,5.0,1666.0,1667.0
0.9833677576780245,0.2679776929850308,0.9852011715739171,0.4213475738396624,0.5489954267509378,6487.0,32435.0,5.0,1667.0,1668.0
0.9787851201691029,0.26580002247780316,0.9807851810893006,0.41825095057034223,0.5452723251313243,7234.0,36170.0,5.0,1668.0,1669.0
0.9787669439043352,0.2656147777563979,0.9816526809842128,0.41810031499878847,0.5445882520267388,7031.0,35155.0,5.0,1669.0,1670.0
0.967729637673202,0.2644554185947039,0.9749139908256881,0.41605236594989753,0.5438885703363915,6976.0,34880.0,5.0,1670.0,1671.0
0.9658162243829591,0.26220575414123803,0.9678197908286403,0.4126221917338364,0.5407615982837222,7458.0,37290.0,5.0,1671.0,1672.0
0.9593666674429696,0.2636659516236408,0.9631180761956228,0.41399535423925665,0.5455732684859947,7402.0,37010.0,5.0,1672.0,1673.0
0.9655676811609621,0.26382136989975524,0.9680157460942306,0.4146380018969333,0.5444704145651371,8129.0,40645.0,5.0,1673.0,1674.0
0.971623571956861,0.26688486584160104,0.976303317535545,0.4191812364454202,0.5490770765777002,8018.0,40090.0,5.0,1674.0,1675.0
0.962185387040859,0.2635504162115334,0.9636413717118855,0.4139012126589766,0.5451498875269706,7261.0,36305.0,5.0,1675.0,1676.0
0.9798147479266461,0.26701942540573176,0.9833900078472404,0.4199972070939813,0.5473232191123899,7646.0,38230.0,5.0,1676.0,1677.0
0.9755905245106106,0.2643488685748539,0.9810901001112347,0.4164797544563806,0.5418057100482017,7192.0,35960.0,5.0,1677.0,1678.0
0.9785285973666382,0.2676420978307771,0.9824334053275738,0.42067945002774526,0.5490280777537797,6945.0,34725.0,5.0,1678.0,1679.0
0.972934568018439,0.2645107794361526,0.9746410021387106,0.41609600208700187,0.5440981770037682,6546.0,32730.0,5.0,1679.0,1680.0
0.9731369161762474,0.2646595366614142,0.9778273256534126,0.4165699208443272,0.5434989058177464,8073.0,40365.0,5.0,1680.0,1681.0
0.9796621845865944,0.26644370122630995,0.9841390879975599,0.41935274239667275,0.5457780489044787,6557.0,32785.0,5.0,1681.0,1682.0
0.9822561570901709,0.26753045832527556,0.9856084354516956,0.42083168557782985,0.5478531395459295,7018.0,35090.0,5.0,1682.0,1683.0
0.9612259892869438,0.2617137059583103,0.962516960651289,0.411530094271211,0.541214382632293,5896.0,29480.0,5.0,1683.0,1684.0
0.9764252728360059,0.265552353506244,0.9798667233801219,0.41786081383396817,0.5449690439056666,7053.0,35265.0,5.0,1684.0,1685.0
0.9747858470510414,0.2655254471482306,0.9739546670420949,0.4172874506137467,0.5466469566849688,7103.0,35515.0,5.0,1685.0,1686.0
0.9858020727335256,0.26742411395624893,0.9880952380952381,0.42092619778459894,0.5468880534670009,6384.0,31920.0,5.0,1686.0,1687.0
0.9592371650428004,0.26341579610031646,0.9761664564943253,0.4148779376691588,0.541088692728037,7930.0,39650.0,5.0,1687.0,1688.0
0.984161818258683,0.26626144616356173,0.9869787856620337,0.41938391719250256,0.5445257254328213,6835.0,34175.0,5.0,1688.0,1689.0
0.9771284332194117,0.2663774985467066,0.9847908745247148,0.4193298606222723,0.5454345070810602,6049.0,30245.0,5.0,1689.0,1690.0
0.9820195243761667,0.2667466429317751,0.9856999856999857,0.41986964731680576,0.5460222126888794,6993.0,34965.0,5.0,1690.0,1691.0
0.975148231152599,0.26416533740203896,0.9772931366260423,0.4159091529495264,0.5425058798375026,7795.0,38975.0,5.0,1691.0,1692.0
0.9816897493676787,0.26686418325685585,0.9837506659563132,0.4198379991473639,0.5468611259101402,7508.0,37540.0,5.0,1692.0,1693.0
0.9812601949731633,0.2641804052581887,0.9833738848337389,0.41647584153881384,0.5407317292962062,7398.0,36990.0,5.0,1693.0,1694.0
0.9679872750707633,0.26292429148324664,0.971632159182576,0.41385826771653544,0.5412969436228376,7438.0,37190.0,5.0,1694.0,1695.0
0.9841316557420953,0.2659648633575014,0.986042905143448,0.41893153242189646,0.5441113121392264,7738.0,38690.0,5.0,1695.0,1696.0
0.9713789591930181,0.26524701178966265,0.9730619574977551,0.4168616765507293,0.5462685822608001,6682.0,33410.0,5.0,1696.0,1697.0
0.9400481591778914,0.2578839737380261,0.9404684024597671,0.4047753125351954,0.5390117318679402,7643.0,38215.0,5.0,1697.0,1698.0
0.9852839098401736,0.2675761600064389,0.9879643387815751,0.42110263149561417,0.5472758791480932,6730.0,33650.0,5.0,1698.0,1699.0
0.9789935472704839,0.26653430399294065,0.9824361684826801,0.4193100576108836,0.5464845232287093,6149.0,30745.0,5.0,1699.0,1700.0
0.9760158202158292,0.26663399555170203,0.980726566833056,0.419277394113637,0.5472129783693843,7212.0,36060.0,5.0,1700.0,1701.0
0.9669676391083176,0.26275984953474557,0.9715959004392386,0.4136512388966807,0.5409224011713031,6830.0,34150.0,5.0,1701.0,1702.0
0.958971079410216,0.26226437185341295,0.9628886659979939,0.4122446475676339,0.5423890719778383,6979.0,34895.0,5.0,1702.0,1703.0
0.969635851988481,0.264564349339613,0.9696060037523452,0.4157014157014157,0.5457160725453408,7995.0,39975.0,5.0,1703.0,1704.0
0.9692864713646273,0.2661142430211234,0.9695619896065331,0.4176081858878704,0.5492864802441639,8082.0,40410.0,5.0,1704.0,1705.0
0.9793011024970273,0.2645516420574999,0.981103448275862,0.4167325775551454,0.5422758620689655,7250.0,36250.0,5.0,1705.0,1706.0
0.9768371875656446,0.2643393649709799,0.978978978978979,0.4162774286770389,0.5424108318845161,6327.0,31635.0,5.0,1706.0,1707.0
0.9719163776350598,0.26402885329373077,0.9741682974559687,0.4154565181104991,0.5431180691454665,7665.0,38325.0,5.0,1707.0,1708.0
0.9834431012377746,0.26874975496922415,0.9853385079775765,0.422313947757516,0.5507163049207033,6957.0,34785.0,5.0,1708.0,1709.0
0.9836451513927378,0.267846812449381,0.9855257556406982,0.42121542940320233,0.5486022420888321,7047.0,35235.0,5.0,1709.0,1710.0
0.9707787934300891,0.2645077720207254,0.9754333287839497,0.4161644393979096,0.5438560575042082,7327.0,36635.0,5.0,1710.0,1711.0
0.9711177266038195,0.26684892428384643,0.9755214368482039,0.419064804156426,0.5492226728466589,6904.0,34520.0,5.0,1711.0,1712.0
0.9857537901113156,0.2671361120156301,0.9876598946576374,0.4205299074103739,0.5463506395786305,6645.0,33225.0,5.0,1712.0,1713.0
0.9829854639255364,0.26378193909695485,0.9841658504733921,0.4160513422124077,0.5395581673740342,6126.0,30630.0,5.0,1713.0,1714.0
0.9705424560441613,0.2632300407078176,0.9705927400827079,0.4141424043394438,0.5423239904017971,6529.0,32645.0,5.0,1714.0,1715.0
0.9537999710403209,0.2597381541080621,0.9564179104477611,0.40853017117720186,0.5384328358208955,6700.0,33500.0,5.0,1715.0,1716.0
0.9705265963285583,0.2624916968041922,0.9738499452354874,0.4135224696238591,0.5396129974443228,7304.0,36520.0,5.0,1716.0,1717.0
0.9640557092959151,0.26372296400406026,0.968042419031241,0.41451890034364264,0.5442342600554122,6978.0,34890.0,5.0,1717.0,1718.0
0.964154923975364,0.2634591840111181,0.9667314230208839,0.4140728605975505,0.5440140845070423,8236.0,41180.0,5.0,1718.0,1719.0
0.9729590896814739,0.2647362978283351,0.9763282482903735,0.41652874014643587,0.5441215149921094,7604.0,38020.0,5.0,1719.0,1720.0
0.9797119487352096,0.2690104078380852,0.9855918519438579,0.42265899648449984,0.5512358713203329,8051.0,40255.0,5.0,1720.0,1721.0
0.9839555438685136,0.2664038790246625,0.9870750937055707,0.41956927810130756,0.5448278833311792,7737.0,38685.0,5.0,1721.0,1722.0
0.9808236436475154,0.26661918328584994,0.986674476497291,0.4198000062303355,0.545443451945136,6829.0,34145.0,5.0,1722.0,1723.0
0.9806125348957294,0.26712692511949016,0.9826960647502093,0.42006680983058936,0.5477718857568146,7166.0,35830.0,5.0,1723.0,1724.0
0.9799580277888967,0.26534263732331365,0.9825096064661455,0.41784064014425787,0.5437039000044168,7547.0,37735.0,5.0,1724.0,1725.0
0.973624714219197,0.26513737854706904,0.9739983453492495,0.41681207799104775,0.5457392743174566,8461.0,42305.0,5.0,1725.0,1726.0
0.969202429368372,0.26518123332810295,0.9728018419916534,0.4167565734718412,0.5461936969348108,6949.0,34745.0,5.0,1726.0,1727.0
0.9832414011978572,0.267821499857428,0.9862186638666491,0.42124737210932023,0.5483440521503259,7619.0,38095.0,5.0,1727.0,1728.0
0.9801120834339166,0.2647944262859109,0.9827613727055068,0.41718331808788156,0.5423516892790636,6265.0,31325.0,5.0,1728.0,1729.0
0.983580884104473,0.2663526551697941,0.9869106263194933,0.41949089168735604,0.5447572132301196,7105.0,35525.0,5.0,1729.0,1730.0
0.9709778011941315,0.2646111194365353,0.9732671902990216,0.4160947303307903,0.5447384134858297,7257.0,36285.0,5.0,1730.0,1731.0
0.9743626831324743,0.2662843649856637,0.9823295171727228,0.418991003423476,0.5459391073502572,8036.0,40180.0,5.0,1731.0,1732.0
0.9779867725754626,0.2683287795992714,0.9826292384658143,0.4215452485990223,0.5505373355567909,7196.0,35980.0,5.0,1732.0,1733.0
0.9777672407962565,0.265980434526382,0.9810172438776988,0.4184953946961736,0.5456214075254794,6901.0,34505.0,5.0,1733.0,1734.0
0.9795537193115201,0.26587769702043457,0.9824240719910011,0.4184960019166841,0.5449709411323584,7112.0,35560.0,5.0,1734.0,1735.0
0.9775560434188821,0.26696425222251396,0.9808434399117971,0.4196962995724606,0.5479373392135244,7256.0,36280.0,5.0,1735.0,1736.0
0.9839671219851945,0.26649539189299404,0.9873092612177066,0.4197039272984169,0.5449715465578889,6619.0,33095.0,5.0,1736.0,1737.0
0.9643751911316049,0.26385901354768104,0.9685552015514615,0.4147339699863574,0.5443967308491481,7219.0,36095.0,5.0,1737.0,1738.0
0.9512131710360889,0.26071677105080027,0.9517337736568017,0.40930816922950863,0.5421694398577417,7873.0,39365.0,5.0,1738.0,1739.0
0.9787193005011259,0.2669172932330827,0.98126024830171,0.4196764013424836,0.5477082845318966,8538.0,42690.0,5.0,1739.0,1740.0
0.9734228665927087,0.2648297848115678,0.9801938474504847,0.4169953388311223,0.5431942688579857,7119.0,35595.0,5.0,1740.0,1741.0
0.977088922996024,0.2656111836287844,0.9804165371464098,0.4179836331709903,0.5449435291679618,6434.0,32170.0,5.0,1741.0,1742.0
0.9528024588486258,0.26134603469640644,0.953652677688286,0.4102610862891705,0.5430502567001083,7077.0,35385.0,5.0,1742.0,1743.0
0.9233103582455124,0.2541789389129021,0.9222761970853574,0.3985246491543721,0.5360166551006246,7205.0,36025.0,5.0,1743.0,1744.0
0.9764430921433107,0.2659045568257386,0.9799276461664138,0.4183022815582345,0.5457657447387871,8569.0,42845.0,5.0,1744.0,1745.0
0.962611006216616,0.2614859717115506,0.9602238170538864,0.41103879198125487,0.5413777723715687,8221.0,41105.0,5.0,1745.0,1746.0
0.952299178266391,0.26005824979680303,0.9578395908694025,0.4090557997070182,0.5387509874849279,8017.0,40085.0,5.0,1746.0,1747.0
0.9491894925457323,0.2586609575710393,0.949964260185847,0.40660853602569985,0.5378842030021443,6995.0,34975.0,5.0,1747.0,1748.0
0.9751499488273225,0.2663763516256412,0.9777837984286102,0.4186896371704516,0.5474803576266595,7382.0,36910.0,5.0,1748.0,1749.0
0.9664101415501606,0.2649079941971444,0.9730753050063105,0.4164441110277569,0.5454821670639929,7131.0,35655.0,5.0,1749.0,1750.0
0.9772678371409286,0.26812596631133534,0.9815311289842121,0.4211939153777323,0.5503922152715719,6714.0,33570.0,5.0,1750.0,1751.0
0.9745559206015709,0.2632924920798504,0.9777462792345853,0.4148673843748121,0.540326009922041,7055.0,35275.0,5.0,1751.0,1752.0
0.986040345052628,0.26762402088772846,0.988788945378699,0.42123677560880796,0.5471472645895799,7671.0,38355.0,5.0,1752.0,1753.0
0.9714665842422189,0.2648601048713125,0.9748084855627578,0.4165433886248466,0.5448585739540366,6788.0,33940.0,5.0,1753.0,1754.0
0.9784803824298595,0.263558515699334,0.976939772110689,0.41512479105423944,0.5411918972689456,7372.0,36860.0,5.0,1754.0,1755.0
0.9465101215309111,0.26155391828533153,0.9503785830178475,0.41021301429822,0.5445285740039661,7396.0,36980.0,5.0,1755.0,1756.0
0.9657567322986167,0.2631655885685049,0.9685272360457297,0.41387436059543653,0.5427930957184488,7435.0,37175.0,5.0,1756.0,1757.0
0.9714294059176756,0.2645126871394752,0.9757687576875769,0.4162010440439653,0.5437679376793768,8130.0,40650.0,5.0,1757.0,1758.0
0.9671705687228065,0.2654270895812017,0.9730953304876472,0.41708709874147587,0.546673565299875,7731.0,38655.0,5.0,1758.0,1759.0
0.9508056404736357,0.26183484924443173,0.9566923982729295,0.41114453597233547,0.5432639888350996,7643.0,38215.0,5.0,1759.0,1760.0
0.9680854051186517,0.2660739975653842,0.9709247543410957,0.41768486884011813,0.5487952618118186,7429.0,37145.0,5.0,1760.0,1761.0
0.9534669469169198,0.26189795626697154,0.9603039434036421,0.41155498161197046,0.5423162583518931,7633.0,38165.0,5.0,1761.0,1762.0
0.9685874905939089,0.26249224084419615,0.9705924544541673,0.4132286927046752,0.5405967579974179,6971.0,34855.0,5.0,1762.0,1763.0
0.9751159592030871,0.2652356472942746,0.9785724627189808,0.4173510342698364,0.5446165725592395,6907.0,34535.0,5.0,1763.0,1764.0
0.9694333703129155,0.26375691391292017,0.9702621625146732,0.41476401549998604,0.5436502760749533,7667.0,38335.0,5.0,1764.0,1765.0
0.9736553417434074,0.26508289181336525,0.9779319041614124,0.4171036708350141,0.5444514501891551,7930.0,39650.0,5.0,1765.0,1766.0
0.9732476022052269,0.2642812056178002,0.9727021925366632,0.41563517915309445,0.5441411354726295,6887.0,34435.0,5.0,1766.0,1767.0
0.9744259769004556,0.2658004239616864,0.9766334919948074,0.41787268182800014,0.5464926198374922,6933.0,34665.0,5.0,1767.0,1768.0
0.9729833359443641,0.2625517812758906,0.9749269343177973,0.4136940700368787,0.5394298313080039,6501.0,32505.0,5.0,1768.0,1769.0
0.9796400294812424,0.2658128078817734,0.9804966686856451,0.41824053739826894,0.5453866343630123,8255.0,41275.0,5.0,1769.0,1770.0
0.985747812574035,0.26937075531874977,0.9897973252447263,0.42348985370457765,0.5508525207959925,7253.0,36265.0,5.0,1770.0,1771.0
0.9753114446101244,0.2653895824365045,0.9783126157101296,0.4175179186184322,0.5450498104557877,7562.0,37810.0,5.0,1771.0,1772.0
0.9791475247194331,0.2673157603102984,0.9828288707799767,0.4203124027630842,0.5481664726426076,6872.0,34360.0,5.0,1772.0,1773.0
0.9558930574020632,0.2624209575429088,0.9553676297862345,0.41174386231333837,0.5450238822331845,8514.0,42570.0,5.0,1773.0,1774.0
0.9707021171978569,0.2663220703531534,0.9762207527975585,0.41847914963205235,0.5478128179043744,7864.0,39320.0,5.0,1774.0,1775.0
0.9612345836919043,0.26287316379718845,0.965062336909249,0.41319595307553847,0.5431526046196965,6898.0,34490.0,5.0,1775.0,1776.0
0.9742469063427052,0.2667355813787695,0.9766379535369355,0.41902788666144025,0.5486383015748717,7662.0,38310.0,5.0,1776.0,1777.0
0.9815302532440705,0.26625181497614603,0.9837522992029429,0.4190799569035881,0.5454475781729,6524.0,32620.0,5.0,1777.0,1778.0
0.9812000998053587,0.2654468085106383,0.9832912988650694,0.41804047714783543,0.5437158469945356,6344.0,31720.0,5.0,1778.0,1779.0
0.9718574667248109,0.2651466949452103,0.9770743780122444,0.41710456807629215,0.5448525899874083,7677.0,38385.0,5.0,1779.0,1780.0
0.9804606065302862,0.267755219998555,0.9836761778367618,0.4209330720958628,0.5489272284892723,7535.0,37675.0,5.0,1780.0,1781.0
0.958712098705138,0.26229564976447767,0.9618950844658961,0.4121921349843516,0.5427621829882722,7873.0,39365.0,5.0,1781.0,1782.0
0.9786088166495752,0.26744392076260676,0.9796209761163032,0.420176488600618,0.5493899273104881,7704.0,38520.0,5.0,1782.0,1783.0
0.9721745215215196,0.2641400884542088,0.9740121983558738,0.4155800073543971,0.5434234950941395,7542.0,37710.0,5.0,1783.0,1784.0
0.9741330973025094,0.2665054010093006,0.9805125057541814,0.41909883911589163,0.5469796941332924,6517.0,32585.0,5.0,1784.0,1785.0
0.978898242341028,0.26550020431665367,0.9799808035102153,0.41780661756108967,0.5448146624617213,7293.0,36465.0,5.0,1785.0,1786.0
0.9652422302214053,0.26321211889953067,0.969501054111033,0.41402076706080065,0.5426095104239869,7115.0,35575.0,5.0,1786.0,1787.0
0.9656260784418482,0.263770655983976,0.9669573198715007,0.4144782138290548,0.5446688083218602,6537.0,32685.0,5.0,1787.0,1788.0
0.9654263850355627,0.2638218516893374,0.96470116325712,0.4143337066069429,0.5454606230779516,7479.0,37395.0,5.0,1788.0,1789.0
0.9668698427591516,0.26484224346613056,0.9651614832535885,0.4156337529377676,0.5476724481658692,6688.0,33440.0,5.0,1789.0,1790.0
0.9800967765068666,0.2686914356857349,0.9821556886227545,0.4219489606915003,0.551497005988024,8350.0,41750.0,5.0,1790.0,1791.0
0.9834663927975691,0.2660799836906663,0.9834233329147306,0.41883724661710436,0.5451463016451086,7963.0,39815.0,5.0,1791.0,1792.0
0.9825321846098686,0.26670872102192084,0.9848590729093873,0.41974634533766847,0.5461798276263685,8586.0,42930.0,5.0,1792.0,1793.0
0.983941397405728,0.26686039820462654,0.9874374534227617,0.42016806722689076,0.5457787714255297,9393.0,46965.0,5.0,1793.0,1794.0
0.9833491572997797,0.2691172979755163,0.9866965062787517,0.422892465096451,0.5511625015541465,8043.0,40215.0,5.0,1794.0,1795.0
0.984508356682206,0.2659742686695896,0.98640543782487,0.41897591214016816,0.5440268337109601,7503.0,37515.0,5.0,1795.0,1796.0
0.9715886187885441,0.2659713669950739,0.9742035522977164,0.41786081383396817,0.5475989098768913,7094.0,35470.0,5.0,1796.0,1797.0
0.9804640849537681,0.2654260142727595,0.9811980760822038,0.41782522343594836,0.5442841179614245,6861.0,34305.0,5.0,1797.0,1798.0
0.958190435999592,0.26152281086156975,0.9585544242076581,0.4109311118625311,0.5419714135474927,6973.0,34865.0,5.0,1798.0,1799.0
0.9611913969195809,0.15177259774509283,0.9634831460674157,0.2622364256334195,0.5071603677221654,8900.0,89000.0,10.0,70.0,71.0
0.9823841664999019,0.1551691681070628,0.9852222101488645,0.2681116565142823,0.5110092558750605,9203.0,92030.0,10.0,71.0,72.0
0.977704299280002,0.154436416444054,0.9799772468714448,0.26682360958384316,0.5104043851484125,8790.0,87900.0,10.0,72.0,73.0
0.9826564836174343,0.15552592699362186,0.9844890510948905,0.26861677298895287,0.5126285666887856,8768.0,87680.0,10.0,73.0,74.0
0.98207492701426,0.15538281782480284,0.9835644581407293,0.2683689056434547,0.5124714012233272,9735.0,97350.0,10.0,74.0,75.0
0.9779364605061138,0.15411084266783806,0.9799813780260708,0.26633769848801164,0.5091840189605553,8592.0,85920.0,10.0,75.0,76.0
0.98204437596824,0.15562831046419484,0.9841751285770803,0.26875776509354127,0.5131334444271277,7583.0,75830.0,10.0,76.0,77.0
0.98522308208425,0.1545445745813571,0.986286137879911,0.2672178613868014,0.5082440416020846,8094.0,80940.0,10.0,77.0,78.0
0.973091204715428,0.15355378183200305,0.974903474903475,0.26531818480330993,0.5091698841698842,8288.0,82880.0,10.0,78.0,79.0
0.9781564258409785,0.15549977997620484,0.9826964671953857,0.2685109616412912,0.513253869418253,9709.0,97090.0,10.0,79.0,80.0
0.9508274422880405,0.15076633789824737,0.9551584625758598,0.26042592308870843,0.5068146059380044,8898.0,88980.0,10.0,80.0,81.0
0.9639976842609803,0.15274335988823656,0.9701066863842822,0.263930798632066,0.508090304118613,9467.0,94670.0,10.0,81.0,82.0
0.9796999825083834,0.1544201629482982,0.9819634426824839,0.2668728307535407,0.5095354953725612,8261.0,82610.0,10.0,82.0,83.0
0.9847543020645732,0.15595976723573163,0.988399071925754,0.2694093564331719,0.5126611085824665,8189.0,81890.0,10.0,83.0,84.0
0.977524671728098,0.15346652396242122,0.9818665990362668,0.2654439492629414,0.5059829848062158,7886.0,78860.0,10.0,84.0,85.0
0.9813565725641515,0.1547777802068076,0.9837432263443101,0.26747261050245563,0.5101494309497644,7197.0,71970.0,10.0,85.0,86.0
0.9809811430462623,0.154133639985215,0.9823321554770318,0.26645840359253803,0.5083104305719147,7641.0,76410.0,10.0,86.0,87.0
0.9795762688249714,0.15359440992415363,0.9813506640293869,0.2656163362077207,0.5066788255542141,7078.0,70780.0,10.0,87.0,88.0
0.9856357150117162,0.1553125335048783,0.987861429350791,0.2684232957177534,0.5104771115409413,7332.0,73320.0,10.0,88.0,89.0
0.9830292683357197,0.15484648566353718,0.986661277283751,0.26768285996271524,0.5092231939442934,7422.0,74220.0,10.0,89.0,90.0
0.9751914072378147,0.1532562620423892,0.9769098501596659,0.26494786982445623,0.5072240459123288,8142.0,81420.0,10.0,90.0,91.0
0.9693555591605244,0.15369249634112575,0.9766243559130325,0.2655889540149353,0.5089857986678397,7957.0,79570.0,10.0,91.0,92.0
0.9684521879293934,0.15238818801607454,0.9694734164334775,0.26337704521501754,0.5070072385004972,7862.0,78620.0,10.0,92.0,93.0
0.9410108659874312,0.149640519369031,0.9452101220063263,0.2583763085569589,0.5067165098796369,8852.0,88520.0,10.0,93.0,94.0
0.9676239321506946,0.15215140920721107,0.9696290764251929,0.263029054749886,0.5060425011881322,8034.0,80340.0,10.0,94.0,95.0
0.9692884684281766,0.15111432223642526,0.9678452776459421,0.2614129825179868,0.5028152910212711,8428.0,84280.0,10.0,95.0,96.0
0.9651680524663658,0.15306661634270616,0.969983257593877,0.26440865823445037,0.5093605270596421,8362.0,83620.0,10.0,96.0,97.0
0.9705854466840403,0.15266882329154874,0.9739455694569844,0.26396098788736827,0.5062204659779792,7753.0,77530.0,10.0,97.0,98.0
0.9707172995399631,0.15423612614563037,0.977922672157401,0.2664484961820165,0.5104927102181736,8742.0,87420.0,10.0,98.0,99.0
0.9802042371813743,0.15521839266232978,0.9829836233367452,0.2681020344069512,0.5120963989950684,7816.0,78160.0,10.0,99.0,100.0
0.9667564553292761,0.15372589890568003,0.9748613242063023,0.2655735069528173,0.5098333744621955,8473.0,84730.0,10.0,100.0,101.0
0.9809697168008253,0.15519444603383495,0.9851089588377724,0.2681451945098944,0.5111490204710544,8260.0,82600.0,10.0,101.0,102.0
0.9714493950726838,0.15317428224828145,0.9741545583129742,0.2647238674284117,0.5080482074181444,7777.0,77770.0,10.0,102.0,103.0
0.9850057355274819,0.15454224938300623,0.9876079609463012,0.2672628423352472,0.5076980848666917,7989.0,79890.0,10.0,103.0,104.0
0.9711462759768763,0.15285185034401336,0.9722905606629548,0.2641735122869356,0.5075983190705449,7723.0,77230.0,10.0,104.0,105.0
0.9855235557796898,0.1558807489547355,0.9889001009081736,0.26931004023947397,0.5121679531366716,6937.0,69370.0,10.0,105.0,106.0
0.983624590501793,0.15519550934490017,0.9855522549284365,0.26816319782500875,0.5109739032234306,7406.0,74060.0,10.0,106.0,107.0
0.9785865150839876,0.1540741334080942,0.9806270711190416,0.26630669920218747,0.5087827034041665,7846.0,78460.0,10.0,107.0,108.0
0.9763850637260616,0.15317559153175592,0.9787326388888888,0.2648941793762359,0.5061684553872053,6912.0,69120.0,10.0,108.0,109.0
0.9778735296191067,0.1545159534799347,0.9815620998719591,0.2670010274628633,0.5100570364334769,7810.0,78100.0,10.0,109.0,110.0
0.9828618958520227,0.15449897750511246,0.9875816993464053,0.2671971706454465,0.5075460487225193,7650.0,76500.0,10.0,110.0,111.0
0.9754934805879202,0.1542611629914463,0.9832437163936476,0.2666824941918635,0.5084179294508168,7997.0,79970.0,10.0,111.0,112.0
0.81947544096536,0.1310695378219494,0.8087984768012827,0.22558240283969422,0.4951671236870155,9979.0,99790.0,10.0,112.0,113.0
0.9320848975215997,0.14932655933039712,0.9354321694333142,0.25754089576701233,0.5096841338398294,8735.0,87350.0,10.0,113.0,114.0
0.9631911552366222,0.15431657249123812,0.9819092046876777,0.26671611577271953,0.5091695197509283,8789.0,87890.0,10.0,114.0,115.0
0.9326200431391399,0.14800023607641005,0.9373286817842014,0.2556365428071427,0.5037605056294316,8026.0,80260.0,10.0,115.0,116.0
0.9560617106615066,0.1500729507017652,0.955514850189716,0.2594039711576031,0.5040024740404172,7643.0,76430.0,10.0,116.0,117.0
0.9576821526040502,0.15083892057773776,0.962947189097104,0.2608219178082192,0.5038136905683754,9392.0,93920.0,10.0,117.0,118.0
0.9717508856424354,0.15381983831181692,0.9761197440585009,0.2657603708139553,0.5096705168688715,8752.0,87520.0,10.0,118.0,119.0
0.967427205069453,0.1530934459335414,0.9699895312318251,0.2644489194031744,0.5094589021540283,8597.0,85970.0,10.0,119.0,120.0
0.9813892104087729,0.15358518246836603,0.9851782143277261,0.2657422538116165,0.5050742693372973,8501.0,85010.0,10.0,120.0,121.0
0.9847732060214137,0.15494647822940077,0.9880966840762784,0.26788507450399274,0.5090158232390711,8233.0,82330.0,10.0,121.0,122.0
0.9730374429556126,0.15286154300153082,0.977589054022175,0.2643826658372809,0.5054472538548972,8478.0,84780.0,10.0,122.0,123.0
0.9708946201795354,0.15249605480928372,0.9726279612127163,0.26365436124374053,0.5061093319347891,8147.0,81470.0,10.0,123.0,124.0
0.9828545476857234,0.15503246753246752,0.9860727578340737,0.2679389935568061,0.5101561903098702,8329.0,83290.0,10.0,124.0,125.0
0.9796372176895044,0.1543587864831388,0.981475318912923,0.26676314520019295,0.509504361417839,9015.0,90150.0,10.0,125.0,126.0
0.9838954061498757,0.15417098689791686,0.9870850935425468,0.26668840697864016,0.5065123168925221,8285.0,82850.0,10.0,126.0,127.0
0.9789226176401324,0.15376921571611837,0.9815405968077724,0.26588465298142716,0.5072613715223014,7205.0,72050.0,10.0,127.0,128.0
0.9751987034906437,0.1538948969246367,0.9770685262169774,0.265907556431452,0.5095639240737806,7457.0,74570.0,10.0,128.0,129.0
0.9625529062532967,0.15096458773784355,0.9660372040586246,0.26112296206003355,0.5029978476990878,7096.0,70960.0,10.0,129.0,130.0
0.9625743019743639,0.1515500628403854,0.9629974710501797,0.26188623242176895,0.5065159783647738,7513.0,75130.0,10.0,130.0,131.0
0.9857992226420839,0.1556641472381431,0.9875416485585977,0.26893640523907214,0.5119118169965627,6903.0,69030.0,10.0,131.0,132.0
0.9823250784832558,0.1550619114056505,0.9844982698961938,0.2679247415108198,0.5109027996225228,7225.0,72250.0,10.0,132.0,133.0
0.9824229964931577,0.15574694311536416,0.9846732992739984,0.26895323430585905,0.5133711408247574,7438.0,74380.0,10.0,133.0,134.0
0.9703453222514505,0.1525456970267514,0.976277143215765,0.2638622678313968,0.5047867909672855,7967.0,79670.0,10.0,134.0,135.0
0.9645170387297961,0.1521411528318473,0.9648261215821609,0.2628362742262077,0.5080000965320849,7534.0,75340.0,10.0,135.0,136.0
0.9455340182287061,0.14960661690538632,0.9487015479084048,0.25845574781744995,0.5050996080802912,7817.0,78170.0,10.0,136.0,137.0
0.9645852183390606,0.15316908735278206,0.9655036726128017,0.2643942387126899,0.5115901936468568,7624.0,76240.0,10.0,137.0,138.0
0.9745346664280976,0.15297896326547977,0.9834541227950225,0.2647719324080551,0.5034745099014208,7313.0,73130.0,10.0,138.0,139.0
0.9730867076690226,0.1527740607308286,0.972990690966304,0.26408312871428063,0.507014553559722,7627.0,76270.0,10.0,139.0,140.0
0.9741393236355506,0.15308590053622123,0.9766568285484304,0.2646839608064135,0.506683415859697,7454.0,74540.0,10.0,140.0,141.0
0.9818362633864106,0.15425084628819077,0.9830974302597224,0.26666169673475476,0.5084387922095769,7277.0,72770.0,10.0,141.0,142.0
0.9724158789631923,0.15396341463414634,0.9790816326530613,0.2660843039378813,0.5089981447124304,7840.0,78400.0,10.0,142.0,143.0
0.9723879312065623,0.15331676920649945,0.9759005899334756,0.2650011077216721,0.5078676814587446,7967.0,79670.0,10.0,143.0,144.0
0.9635062649303076,0.15133659097441793,0.9683394640042039,0.26176355694449377,0.5034634309463526,7612.0,76120.0,10.0,144.0,145.0
0.9755333763444131,0.1535840188014101,0.9779274223718668,0.2654750418930584,0.5080433969322858,8019.0,80190.0,10.0,145.0,146.0
0.9736826792337876,0.1531255549635944,0.9755338707396408,0.26470193211688636,0.5072961263033389,7071.0,70710.0,10.0,146.0,147.0
0.9763182967728339,0.1527505009026166,0.9797684183738389,0.2642960115329169,0.5041238186676538,7859.0,78590.0,10.0,147.0,148.0
0.9710184525170513,0.15210019442058145,0.9749311693957398,0.2631465727974968,0.5036424233642028,6901.0,69010.0,10.0,148.0,149.0
0.9806136020715284,0.15531346267621438,0.9842275371687136,0.26829010431350436,0.511946876652759,7735.0,77350.0,10.0,149.0,150.0
0.9734053795621055,0.15460036767924362,0.9785017730496454,0.26701341114924626,0.5116154900064475,9024.0,90240.0,10.0,150.0,151.0
0.9718567958363733,0.15398824183681575,0.9785434810046699,0.26610149130785465,0.5093112113180269,7923.0,79230.0,10.0,151.0,152.0
0.9860140385549414,0.15499710119074164,0.9891845737868222,0.26800069400266036,0.5087648938509903,7027.0,70270.0,10.0,152.0,153.0
0.9524081758458871,0.15081280840792088,0.9548282391127941,0.26048296345490435,0.5071310890894337,7394.0,73940.0,10.0,153.0,154.0
0.9755270849505989,0.15422599452663308,0.9779929577464789,0.2664359861591695,0.510426193524785,7952.0,79520.0,10.0,154.0,155.0
0.9785845944295574,0.15501717444767382,0.982101467937162,0.267769059279934,0.5117060379743872,7766.0,77660.0,10.0,155.0,156.0
0.975287050826348,0.15354357719486816,0.9812920198772289,0.26553817556210324,0.5065105896734076,6842.0,68420.0,10.0,156.0,157.0
0.980976296798765,0.15359750754551652,0.9839091929649495,0.2657144782052146,0.505641421071133,8017.0,80170.0,10.0,157.0,158.0
0.9822084402388912,0.1545159729812051,0.9835766423357665,0.2670754556293647,0.5092381386861314,8768.0,87680.0,10.0,158.0,159.0
0.9830306853541654,0.15483404355135072,0.9853215574076377,0.26761491291788436,0.5097196621017992,8039.0,80390.0,10.0,159.0,160.0
0.9690726152388911,0.1521057347670251,0.9746411483253589,0.26314429660250616,0.5037842540234885,8360.0,83600.0,10.0,160.0,161.0
0.9772298246986365,0.15333229462859813,0.978498632861049,0.26511988146551724,0.5068582920931914,8046.0,80460.0,10.0,161.0,162.0
0.985818239281738,0.15612414557546647,0.9895784543325526,0.26969842029679275,0.5127954013199915,8540.0,85400.0,10.0,162.0,163.0
0.9737051053505864,0.1533987036729267,0.9761457109283196,0.2651325343504141,0.5080760602499733,8510.0,85100.0,10.0,163.0,164.0
0.9720837213449011,0.15327766580286015,0.9775954946131243,0.2650050611486318,0.5070229721307097,8168.0,81680.0,10.0,164.0,165.0
0.9734197987085705,0.15300482412452882,0.9757130402291693,0.26452811075468513,0.5067652487007326,8029.0,80290.0,10.0,165.0,166.0
0.9674421847201604,0.15251639911043002,0.97143197238424,0.2636407688580197,0.5066821049442166,8401.0,84010.0,10.0,166.0,167.0
0.9704915280088681,0.15207060420909707,0.9745550428477258,0.2630885859700324,0.5036855036855037,7585.0,75850.0,10.0,167.0,168.0
0.9728395242233538,0.15344045136759474,0.9767078724788549,0.26521562461353637,0.5080026024723487,7685.0,76850.0,10.0,168.0,169.0
0.9810296707605293,0.1549412444615681,0.9862660944206009,0.2678098726379755,0.5097374728276016,8155.0,81550.0,10.0,169.0,170.0
0.9616473040417877,0.15221728107726196,0.9640694919715714,0.26292175161521897,0.5086027423484649,7598.0,75980.0,10.0,170.0,171.0
0.9754816763041091,0.15319501712590267,0.9789488359124494,0.2649311450669685,0.5061531247227609,7173.0,71730.0,10.0,171.0,172.0
0.9610354373949387,0.15193311547765564,0.9669142471303174,0.26260292310795696,0.5063409244368056,7405.0,74050.0,10.0,172.0,173.0
0.9728259081345588,0.15274881306296312,0.9739708586787381,0.26408146826994994,0.5065137154541597,7069.0,70690.0,10.0,173.0,174.0
0.9662911942958559,0.15251324942033787,0.9690870823467509,0.2635495295674883,0.5076415297409772,7602.0,76020.0,10.0,174.0,175.0
0.9675164644986006,0.15317730876776345,0.9672269923811827,0.2644710083825207,0.5109115095812399,8269.0,82690.0,10.0,175.0,176.0
0.9758504998238496,0.15503274218267948,0.9777805674114989,0.2676310409400931,0.5135119713327094,7966.0,79660.0,10.0,176.0,177.0
0.9775582881627242,0.15477506242580538,0.9810586403736378,0.26736909097337624,0.511228003962825,7708.0,77080.0,10.0,177.0,178.0
0.9770110092702017,0.15335615727772592,0.9795891318754142,0.2651955507714388,0.5065003915898548,7545.0,75450.0,10.0,178.0,179.0
0.9782194320351705,0.1547822289276214,0.9831042743664102,0.26745562130177514,0.5104251441409429,7931.0,79310.0,10.0,179.0,180.0
0.9799124916131363,0.15399737876802097,0.982989403234802,0.26627889409276323,0.5075292805354155,7172.0,71720.0,10.0,180.0,181.0
0.9774060109602144,0.15480354498830498,0.9817637452367991,0.2674377652968544,0.511048151630623,7348.0,73480.0,10.0,181.0,182.0
0.9742814536617187,0.15367427039210352,0.9792001980933515,0.2656567522630704,0.5078618298873344,8077.0,80770.0,10.0,182.0,183.0
0.9684143153654516,0.15326744074465024,0.970470288005833,0.26472635661484406,0.5099150454600692,8229.0,82290.0,10.0,183.0,184.0
0.9513969884863487,0.1512654611144906,0.9616781905543186,0.2614125067694562,0.5059821228812205,8533.0,85330.0,10.0,184.0,185.0
0.9705444883217256,0.15280619051854488,0.970758581720582,0.26404872144627384,0.5080584057840732,7079.0,70790.0,10.0,185.0,186.0
0.9693035949468118,0.1532450746151737,0.9710846363862,0.26471583220568334,0.50957828470859,8058.0,80580.0,10.0,186.0,187.0
0.9667125929595991,0.15243914191546365,0.9698344573881055,0.2634664712348846,0.507050889025138,8155.0,81550.0,10.0,187.0,188.0
0.975301171938413,0.15419047272462608,0.981696014828545,0.26651989306494733,0.5087833852894094,8632.0,86320.0,10.0,188.0,189.0
0.9616760087859303,0.15222077605141138,0.9644375724777735,0.26294064953541885,0.5084630612268803,7761.0,77610.0,10.0,189.0,190.0
0.9805138335018165,0.15321288226383614,0.9847608296881615,0.2651696493027851,0.503829033954616,7087.0,70870.0,10.0,190.0,191.0
0.9762092932965531,0.15357176738449863,0.9788366186963358,0.26549020894151604,0.5076243142514759,8269.0,82690.0,10.0,191.0,192.0
0.9491233269312852,0.1509430403621275,0.9563814531548758,0.2607349970678308,0.506974621936381,8368.0,83680.0,10.0,192.0,193.0
0.9736211238018935,0.15356885364095169,0.9779364876928963,0.2654527201287799,0.5079825161447403,7841.0,78410.0,10.0,193.0,194.0
0.9708332440620977,0.15245743520925942,0.9776791717090224,0.2637813129206044,0.5038688620778173,7437.0,74370.0,10.0,194.0,195.0
0.9787584677759885,0.15364366548923436,0.9835805847616305,0.2657715508853863,0.5059510560014665,6943.0,69430.0,10.0,195.0,196.0
0.9728107100001444,0.1531418562528612,0.9751584283903676,0.264712459789097,0.5075123862196106,7890.0,78900.0,10.0,196.0,197.0
0.9820820593844689,0.15517742029153841,0.9846456209310895,0.2681026121274959,0.5112729059418655,8141.0,81410.0,10.0,197.0,198.0
0.9860793802868024,0.15637316940878684,0.9918577981651376,0.2701546150242074,0.5128023352793994,8720.0,87200.0,10.0,198.0,199.0
0.9696087394030706,0.15343034488428495,0.9726384364820847,0.2650499742583749,0.509635771394729,7675.0,76750.0,10.0,199.0,200.0
0.9793849857722358,0.15373064289066166,0.9850853981236468,0.26595658315608306,0.5056640496861811,8314.0,83140.0,10.0,200.0,201.0
0.965265738554234,0.15351025718716024,0.9700416713593873,0.2650724771489244,0.5110014436515169,8879.0,88790.0,10.0,201.0,202.0
0.9749436210253704,0.15342078189300412,0.9772966647162084,0.2652079330549248,0.507686579073355,8545.0,85450.0,10.0,202.0,203.0
0.9812264557208221,0.15377693988602767,0.982749178532311,0.2659404986847468,0.5067957781539381,7304.0,73040.0,10.0,203.0,204.0
0.9689536787694761,0.15310111960191933,0.9760933605257195,0.26468600221211747,0.5069731990194261,8826.0,88260.0,10.0,204.0,205.0
0.9789338194241468,0.15340930819534207,0.9810467106872096,0.2653283947351015,0.5061028479957314,8178.0,81780.0,10.0,205.0,206.0
0.9762463312925904,0.15374849512969246,0.9788182831661093,0.2657535801441516,0.5082978615587311,7176.0,71760.0,10.0,206.0,207.0
0.9855852045479112,0.15513507127667953,0.9879623824451411,0.26816193863485527,0.5097748646337988,7975.0,79750.0,10.0,207.0,208.0
0.9747908781834327,0.15429676603499898,0.9788815478999529,0.26657456344680236,0.510328628426788,8476.0,84760.0,10.0,208.0,209.0
0.9720463092863829,0.15418572919174894,0.9811031664964249,0.2664909481861691,0.509007335871483,7832.0,78320.0,10.0,209.0,210.0
0.971304322705469,0.15271782221830676,0.9777213761985336,0.26417250838159095,0.5048454083987078,7092.0,70920.0,10.0,210.0,211.0
0.9688238342652971,0.15246690255635512,0.9702719797596457,0.26352407620552815,0.506974872060261,7905.0,79050.0,10.0,211.0,212.0
0.9651999848721509,0.1526607646658235,0.966375169355832,0.26366905265987833,0.5093215689348218,8119.0,81190.0,10.0,212.0,213.0
0.9790984609786263,0.15572594880847307,0.9872930753089298,0.26901940853213047,0.5122406155280951,8578.0,85780.0,10.0,213.0,214.0
0.9721977307004073,0.15278824415975886,0.9726553130247062,0.26409196001172297,0.5072068732418936,8338.0,83380.0,10.0,214.0,215.0
0.9601826627630534,0.15147944247021783,0.9648176380907705,0.2618479264139533,0.5054852500613026,8527.0,85270.0,10.0,215.0,216.0
0.9838770385425509,0.1558997526083683,0.9880027266530333,0.26930509104422146,0.5125983764020574,7335.0,73350.0,10.0,216.0,217.0
0.9797089971699422,0.15448736289938006,0.9851599562097069,0.26709098703954093,0.508487133836848,8221.0,82210.0,10.0,217.0,218.0
0.9806749552930492,0.15425002646342753,0.9840626688276607,0.26669594977946154,0.5080423358381219,7404.0,74040.0,10.0,218.0,219.0
0.9705374209541208,0.1535092669932501,0.9725400457665904,0.2651640702684786,0.5099724360307885,6992.0,69920.0,10.0,219.0,220.0
0.9678122303974341,0.15181806556119187,0.9704359673024523,0.26256035976261566,0.5044339856328958,7340.0,73400.0,10.0,220.0,221.0
0.9768410877071957,0.15320630051324405,0.9790148278461925,0.26495043444253624,0.5061687495716146,7958.0,79580.0,10.0,221.0,222.0
0.967416698587307,0.15205827937095281,0.9713399320431378,0.2629526685196665,0.5049758927732041,6769.0,67690.0,10.0,222.0,223.0
0.9708113930780706,0.15303601085591606,0.9743391360412637,0.2645241471056731,0.5074497391712092,7755.0,77550.0,10.0,223.0,224.0
0.9746901063433222,0.15270460133473832,0.9766919404661611,0.2641151232106922,0.5052206989864951,7122.0,71220.0,10.0,224.0,225.0
0.9760388602969556,0.15351219935747157,0.9796370688461006,0.2654305928275189,0.5070709869158407,7219.0,72190.0,10.0,225.0,226.0
0.9700880992831334,0.15271447527837073,0.9691237490846961,0.2638512783878524,0.508387511926687,8194.0,81940.0,10.0,226.0,227.0
0.9732688046564253,0.15300340007555724,0.9747292418772563,0.26448979591836735,0.5071655179958429,7479.0,74790.0,10.0,227.0,228.0
0.9882710650997499,0.1542574550373016,0.9900976668475312,0.2669275357018779,0.5056109110639767,7372.0,73720.0,10.0,228.0,229.0
0.9675774059364868,0.1521729577712352,0.9753555837206027,0.26327093034305804,0.5037446710450513,7101.0,71010.0,10.0,229.0,230.0
0.9730024236798931,0.1540258766999493,0.9752965806001396,0.2660372330300377,0.5107784051259278,7165.0,71650.0,10.0,230.0,231.0
0.9749437813399274,0.15324084993245995,0.9774343544857768,0.2649441159570722,0.5069499701611299,7312.0,73120.0,10.0,231.0,232.0
0.9658092004684897,0.15242618053693846,0.9682520374650286,0.26338864715517096,0.5076577722241267,8221.0,82210.0,10.0,232.0,233.0
0.897475253381698,0.14353621204342784,0.8989045010716837,0.2475447197127445,0.5032042261144428,8398.0,83980.0,10.0,233.0,234.0
0.981497404530904,0.15499867679091262,0.9843568196509372,0.2678251081641985,0.510724569548099,7735.0,77350.0,10.0,234.0,235.0
0.9771605657120986,0.15309879959223585,0.9804156674660272,0.26484083997624747,0.5051837318024368,7506.0,75060.0,10.0,235.0,236.0
0.9623882519255165,0.15241859266259988,0.9686049686049686,0.2633903715526521,0.5074826893008711,7326.0,73260.0,10.0,236.0,237.0
0.9764844998947798,0.15392480073446563,0.9798113959357152,0.2660535569380579,0.5085548002270011,7529.0,75290.0,10.0,237.0,238.0
0.9730851063958992,0.15372412458889534,0.9790537210448497,0.2657258469049928,0.5081096823334379,8116.0,81160.0,10.0,238.0,239.0
0.9820862953316236,0.1552062504628601,0.9842667605964541,0.26813158694365813,0.5115330835654893,8517.0,85170.0,10.0,239.0,240.0
0.9726031759055986,0.1532972633890065,0.9772556860784803,0.2650218592198461,0.5072368271568471,8002.0,80020.0,10.0,240.0,241.0
0.9756225623640051,0.1539066493649483,0.9761815687741614,0.265892223297838,0.5099706379167659,8019.0,80190.0,10.0,241.0,242.0
0.9759936361107905,0.1528651480344376,0.9793672627235214,0.2644529871673445,0.5047267725397024,7270.0,72700.0,10.0,242.0,243.0
0.9768625789050649,0.15377475247524752,0.9794627113369982,0.2658165491421413,0.5081328794636543,9641.0,96410.0,10.0,243.0,244.0
0.9590335076610109,0.15126171002193387,0.9628131524008351,0.2614487926727727,0.5054920288479787,7664.0,76640.0,10.0,244.0,245.0
0.9694480345044927,0.15325250309713845,0.9715462855671431,0.2647440620285584,0.509416295047813,7767.0,77670.0,10.0,245.0,246.0
0.9767576538104877,0.15357083402696853,0.980600584639915,0.2655535964880717,0.506897301476095,7526.0,75260.0,10.0,246.0,247.0
0.9834035777282591,0.15433638666926525,0.9860540405927033,0.26689809743684806,0.5075559479743268,8031.0,80310.0,10.0,247.0,248.0
0.9802637223525276,0.15409988746167877,0.9807359841936281,0.26634918505600647,0.5088349536361391,8098.0,80980.0,10.0,248.0,249.0
0.9851326693052592,0.1549697042654789,0.9883557261676263,0.26792930606864734,0.5089978479613796,7815.0,78150.0,10.0,249.0,250.0
0.9664479134863866,0.153227330966834,0.9671218348137346,0.2645416304032492,0.5111421787810493,7543.0,75430.0,10.0,250.0,251.0
0.9753084722460903,0.1522024175373899,0.9787878787878788,0.26343971631205676,0.5024314289136423,7590.0,75900.0,10.0,251.0,252.0
0.9666809591863955,0.15189561792220582,0.9698485281509003,0.2626547987616099,0.5049754475304632,6998.0,69980.0,10.0,252.0,253.0
0.9671070454527821,0.15044971381847916,0.973816155988858,0.26063294442166474,0.4977209420106356,7180.0,71800.0,10.0,253.0,254.0
0.9728964729423386,0.1521218571238526,0.9766548042704626,0.26324169816026244,0.5030087350372048,7025.0,70250.0,10.0,254.0,255.0
0.977649627991232,0.15393909094696495,0.9828434632264929,0.26618640252138676,0.5073692101222358,7519.0,75190.0,10.0,255.0,256.0
0.9780111310638611,0.1545795719647023,0.9813264649066323,0.26708727655099895,0.5103904466428614,7765.0,77650.0,10.0,256.0,257.0
0.9674186191496025,0.1520406605152368,0.9721059972105998,0.262954369682908,0.504589831368074,7170.0,71700.0,10.0,257.0,258.0
0.9772593836485467,0.15392705303199822,0.9831356295555238,0.2661791166057229,0.5072043862954253,6997.0,69970.0,10.0,258.0,259.0
0.9623840506557224,0.1520191444810051,0.9659148504815003,0.2626944879990351,0.5070842740634935,7892.0,78920.0,10.0,259.0,260.0
0.9692343012696543,0.1530555076710912,0.9732803507810359,0.26451420697873607,0.5079598395575375,7298.0,72980.0,10.0,260.0,261.0
0.9813556337691975,0.153436611824987,0.9835771105978958,0.2654615970635086,0.5051671448900086,7794.0,77940.0,10.0,261.0,262.0
0.9649235663861141,0.15181830738570218,0.9670688788335847,0.2624371109405645,0.5058389323095206,7956.0,79560.0,10.0,262.0,263.0
0.9739463131873012,0.15369426631814506,0.9768136727620413,0.2655985961263486,0.5089148929234981,8367.0,83670.0,10.0,263.0,264.0
0.9738058223975721,0.15425427392415011,0.9786674054578196,0.26650320633723124,0.5102570237630495,7219.0,72190.0,10.0,264.0,265.0
0.974819889488503,0.15257321821567632,0.9789545145960624,0.2640010252467,0.5037832500154292,7365.0,73650.0,10.0,265.0,266.0
0.9817540793826146,0.15352135300732037,0.9842577607768133,0.2656132131655219,0.505209517567911,6797.0,67970.0,10.0,266.0,267.0
0.9588042422702703,0.15100339732954096,0.9647905098435133,0.2611354010110671,0.503671240420357,7924.0,79240.0,10.0,267.0,268.0
0.980915129293088,0.1537595395971475,0.9858288770053476,0.26602691294779757,0.5054691298006806,7480.0,74800.0,10.0,268.0,269.0
0.9709074515963513,0.15302278668615302,0.9764875870221988,0.2645834074812258,0.5065139772876539,7613.0,76130.0,10.0,269.0,270.0
0.9781229798592742,0.15321827211486452,0.980182447310475,0.2650110563020922,0.5057336498041122,6358.0,63580.0,10.0,270.0,271.0
0.978489878366849,0.1546739726027397,0.9804112253403723,0.2671942146413494,0.5111141983884412,7198.0,71980.0,10.0,271.0,272.0
0.9815672033196897,0.15424684661414612,0.9836650652024709,0.26667659043968517,0.5081924252823361,7285.0,72850.0,10.0,272.0,273.0
0.9744245790321526,0.15277912268809915,0.9757266542980829,0.2641912257200268,0.5059031877213696,6468.0,64680.0,10.0,273.0,274.0
0.9616974787857316,0.1510397665085735,0.9631859860407828,0.2611308993766696,0.5044851139007428,7307.0,73070.0,10.0,274.0,275.0
0.9647379541000031,0.15257081042894674,0.9701010668163953,0.26367295549493525,0.5074396406513195,7124.0,71240.0,10.0,275.0,276.0
0.972857079020877,0.1532731051797584,0.9743589743589743,0.2648789942564504,0.5083369011940441,7644.0,76440.0,10.0,276.0,277.0
0.9829080354001444,0.1537645378494185,0.9845832244577999,0.265988987717069,0.5059980521177281,7654.0,76540.0,10.0,277.0,278.0
0.9792570704647761,0.1546458345949656,0.9815502882767457,0.26719447544642855,0.5105468522508881,7805.0,78050.0,10.0,278.0,279.0
0.9784379937746223,0.152607414513808,0.9804813619019666,0.264107682881031,0.5032820129679537,6814.0,68140.0,10.0,279.0,280.0
0.9763160189028383,0.153207899964941,0.9771914132379249,0.26488594346675287,0.5069252452973383,6708.0,67080.0,10.0,280.0,281.0
0.9745349104949415,0.15362704583129042,0.9762611275964391,0.2654777995198806,0.5088885891556515,6740.0,67400.0,10.0,281.0,282.0
0.9727534946200207,0.15252466885945418,0.9714083510261854,0.2636522540865523,0.5067232837933475,7065.0,70650.0,10.0,282.0,283.0
0.9816356829336528,0.15351570325194203,0.9844419069369112,0.2656114609208018,0.5051125009731918,7006.0,70060.0,10.0,283.0,284.0
0.9636600729600127,0.15250493096646942,0.9703815261044176,0.263584918524579,0.507073749543629,7968.0,79680.0,10.0,284.0,285.0
0.9688539055891693,0.1519740757886383,0.9731789949181253,0.2628939691498084,0.5038884040860325,7084.0,70840.0,10.0,285.0,286.0
0.9798139422716113,0.1546812262327123,0.981134617976014,0.26723188724950453,0.5108475946637919,7421.0,74210.0,10.0,286.0,287.0
0.9826300768607792,0.15489598241138283,0.9873083024854574,0.2677806264230776,0.5091461948944762,7564.0,75640.0,10.0,287.0,288.0
0.9880441721820943,0.15626456423799906,0.9900344488188977,0.269924862471488,0.5131308160343594,8128.0,81280.0,10.0,288.0,289.0
0.9761172084261639,0.15281659646498444,0.977464434092912,0.2643108818873513,0.5053277328236412,7943.0,79430.0,10.0,289.0,290.0
0.9739456409071474,0.15322212645135122,0.9750483975048397,0.26482831144931135,0.5078609280588201,9298.0,92980.0,10.0,290.0,291.0
0.9662526092202688,0.1520867339741652,0.9696775022484903,0.26293418806396546,0.5057759919638373,7783.0,77830.0,10.0,291.0,292.0
0.9732142526376482,0.15214164318137813,0.9762562120375483,0.2632568354830904,0.5032503388384117,7244.0,72440.0,10.0,292.0,293.0
0.9817463415978752,0.15514140009272137,0.9841195153511352,0.26802934674654794,0.5113516056934478,8501.0,85010.0,10.0,293.0,294.0
0.9649733569791263,0.1513831453005179,0.963952447910009,0.26167218973923,0.5054791814346972,7823.0,78230.0,10.0,294.0,295.0
0.9818580661750053,0.15348997786397514,0.9843709299296692,0.2655703719320438,0.5050439271590613,7678.0,76780.0,10.0,295.0,296.0
0.9845186218291897,0.153546628593679,0.9878914405010438,0.26578297011907437,0.5038147656101727,7185.0,71850.0,10.0,296.0,297.0
0.9744941775369711,0.1537992899308838,0.9783509287718829,0.26581221407305206,0.5086802813650335,7483.0,74830.0,10.0,297.0,298.0
0.9788508457990217,0.15342105263157896,0.9831365935919055,0.26542226269064423,0.5052889774643569,6523.0,65230.0,10.0,298.0,299.0
0.9799962391730538,0.1532227026782278,0.983435047951177,0.26513623097565275,0.5044120366701011,6882.0,68820.0,10.0,299.0,300.0
0.978683921983471,0.15369202395318654,0.9818181818181818,0.2657794227664685,0.5068561983471075,6875.0,68750.0,10.0,300.0,301.0
0.9640310227010467,0.1510178690177403,0.9646478487256782,0.26115181303904295,0.5037868407284686,7298.0,72980.0,10.0,301.0,302.0
0.9727094032256174,0.15363122794852446,0.9745148771021992,0.2654193752972887,0.5096201340703281,7730.0,77300.0,10.0,302.0,303.0
0.9856291427407099,0.1557466672273855,0.9911682055399438,0.2691937271719576,0.5107599479337737,7473.0,74730.0,10.0,303.0,304.0
0.968988271729361,0.15221978567586578,0.9736667989943099,0.26327936309151084,0.5046254526206888,7557.0,75570.0,10.0,304.0,305.0
0.9764481525388524,0.1536507536633497,0.9800482056775576,0.2656527893724366,0.5074256220480109,7468.0,74680.0,10.0,305.0,306.0
0.9631470243607413,0.15289223765795462,0.9636408607469701,0.2639119390347163,0.5113214759517011,8086.0,80860.0,10.0,306.0,307.0
0.9624302949394803,0.1522919348519617,0.9667219327333018,0.26313159803368524,0.5077839025020455,8444.0,84440.0,10.0,307.0,308.0
0.9728787035529707,0.1539337185076999,0.9776292456690765,0.26598626832436445,0.5094802891829219,7331.0,73310.0,10.0,308.0,309.0
0.9777072250778212,0.15387897926090296,0.9794920548689393,0.26597333628367537,0.508513081377403,7363.0,73630.0,10.0,309.0,310.0
0.9669640808415798,0.15199819000802156,0.9727524022640516,0.2629144727479721,0.504158340014599,7597.0,75970.0,10.0,310.0,311.0
0.9744367609528767,0.15380369428509472,0.978061928043124,0.2658081221041156,0.5088151161863084,7977.0,79770.0,10.0,311.0,312.0
0.977597867132705,0.15390356769667116,0.9809705042816366,0.26606451612903226,0.5080010379724937,7357.0,73570.0,10.0,312.0,313.0
0.9727983867460939,0.15145866929150348,0.9761101363206911,0.26222850719750534,0.5006809899507969,7409.0,74090.0,10.0,313.0,314.0
0.9639818680288313,0.15196544455007646,0.9678820587073845,0.26268688709072396,0.5060610049421422,7597.0,75970.0,10.0,314.0,315.0
0.9804116259742593,0.15550849045994677,0.9830568720379147,0.26853739845292424,0.5131408875484705,8440.0,84400.0,10.0,315.0,316.0
0.967240167150692,0.15166310649984743,0.970703125,0.2623383478490367,0.5037286931818182,7168.0,71680.0,10.0,316.0,317.0
0.9833297517474012,0.15372476212578323,0.9865951742627346,0.2660027307043611,0.5050234245944701,6714.0,67140.0,10.0,317.0,318.0
0.9778469120507784,0.15392991702419584,0.9824854045037531,0.26615955263504737,0.5074809816261026,7194.0,71940.0,10.0,318.0,319.0
0.9815732862161214,0.15464189903259898,0.985238896801761,0.2673248195056827,0.5090344072604852,7723.0,77230.0,10.0,319.0,320.0
0.9758416371318783,0.1546153999085469,0.9768873257128502,0.2669756265018881,0.5123271402633292,7961.0,79610.0,10.0,320.0,321.0
0.978184800844865,0.15475728155339805,0.980319803198032,0.2673151098440382,0.5114614782511462,7317.0,73170.0,10.0,321.0,322.0
0.9844416017815782,0.15491931285788652,0.9876543209876543,0.26782821555851544,0.5090933227133944,7533.0,75330.0,10.0,322.0,323.0
0.9741851768502602,0.1535592522252477,0.9789934354485776,0.26547727362633017,0.5075127644055434,6855.0,68550.0,10.0,323.0,324.0
0.9661348630643343,0.15443359335012183,0.980246913580247,0.2668293890834483,0.5102841278279875,7695.0,76950.0,10.0,324.0,325.0
0.9702255941049075,0.15152330351738516,0.9734984876854386,0.26223084384093115,0.5020229662315217,6943.0,69430.0,10.0,325.0,326.0
0.975549823474484,0.15294419719274222,0.9789098877019995,0.2645545727080943,0.5052165035731182,7302.0,73020.0,10.0,326.0,327.0
0.9804026338514681,0.15386349292218915,0.9824409902130109,0.2660586217648893,0.5072486523263725,6948.0,69480.0,10.0,327.0,328.0
0.9765312997327927,0.15245521703442616,0.9769492574257426,0.26375140959779475,0.5041629162916291,6464.0,64640.0,10.0,328.0,329.0
0.9730466036562003,0.15408479834539815,0.9766489143793528,0.2661754033383576,0.5104465383039738,7323.0,73230.0,10.0,329.0,330.0
0.9839570508332696,0.15470774347012772,0.9858719646799117,0.2674465027147876,0.5090240149842798,6795.0,67950.0,10.0,330.0,331.0
0.9426369877089147,0.1487858913334357,0.9444444444444444,0.257073013587008,0.5037467405888458,7182.0,71820.0,10.0,331.0,332.0
0.9650386738890291,0.1520079654829074,0.9670097651095276,0.2627182447208977,0.5065860505290434,7578.0,75780.0,10.0,332.0,333.0
0.9702277247044658,0.15312700106723587,0.9734056987788331,0.2646255994098119,0.5081781176760825,7370.0,73700.0,10.0,333.0,334.0
0.9779415361400631,0.1525460242851547,0.978886515018223,0.26395784265550604,0.5037074274223954,7957.0,79570.0,10.0,334.0,335.0
0.9804162228357463,0.15401632988185923,0.9845458521650386,0.26636426387930184,0.5069649697146417,6859.0,68590.0,10.0,335.0,336.0
0.9850965490436489,0.15408834367274593,0.9871507545196474,0.2665671461136552,0.5061733425695775,6693.0,66930.0,10.0,336.0,337.0
0.9640456580261593,0.15119563576772968,0.9671724137931035,0.2615100602308539,0.50341065830721,7250.0,72500.0,10.0,337.0,338.0
0.9521743408949012,0.149918533604888,0.9498064516129032,0.25896218117854003,0.5058299120234604,7750.0,77500.0,10.0,338.0,339.0
0.9712442386007127,0.15229646992260906,0.9751584939836978,0.26344856513684506,0.5042990390383326,7729.0,77290.0,10.0,339.0,340.0
0.9676462192897789,0.15223024638912488,0.968382650993109,0.26310089756061744,0.5068602523000577,7401.0,74010.0,10.0,340.0,341.0
0.9807689524784852,0.15341079620975004,0.9822923816060398,0.2653761287571156,0.5055968053909029,7285.0,72850.0,10.0,341.0,342.0
0.9816013644154793,0.15385839616448166,0.9847211611917495,0.266134443660639,0.5062967335694608,7854.0,78540.0,10.0,342.0,343.0
0.9738188639517502,0.15314063368538078,0.9773216774357025,0.2647901827855488,0.506616910265713,7893.0,78930.0,10.0,343.0,344.0
0.9812983336496393,0.15377301944898,0.9852999602701629,0.26602781850037543,0.5057367476914557,7551.0,75510.0,10.0,344.0,345.0
0.9781261169504736,0.1538117927337701,0.9792795232936078,0.2658651371424369,0.5083472865163006,7384.0,73840.0,10.0,345.0,346.0
0.963144057905004,0.15189191615422595,0.9661670235546038,0.262513818047825,0.5064953604568165,7005.0,70050.0,10.0,346.0,347.0
0.9744838879105737,0.15290830581661163,0.9822011272619401,0.2646206717416931,0.5037215824815944,6742.0,67420.0,10.0,347.0,348.0
0.9702865927070741,0.15203334833376755,0.9771654741969859,0.2631276901004304,0.5024564414121424,6569.0,65690.0,10.0,348.0,349.0
0.9549991776258314,0.15102303160149974,0.962320819112628,0.26107407407407407,0.5047843623952839,7325.0,73250.0,10.0,349.0,350.0
0.9592453637590146,0.15210181576983667,0.9634978991596639,0.2627282491944146,0.5084033613445378,7616.0,76160.0,10.0,350.0,351.0
0.979554451529003,0.15482417474777158,0.984797507788162,0.2675808362959201,0.5098952138204474,8025.0,80250.0,10.0,351.0,352.0
0.9657340968273638,0.1525799114090746,0.9680972274971515,0.2636123894720513,0.5083036978213583,7899.0,78990.0,10.0,352.0,353.0
0.9675319314968786,0.15156288864936573,0.9671957671957672,0.26206006737868254,0.5048100048100048,7560.0,75600.0,10.0,353.0,354.0
0.9567467244538569,0.15161463618456397,0.9618783135571826,0.26194118354789364,0.5072295793073375,7922.0,79220.0,10.0,354.0,355.0
0.9834440078603943,0.15423252476530266,0.9854814060112074,0.26672181721041655,0.5073982309081647,7852.0,78520.0,10.0,355.0,356.0
0.9546486140085007,0.1510913140311804,0.966794926606812,0.26134021611418223,0.5031676318551052,7017.0,70170.0,10.0,356.0,357.0
0.9753889296695261,0.1529170237786769,0.9778230945704818,0.26447420583622044,0.5055616063773086,7846.0,78460.0,10.0,357.0,358.0
0.9739789242377781,0.15265645762084215,0.9772695579417097,0.2640642073928935,0.5047983671606597,7171.0,71710.0,10.0,358.0,359.0
0.9785349795132604,0.15397340722512873,0.9792214623882167,0.26610439040080053,0.5089785280474391,7604.0,76040.0,10.0,359.0,360.0
0.9841150662035465,0.15417324215325268,0.985292057711164,0.26662623429297044,0.5072520979510754,7139.0,71390.0,10.0,360.0,361.0
0.9779618608302015,0.15269610909545853,0.9803212851405623,0.26423468283178175,0.5036874771814531,7470.0,74700.0,10.0,361.0,362.0
0.9798335672971402,0.15405914527586756,0.9816341287057122,0.26632140615191463,0.5083152566883586,6915.0,69150.0,10.0,362.0,363.0
0.970077367665036,0.15172368878082668,0.9663993362831859,0.262271089762834,0.5057572405470635,7232.0,72320.0,10.0,363.0,364.0
0.981908872885782,0.15391535001729903,0.985380980507974,0.26624374089811875,0.5062422810503141,6772.0,67720.0,10.0,364.0,365.0
0.9621506709916298,0.1516756804681266,0.9662524710533748,0.262193953791333,0.5056352853585274,7082.0,70820.0,10.0,365.0,366.0
0.9801734947519158,0.1550575899273294,0.9834381820516113,0.26787899982514424,0.511315491544019,7789.0,77890.0,10.0,366.0,367.0
0.9833474005008259,0.15375677769171184,0.9852554744525548,0.2660018918492827,0.5056934306569343,6850.0,68500.0,10.0,367.0,368.0
0.9753829928072029,0.1536418223621063,0.9763120567375887,0.26550174545314276,0.508923275306254,7050.0,70500.0,10.0,368.0,369.0
0.9794730803506615,0.15377095256522536,0.9848682494129924,0.2660089844094072,0.5059056518748666,7666.0,76660.0,10.0,369.0,370.0
0.9784076125121873,0.15370600591589145,0.980046467131338,0.2657353022919716,0.5076347733174301,7317.0,73170.0,10.0,370.0,371.0
0.9811089083700404,0.15473542818135777,0.9838980677681322,0.26741508895442867,0.5099284641429699,7142.0,71420.0,10.0,371.0,372.0
0.9674945099884755,0.15184656097046909,0.9710948030552643,0.26262708088622466,0.5042683840047926,6677.0,66770.0,10.0,372.0,373.0
0.9791639142892241,0.15367008860788178,0.9824688496088091,0.2657704442571871,0.5065066779062722,6902.0,69020.0,10.0,373.0,374.0
0.9786179823275399,0.1540458880181286,0.9791447861965491,0.2662097942034306,0.5092818659210258,6665.0,66650.0,10.0,374.0,375.0
0.9605253306480236,0.15150206789983184,0.9630218113534594,0.26181546859353216,0.5063227975260332,6923.0,69230.0,10.0,375.0,376.0
0.9729705775172988,0.15366501212051253,0.9773861967694567,0.2655760598503741,0.5085702843412094,6810.0,68100.0,10.0,376.0,377.0
0.9776136695932384,0.15391482320153282,0.9805798307670966,0.2660669589927922,0.5082031299259764,7209.0,72090.0,10.0,377.0,378.0
0.9813696820584344,0.1555643448936259,0.9840663681854095,0.26865832614322693,0.5129408384609859,7594.0,75940.0,10.0,378.0,379.0
0.9697027111847591,0.15249040455287421,0.9720191226096738,0.2636235365900164,0.506340116576337,7112.0,71120.0,10.0,379.0,380.0
0.968418003079507,0.15247330920348745,0.971710430871899,0.26358663570894497,0.5064030703084816,6893.0,68930.0,10.0,380.0,381.0
0.9610507137217927,0.1515503332866265,0.9618854021090077,0.2618454727813516,0.5069819013409409,7871.0,78710.0,10.0,381.0,382.0
0.9611081486327453,0.15044048350747796,0.9632690541781451,0.26023780412170183,0.5021406509009815,7623.0,76230.0,10.0,382.0,383.0
0.9755706219253414,0.15406764454274208,0.9791804800424347,0.26624359991346364,0.5093488927197984,7541.0,75410.0,10.0,383.0,384.0
0.9751156248153947,0.15285056544524836,0.9788043478260869,0.2644106366188912,0.5049036561264822,7360.0,73600.0,10.0,384.0,385.0
0.9688886008183885,0.15242999812355357,0.9702720637027207,0.2634689538361743,0.5068347710683477,7535.0,75350.0,10.0,385.0,386.0
0.9297551230032755,0.14611553784860556,0.9314285714285714,0.25260439087387,0.49893217893217895,7875.0,78750.0,10.0,386.0,387.0
0.9671788950350209,0.15215654952076677,0.9702886247877759,0.26306098964326813,0.5057879302361475,7068.0,70680.0,10.0,387.0,388.0
0.9643309557380468,0.15173571054011536,0.9658210947930574,0.26226774222786187,0.5060444228668528,7490.0,74900.0,10.0,388.0,389.0
0.9522662382897136,0.1504654083036017,0.9539997472513585,0.2599338888506301,0.5061521317050194,7913.0,79130.0,10.0,389.0,390.0
0.9688900603225707,0.1527103320304789,0.9741846115098854,0.2640318094165429,0.5062792641183272,7941.0,79410.0,10.0,390.0,391.0
0.977697107232337,0.15288970243543096,0.9803893501288291,0.26452696831006317,0.5043984072040184,6986.0,69860.0,10.0,391.0,392.0
0.9698485496492921,0.1523007423214002,0.9748619587329265,0.26344413248777804,0.5044384560513593,6882.0,68820.0,10.0,392.0,393.0
0.9797583988076557,0.1540874584352845,0.9826620432115231,0.2664015185754316,0.5080021339023739,7498.0,74980.0,10.0,393.0,394.0
0.9791614156689772,0.15566270004103405,0.9817546583850931,0.2687185662676206,0.5142339544513458,7728.0,77280.0,10.0,394.0,395.0
0.9810697471292287,0.15485947221626262,0.9839149400218102,0.26760093426760095,0.5103846535144245,7336.0,73360.0,10.0,395.0,396.0
0.9818852265986554,0.15362824638535105,0.9836041787579802,0.265749343369007,0.5058829736717142,6892.0,68920.0,10.0,396.0,397.0
0.9788828102217331,0.15335853579825734,0.9805453205600589,0.2652341180457273,0.5061164333087693,6785.0,67850.0,10.0,397.0,398.0
0.9741245672893346,0.15364997073333891,0.9768740031897927,0.26553468208092484,0.5087235996326905,7524.0,75240.0,10.0,398.0,399.0
0.9770017970364168,0.15493563910951133,0.9803193464537691,0.26758112742199774,0.5121245878765374,8079.0,80790.0,10.0,399.0,400.0
0.9597393646465802,0.1515241398192936,0.9613491603937464,0.26178650268054243,0.5071063852187188,6908.0,69080.0,10.0,400.0,401.0
0.9686900254979037,0.15215066828675577,0.9711493718008376,0.26308380780301277,0.5054077301634304,6447.0,64470.0,10.0,401.0,402.0
0.9748167875621274,0.1543173685380992,0.9778375608506277,0.2665665543313136,0.5108308294319055,7806.0,78060.0,10.0,402.0,403.0
0.9750464170208584,0.15259362121483605,0.9783170591614015,0.26400837014647754,0.5041251109602631,6964.0,69640.0,10.0,403.0,404.0
0.9798134185760932,0.1548329355608592,0.9866920152091255,0.26766374419804023,0.5091600414794332,7364.0,73640.0,10.0,404.0,405.0
0.983519840338534,0.15483264826776277,0.9872697319155309,0.2676845610330545,0.5089248029191117,6677.0,66770.0,10.0,405.0,406.0
0.9787021328766341,0.15435593874662207,0.9810523446019629,0.2667432637782143,0.5096659066124715,7336.0,73360.0,10.0,406.0,407.0
0.9757899858742897,0.15395819229901328,0.9784876140808344,0.26605455802329087,0.5092212871873889,7670.0,76700.0,10.0,407.0,408.0
0.9810103140293664,0.15384615384615385,0.9848243965891025,0.2661198984573325,0.5062082013953672,6919.0,69190.0,10.0,408.0,409.0
0.958966433857762,0.1497494766060549,0.9575812274368231,0.25899631806993634,0.5018734274149437,6648.0,66480.0,10.0,409.0,410.0
0.964215432251332,0.1515184810794181,0.9656862745098039,0.26193822892527446,0.5052711993888465,7140.0,71400.0,10.0,410.0,411.0
0.9828551533180698,0.1551229997611655,0.9879829631883176,0.2681446618776319,0.509721492380452,6574.0,65740.0,10.0,411.0,412.0
0.9731664740417505,0.15230857197312622,0.9766269477543538,0.263520197856554,0.5037357997944616,6546.0,65460.0,10.0,412.0,413.0
0.9797442821961624,0.15405525742272633,0.981487011048074,0.266310182090701,0.5083607046879666,6698.0,66980.0,10.0,413.0,414.0
0.9611103002308785,0.1520532500758857,0.9661110345777655,0.2627526648058298,0.5071322120502448,7259.0,72590.0,10.0,414.0,415.0
0.9792317262790129,0.1542355184310877,0.9829307102560394,0.2666326590672762,0.508449166918717,6913.0,69130.0,10.0,415.0,416.0
0.9643299703817918,0.15209295700128203,0.9677586430143726,0.26287281935846935,0.5065977658234553,7723.0,77230.0,10.0,416.0,417.0
0.963843174999616,0.15202745917366647,0.9712612367202397,0.26290370151895,0.5048909140437334,7342.0,73420.0,10.0,417.0,418.0
0.9836790012602394,0.15404835822248408,0.9852173913043478,0.26643673205432206,0.5068115942028986,6900.0,69000.0,10.0,418.0,419.0
0.9835366009305094,0.15372004228056171,0.9868439274338734,0.2660047034230468,0.5049036270473745,7221.0,72210.0,10.0,419.0,420.0
0.9765237945942135,0.1526237518589335,0.9776810016330975,0.2640302840971737,0.5045033899143861,7348.0,73480.0,10.0,420.0,421.0
0.9715159567749758,0.15244784135509193,0.9720758693361433,0.2635620156422985,0.5061548041000096,7592.0,75920.0,10.0,421.0,422.0
0.9762013256789376,0.15271330914001183,0.9779759491960546,0.2641750460791649,0.5047229489872376,7401.0,74010.0,10.0,422.0,423.0
0.966124702120352,0.15233952398124775,0.968615649183147,0.2632726989444163,0.5071784048568228,6978.0,69780.0,10.0,423.0,424.0
0.9727304534853931,0.1524422110552764,0.9770677660396805,0.26373626373626374,0.5040640884495561,7762.0,77620.0,10.0,424.0,425.0
0.9644567491050241,0.15157608254123,0.9697245322245323,0.2621724162158364,0.5038036288036288,7696.0,76960.0,10.0,425.0,426.0
0.9792506584921069,0.15434758590211026,0.9832488738738738,0.2668118184075326,0.5087402743652744,7104.0,71040.0,10.0,426.0,427.0
0.9693736881676966,0.15303640042743788,0.974095513748191,0.2645157487277229,0.507551637942376,6910.0,69100.0,10.0,427.0,428.0
0.9765623176800945,0.15309844846693757,0.9794682422451995,0.2648057186214608,0.5055727138445011,6770.0,67700.0,10.0,428.0,429.0
0.9738412851845499,0.15246962352388477,0.9775465498357064,0.26379472780004803,0.5039704271631983,7304.0,73040.0,10.0,429.0,430.0
0.9674898749204173,0.15150231047077103,0.9647905422770496,0.2618810931477703,0.5055839816826709,7782.0,77820.0,10.0,430.0,431.0
0.9701019066794515,0.15299124611722942,0.9746851709072218,0.26447001394700137,0.507137683698979,7782.0,77820.0,10.0,431.0,432.0
0.9565674580736032,0.15095909955611922,0.9584801207851031,0.2608368143532151,0.5061536349910783,7948.0,79480.0,10.0,432.0,433.0
0.9615885285315957,0.15042862815631497,0.9646494907130018,0.26027037403762604,0.501511520235307,6676.0,66760.0,10.0,433.0,434.0
0.963283171991235,0.1519771808499723,0.9677250751339344,0.26269863791146425,0.5061710796716676,7653.0,76530.0,10.0,434.0,435.0
0.9802971380918555,0.15537172552762754,0.9841461776165524,0.2683740016120759,0.512195717757991,7443.0,74430.0,10.0,435.0,436.0
0.9750223021342554,0.1539287518948964,0.983719052744887,0.2662030294203321,0.5069723064879147,7432.0,74320.0,10.0,436.0,437.0
0.9607276901797437,0.15104959630911188,0.9669226225634967,0.261282470771318,0.5029533372711164,6772.0,67720.0,10.0,437.0,438.0
0.9723340953812807,0.15145232743382145,0.9717166059927191,0.2620598508448976,0.5024948448359258,7142.0,71420.0,10.0,438.0,439.0
0.9489751531421295,0.14935224206747386,0.9467137809187279,0.2580023881976811,0.504966270478638,7075.0,70750.0,10.0,439.0,440.0
0.9564348717138604,0.149718589987728,0.9541531823085221,0.25882439006547425,0.5032117289398843,7416.0,74160.0,10.0,440.0,441.0
0.9606411016668297,0.15045837842252485,0.9561437654080706,0.26000282266600805,0.5052195760642627,7707.0,77070.0,10.0,441.0,442.0
0.9693946180778135,0.15135644915322258,0.9675474602360185,0.2617642976124375,0.5038714492280424,7796.0,77960.0,10.0,442.0,443.0
0.9639296125433174,0.15236126898832283,0.9728160464502508,0.2634597859299895,0.5055183665634972,7578.0,75780.0,10.0,443.0,444.0
0.9482185558376202,0.14875681198910082,0.9449628127112915,0.25704879439407036,0.5034113959063249,7395.0,73950.0,10.0,444.0,445.0
0.9723137059528557,0.15203847828968547,0.9726226529376135,0.2629699986898991,0.5043664996420902,8255.0,82550.0,10.0,445.0,446.0
0.9641443666000453,0.15118454410350554,0.9656058068118369,0.26143613000755855,0.5040251763869854,8955.0,89550.0,10.0,446.0,447.0
0.9742894581211279,0.15322528985971431,0.9742058104805865,0.26480193361501136,0.5082195838372868,7366.0,73660.0,10.0,447.0,448.0
0.9714578831915914,0.15179871520342614,0.9733626252917754,0.2626382379638034,0.5031393157165504,7283.0,72830.0,10.0,448.0,449.0
0.9784416749559157,0.15314196725451407,0.9788808178638687,0.264849323045567,0.5059798958104043,7434.0,74340.0,10.0,449.0,450.0
0.9719422233175723,0.15346435039238043,0.9711375212224108,0.2650448885027512,0.5103796882234913,7068.0,70680.0,10.0,450.0,451.0
0.9750262608994721,0.15298668696886766,0.9773892467464178,0.2645625022239619,0.5060052344132796,7607.0,76070.0,10.0,451.0,452.0
0.9808625143423473,0.1533882595262616,0.9814180284659989,0.26531048487655423,0.5058705132505871,7588.0,75880.0,10.0,452.0,453.0
0.9643503564298812,0.15199531837313465,0.9633380884450785,0.26256342463889265,0.5080663986512775,7010.0,70100.0,10.0,453.0,454.0
0.961304588942687,0.15106128617508402,0.964985590778098,0.26122910693737444,0.5038118941577154,6940.0,69400.0,10.0,454.0,455.0
0.9671271078499645,0.15211427874748543,0.9669336088865926,0.262874198928979,0.5070219111810432,7742.0,77420.0,10.0,455.0,456.0
0.9817815462202625,0.1543115453985069,0.9815567818762707,0.26669560242271195,0.50929422015684,6886.0,68860.0,10.0,456.0,457.0
0.9645504934481747,0.15225598107886837,0.9677652500722752,0.26311652584004713,0.5072143814554916,6918.0,69180.0,10.0,457.0,458.0
0.9503527517630974,0.15012390765618885,0.9526831287074079,0.2593754107904077,0.505398863793125,7249.0,72490.0,10.0,458.0,459.0
0.9633718720522324,0.15149625935162095,0.9632432432432433,0.2618149762476125,0.5062080262080262,8325.0,83250.0,10.0,459.0,460.0
0.9760725127749169,0.1531193318429156,0.976462676529926,0.26472679538368976,0.5068900165066944,7435.0,74350.0,10.0,460.0,461.0
0.9841017130455617,0.154988575780655,0.9867862771245,0.26789975151804374,0.5097036555395145,8249.0,82490.0,10.0,461.0,462.0
0.9815642272427668,0.15434123655690737,0.9848966613672496,0.2668629069892666,0.508045478633714,7548.0,75480.0,10.0,462.0,463.0
0.9616475476740087,0.1515360782410691,0.9629937136757205,0.26186521311422534,0.5064642391175425,8431.0,84310.0,10.0,463.0,464.0
0.9711754007790576,0.15273077698841353,0.9710743801652892,0.2639477913979744,0.507642685043654,7018.0,70180.0,10.0,464.0,465.0
0.9768689162258444,0.15272794185297636,0.9773329408301442,0.26417346329818975,0.5050445580324886,6794.0,67940.0,10.0,465.0,466.0
0.9764078251370795,0.1529786138799195,0.9809452363090773,0.2646802825739328,0.5045079451681103,6665.0,66650.0,10.0,466.0,467.0
0.9802174604850649,0.15427971368565427,0.9844113223027485,0.2667531264474294,0.5080118841912907,7313.0,73130.0,10.0,467.0,468.0
0.9825802070098812,0.15327551757854016,0.9847057216987574,0.26526145413746804,0.5040904745943664,7323.0,73230.0,10.0,468.0,469.0
0.9728768723974022,0.15225560395595356,0.9743957884661403,0.26335958090125633,0.5044595270725925,8358.0,83580.0,10.0,469.0,470.0
0.9711026879706348,0.15248804966941998,0.975398313027179,0.26374392194751095,0.5049309874755048,8536.0,85360.0,10.0,470.0,471.0
0.9543503906506081,0.14949720670391062,0.9576523917451986,0.2586215228001224,0.5008621344062117,8383.0,83830.0,10.0,471.0,472.0
0.9642777081872778,0.15141783927911096,0.9668199328942463,0.26182944066769875,0.5044115819560084,8047.0,80470.0,10.0,472.0,473.0
0.9720705921806867,0.15367033872130134,0.9776002095886822,0.2655919144468763,0.5085026317669755,7634.0,76340.0,10.0,473.0,474.0
0.9570240377706152,0.15052209584187953,0.9570243034973326,0.2601305083380327,0.5050924179554885,6748.0,67480.0,10.0,474.0,475.0
0.9711649990718543,0.1523314179290922,0.9727338651196519,0.2634121435865211,0.5054387237128354,6895.0,68950.0,10.0,475.0,476.0
0.9752656049063655,0.15272354060278362,0.9810258884064962,0.2643013407845431,0.5035010013302343,6219.0,62190.0,10.0,476.0,477.0
0.9830868439035971,0.15339130434782608,0.9850031908104658,0.26544563394814913,0.5044091199164588,6268.0,62680.0,10.0,477.0,478.0
0.9775639607149735,0.152766308835673,0.9804741980474198,0.2643453410543732,0.5038924812983391,7170.0,71700.0,10.0,478.0,479.0
0.9779407334948562,0.15262216163251396,0.9805665799917886,0.26413285901240485,0.5033031837465942,7307.0,73070.0,10.0,479.0,480.0
0.9708184588723401,0.15292994846344724,0.972566156834183,0.26430032328297154,0.5077799112759055,8238.0,82380.0,10.0,480.0,481.0
0.977402219210112,0.15510129437343792,0.9833805720175213,0.2679420798595875,0.5115012531915392,7762.0,77620.0,10.0,481.0,482.0
0.9662090655473744,0.1512972273489043,0.9665266296246103,0.2616383579735133,0.5040717515307568,7379.0,73790.0,10.0,482.0,483.0
0.9646504127145894,0.15344760420724582,0.9729529455353835,0.2650874034692195,0.5095714462146474,8097.0,80970.0,10.0,483.0,484.0
0.9564177302433503,0.1507010619507621,0.956672203765227,0.2603846805945406,0.5059272123225612,7224.0,72240.0,10.0,484.0,485.0
0.982671385704063,0.1558025511300373,0.9876176324913324,0.2691457591658371,0.5123936242064028,8076.0,80760.0,10.0,485.0,486.0
0.9777902456531415,0.1532707173136065,0.9800690938081318,0.2650853548966757,0.5059792718575604,7526.0,75260.0,10.0,486.0,487.0
0.9762277389764794,0.15337058875297016,0.9789355427608482,0.2651931599870656,0.5068236075117131,7121.0,71210.0,10.0,487.0,488.0
0.9836470744124938,0.15403636673701265,0.9871584699453552,0.26648964614334975,0.5059736711376056,7320.0,73200.0,10.0,488.0,489.0
0.9824385630910396,0.15445657415932307,0.9840782122905027,0.2670051915570882,0.5088115794819705,7160.0,71600.0,10.0,489.0,490.0
0.973222576958884,0.15270658967538225,0.9752762430939227,0.2640662690027861,0.5058136614766449,7240.0,72400.0,10.0,490.0,491.0
0.9837735690942272,0.1545702563675365,0.9864433811802232,0.26726202264993426,0.508276545357885,7524.0,75240.0,10.0,491.0,492.0
0.9759903936841324,0.15438727208976158,0.9791521890201529,0.2667196698657883,0.5105565733779771,7195.0,71950.0,10.0,492.0,493.0
0.9807526969274549,0.15419924803358476,0.9832328283571113,0.266589567714149,0.5081897070424795,6799.0,67990.0,10.0,493.0,494.0
0.9604085386219389,0.15182726606978336,0.9658851818455064,0.2624068592426253,0.506366642074487,6654.0,66540.0,10.0,494.0,495.0
0.9794486411068225,0.15491136966191196,0.9886729128793176,0.26785376018185264,0.508651046897446,7151.0,71510.0,10.0,495.0,496.0
0.9648115585981283,0.15146326987170708,0.9657933042212519,0.2618596574315258,0.5050152176789732,6870.0,68700.0,10.0,496.0,497.0
0.9695787896809531,0.1534694876869402,0.9773908523908524,0.2652841700611896,0.5078316953316954,7696.0,76960.0,10.0,497.0,498.0
0.9807050559938904,0.15418342079556555,0.9859093550261476,0.2666640473056598,0.5070387195605092,6884.0,68840.0,10.0,498.0,499.0
0.9755724621886256,0.1542638897177299,0.9792903144336406,0.2665406427221172,0.5100391463568632,7919.0,79190.0,10.0,499.0,500.0
0.9772415731642521,0.15373072305845414,0.9808513772278686,0.2658018161860094,0.5073983315255962,6789.0,67890.0,10.0,500.0,501.0
0.9511016001802597,0.15029401931284048,0.9484919945389103,0.25947304088007606,0.5078249291976485,8057.0,80570.0,10.0,501.0,502.0
0.9694221273222708,0.15161847124256825,0.972393057263906,0.2623331612712927,0.5028513921502852,7317.0,73170.0,10.0,502.0,503.0
0.9799320612867081,0.15324257522852996,0.9837551945598791,0.26517761672805035,0.504355989055649,7941.0,79410.0,10.0,503.0,504.0
0.9719909113170121,0.1521422694766154,0.9769710105662422,0.2632837455507894,0.5029555922267924,7382.0,73820.0,10.0,504.0,505.0
0.9561100189866475,0.14990743765653924,0.9614471294873586,0.2593737046388062,0.5008444551676847,7159.0,71590.0,10.0,505.0,506.0
0.9672872981419405,0.15120415687458227,0.9701203485959331,0.26163029285581046,0.5022070197059822,7229.0,72290.0,10.0,506.0,507.0
0.9665069951389338,0.15264195143717696,0.9718276515151515,0.2638429154481473,0.5069946625344353,8448.0,84480.0,10.0,507.0,508.0
0.9701998463938276,0.15184229054212625,0.9731762346452745,0.26269666723058704,0.5033843068438205,7978.0,79780.0,10.0,508.0,509.0
0.981929808526433,0.15449409557218902,0.9850455136540962,0.2670968424393082,0.5085589313157584,7690.0,76900.0,10.0,509.0,510.0
0.9679328153882715,0.15284181406656047,0.9709759020103848,0.26410994622195666,0.5081032667239563,7511.0,75110.0,10.0,510.0,511.0
0.965123861326479,0.1515349845581167,0.9693837498364517,0.26209848592047547,0.5037883743889239,7643.0,76430.0,10.0,511.0,512.0
0.9578808850246214,0.15126186617272516,0.9572161172161172,0.26124162751174645,0.5078388278388278,6825.0,68250.0,10.0,512.0,513.0
0.9402458258389504,0.14737756641821756,0.9440538957234915,0.2549539216074042,0.4984023006870107,6828.0,68280.0,10.0,513.0,514.0
0.9622703473839908,0.1507686521555169,0.9672749208264213,0.260874870355683,0.5017205686787952,6631.0,66310.0,10.0,514.0,515.0
0.9739573201897254,0.15325632833620054,0.9785030597834615,0.2650064806748401,0.5065689057529635,6373.0,63730.0,10.0,515.0,516.0
0.9659159887714888,0.1515822135018594,0.9700686231566652,0.26219415943172847,0.5036833512523394,6849.0,68490.0,10.0,516.0,517.0
0.9623510875406001,0.15257934810505602,0.9704802067745885,0.263699706137838,0.5073150220749187,7351.0,73510.0,10.0,517.0,518.0
0.9713631695022054,0.15461102641698332,0.9847826086956522,0.26726189305591064,0.5091040843214756,6900.0,69000.0,10.0,518.0,519.0
0.9693797760284855,0.15205578488304297,0.973715651135006,0.26303580433686335,0.5039779515585967,6696.0,66960.0,10.0,519.0,520.0
0.9803286827839907,0.15406883242200065,0.9820940404592674,0.26635280161628144,0.5081639246483424,7316.0,73160.0,10.0,520.0,521.0
0.982892863671517,0.15519505444554435,0.9851243908694537,0.2681466743459518,0.5111450488470237,7798.0,77980.0,10.0,521.0,522.0
0.9817874118909271,0.1545480977835432,0.9841902862840052,0.2671460604654759,0.5091090365267833,7021.0,70210.0,10.0,522.0,523.0
0.9785263785342974,0.15475216751185997,0.9817096899727591,0.2673590871354636,0.5108786660220049,7709.0,77090.0,10.0,523.0,524.0
0.9839006920749088,0.15494686050622908,0.9867549668874173,0.2678362783340224,0.5095605057194461,7550.0,75500.0,10.0,524.0,525.0
0.9809557255554254,0.15416192010056173,0.9854362837413685,0.2666145824487508,0.5071506020658563,7965.0,79650.0,10.0,525.0,526.0
0.9676224943796667,0.1523954274949694,0.971877133105802,0.2634763781713207,0.5060378529320508,7325.0,73250.0,10.0,526.0,527.0
0.9749071542268724,0.1526403863670063,0.9749695575700176,0.26395604395604394,0.5056887369159051,7391.0,73910.0,10.0,527.0,528.0
0.9692305403661281,0.15316894148694898,0.9720005233547037,0.2646362098138748,0.5089148715996812,7643.0,76430.0,10.0,528.0,529.0
0.9663475617271468,0.1527941996653653,0.9688782005941434,0.26396115157821715,0.5087899792950012,7069.0,70690.0,10.0,529.0,530.0
0.9740272938813763,0.15262605543099747,0.9785899984707142,0.264066852367688,0.504136023022703,6539.0,65390.0,10.0,530.0,531.0
0.9794770139196544,0.153497304426294,0.9812157964798107,0.26546618647458986,0.506366728966936,6761.0,67610.0,10.0,531.0,532.0
0.9788220494684768,0.15387426900584794,0.9811995027967682,0.26602915157132023,0.5077970506808295,6436.0,64360.0,10.0,532.0,533.0
0.9790556040457605,0.15477783725910063,0.982721994051834,0.26743491415027076,0.5105637882864904,7061.0,70610.0,10.0,533.0,534.0
0.9754384071059224,0.15442799991255493,0.981383717699361,0.2668631117659281,0.5098007022152619,7198.0,71980.0,10.0,534.0,535.0
0.9700739503970816,0.15263438946244215,0.9744318181818182,0.2639273622653124,0.5058884297520662,7040.0,70400.0,10.0,535.0,536.0
0.9792746176165821,0.15340149162378436,0.9822906082159966,0.2653621426610721,0.5055622270022038,6889.0,68890.0,10.0,536.0,537.0
0.9654145169303501,0.15235490294872717,0.9668087697929354,0.2632288017907849,0.50798638024582,6568.0,65680.0,10.0,537.0,538.0
0.9821547554475589,0.15538295313232625,0.9851363577614062,0.2684275400598697,0.511838039174216,7737.0,77370.0,10.0,538.0,539.0
0.9799556521940653,0.1537411250682687,0.9826704899638449,0.26588405943766974,0.5066926590427401,8021.0,80210.0,10.0,539.0,540.0
0.9799945118699421,0.15447324812860708,0.9821969238222115,0.2669607294512657,0.5096392042013939,8257.0,82570.0,10.0,540.0,541.0
0.959592878130957,0.1514338494018297,0.9629422458397426,0.2617106588373905,0.5060957780857096,7151.0,71510.0,10.0,541.0,542.0
0.9821494439828933,0.15477707006369426,0.9840546697038725,0.26748305871831035,0.5100204781298175,7902.0,79020.0,10.0,542.0,543.0
0.9699293580815898,0.15331765288437732,0.972516686297605,0.26487729241298186,0.509262233643859,7641.0,76410.0,10.0,543.0,544.0
0.9709658540174999,0.1538353634302013,0.9778570367067915,0.2658478445315341,0.5090179548494306,6729.0,67290.0,10.0,544.0,545.0
0.9719300282380521,0.15373312517219212,0.9775182481751825,0.2656826568265683,0.5087723954877239,6850.0,68500.0,10.0,545.0,546.0
0.9781981945095599,0.15440187789147428,0.9837374764048207,0.266910924634598,0.5087450664625052,6887.0,68870.0,10.0,546.0,547.0
0.9788038238422132,0.1530408518480598,0.9812900049236829,0.2647859879099223,0.5046028975127941,6093.0,60930.0,10.0,547.0,548.0
0.9713616925656834,0.15305794918643983,0.9754523996852872,0.2645979170223664,0.5070738859881267,6355.0,63550.0,10.0,548.0,549.0
0.9584570017596714,0.15145399305555557,0.9603687904224577,0.2616454533525784,0.5072494589489223,7267.0,72670.0,10.0,549.0,550.0
0.9737658781655777,0.15389776219538587,0.9794765840220385,0.26600082295290467,0.5085900325569747,7260.0,72600.0,10.0,550.0,551.0
0.9628143690961946,0.15134095970458913,0.96329052580567,0.26158477406194997,0.5055950833755535,8254.0,82540.0,10.0,551.0,552.0
0.964289690681009,0.15162078205401816,0.9665910808767951,0.2621243799450662,0.5052841338555625,6615.0,66150.0,10.0,552.0,553.0
0.9615064005623022,0.1515888098289654,0.9656531531531531,0.26204209480881624,0.5055538493038493,7104.0,71040.0,10.0,553.0,554.0
0.9689629310099996,0.15180999033773004,0.9716669063713504,0.26259328358208955,0.5038897532785064,6953.0,69530.0,10.0,554.0,555.0
0.9772692944294717,0.15322042652090642,0.9801762114537445,0.2650140509556511,0.5057443932719263,7264.0,72640.0,10.0,555.0,556.0
0.9778503189962646,0.1531041419036299,0.9812481687664811,0.2648791869339977,0.5048610926138029,6826.0,68260.0,10.0,556.0,557.0
0.9636479203893825,0.15093863544610417,0.9595765158806545,0.2608468146339336,0.5056143727943535,6234.0,62340.0,10.0,557.0,558.0
0.9691585288609393,0.15344242050015436,0.9713807064079296,0.26502123445504583,0.5101976063863541,7163.0,71630.0,10.0,558.0,559.0
0.9821389011045929,0.15366664465138807,0.9851799576570219,0.26586424925725605,0.5053826907037916,7085.0,70850.0,10.0,559.0,560.0
0.9756254561670136,0.15293617624141106,0.9775128282523393,0.26449149600833044,0.5057624235106879,6626.0,66260.0,10.0,560.0,561.0
0.984735859125678,0.1552910617015915,0.9877928483353884,0.26838869624939277,0.5104248402645444,8110.0,81100.0,10.0,561.0,562.0
0.9752641219875132,0.15421932083607834,0.9774769075034797,0.2664068696761734,0.51061162044333,7903.0,79030.0,10.0,562.0,563.0
0.9857768752191785,0.15444781174792763,0.9874626015101866,0.26711629251372965,0.5074019868150086,7019.0,70190.0,10.0,563.0,564.0
0.9730410113938571,0.15244843997884716,0.9740505473712664,0.2636353659874895,0.5053385592647656,7399.0,73990.0,10.0,564.0,565.0
0.9736864955446654,0.1539941874165423,0.9780493888750312,0.26609209052967325,0.5095353636136873,8018.0,80180.0,10.0,565.0,566.0
0.9799056722422816,0.15455651800415204,0.9846457889936151,0.2671754150768279,0.5089554714060643,6578.0,65780.0,10.0,566.0,567.0
0.9804556845685966,0.15306218297952282,0.9847408974165281,0.2649431945206593,0.5032619593731544,6619.0,66190.0,10.0,567.0,568.0
0.973516187506607,0.1529267347202481,0.9770225646670335,0.26445942423001007,0.5059288537549407,7268.0,72680.0,10.0,568.0,569.0
0.9583161269002101,0.15104774662711704,0.9644428152492669,0.2611889673886067,0.5039878254687639,8184.0,81840.0,10.0,569.0,570.0
0.9798342813682617,0.15385488300310932,0.9813259988419224,0.2660048264631443,0.5076722640416907,6908.0,69080.0,10.0,570.0,571.0
0.9845101183674242,0.15353212213813355,0.9866523473458116,0.26571635161656854,0.5042679014756339,6518.0,65180.0,10.0,571.0,572.0
0.9572363634288175,0.14998561023665627,0.9604479727814006,0.2594542843465773,0.5015722865169987,7054.0,70540.0,10.0,572.0,573.0
0.9580383421999457,0.14971098265895955,0.9581673306772909,0.2589601599753884,0.5014746209965334,7028.0,70280.0,10.0,573.0,574.0
0.9777176370733731,0.1539507873672462,0.9812159608758475,0.26614410611998796,0.5080784503925551,8997.0,89970.0,10.0,574.0,575.0
0.9635652347851825,0.15257868580894535,0.9671006579868403,0.2635735815941089,0.5087116439489392,7143.0,71430.0,10.0,575.0,576.0
0.9829336016650642,0.15435626612650413,0.9853756157635468,0.2669029500677577,0.5079069637259293,6496.0,64960.0,10.0,576.0,577.0
0.9780940670689046,0.15413949029986038,0.980904389338284,0.26641455069331893,0.5089149015683958,7541.0,75410.0,10.0,577.0,578.0
0.9701993875099089,0.15214845509413566,0.9706896551724138,0.26306362432832336,0.5055903866248694,6960.0,69600.0,10.0,578.0,579.0
0.9763355531776011,0.1536251436566232,0.9785168682367918,0.2655581947743468,0.5079567154678549,6284.0,62840.0,10.0,579.0,580.0
0.9583872576747555,0.14945219123505976,0.9597057882954909,0.25862886198129875,0.4998110300316888,6254.0,62540.0,10.0,580.0,581.0
0.9819535864796356,0.15360738426351364,0.985587002096436,0.2657903570608293,0.5049909472079284,7632.0,76320.0,10.0,581.0,582.0
0.9710609194658255,0.15248460861917326,0.9712885154061625,0.2635879893576587,0.506620830150242,7140.0,71400.0,10.0,582.0,583.0
0.9745030092383093,0.15270206331900188,0.979287598944591,0.2642060116388745,0.5041376828975773,7580.0,75800.0,10.0,583.0,584.0
0.9774526990360456,0.15297970745092832,0.981820764096009,0.26471376603484587,0.5041510116073389,7041.0,70410.0,10.0,584.0,585.0
0.9570280286863432,0.15079820833811874,0.9602632862018528,0.2606624094232869,0.5047870218518683,8204.0,82040.0,10.0,585.0,586.0
0.9853425054389984,0.1554016059740435,0.988412017167382,0.26857664872009174,0.5105865522174535,6990.0,69900.0,10.0,586.0,587.0
0.9683396683277853,0.15298603291254273,0.972009539349818,0.26436349981224183,0.5082214133299862,7967.0,79670.0,10.0,587.0,588.0
0.9722878464427865,0.15261035024952715,0.9760967788952047,0.26395238845971936,0.5051079222482808,6861.0,68610.0,10.0,588.0,589.0
0.9603580975967572,0.15121038732394365,0.9605759821054103,0.26128952522198773,0.5062338751699859,7153.0,71530.0,10.0,589.0,590.0
0.9540896473012737,0.150059710404538,0.9528436018957346,0.25928553004900695,0.5050840155105558,8440.0,84400.0,10.0,590.0,591.0
0.9720157957602727,0.15371319217235632,0.975705329153605,0.26558583542211084,0.5094400113992591,7656.0,76560.0,10.0,591.0,592.0
0.9486322254658976,0.1489908486899837,0.9546184738955823,0.257753198872262,0.5001825483753195,7470.0,74700.0,10.0,592.0,593.0
0.9705779127752465,0.1522574734619904,0.9715338670733257,0.26325757575757575,0.5056551023001652,7869.0,78690.0,10.0,593.0,594.0
0.9716617335450259,0.1536554182325365,0.9744471744471744,0.26545296342157226,0.5097386642841188,8140.0,81400.0,10.0,594.0,595.0
0.9784549681441885,0.15533866415804326,0.9901064308199671,0.2685450590555183,0.5096687153350322,6671.0,66710.0,10.0,595.0,596.0
0.9711698497065933,0.15265291379033552,0.9716438881083153,0.2638525172993878,0.5071122516517842,7829.0,78290.0,10.0,596.0,597.0
0.9714277237209321,0.1538495121259086,0.9740187949143173,0.26572661978999756,0.5106412382531785,7236.0,72360.0,10.0,597.0,598.0
0.9620169188006524,0.15103673750322635,0.9637661268185561,0.2611476812079289,0.5042297806503132,7286.0,72860.0,10.0,598.0,599.0
0.9571587536222819,0.1500164234432922,0.9597718402882017,0.25947569190812436,0.5019786577877241,6662.0,66620.0,10.0,599.0,600.0
0.9661933775169795,0.15309419938600743,0.9706748623383276,0.2644754976361194,0.5091793850917938,7809.0,78090.0,10.0,600.0,601.0
0.9617028304536591,0.1517379679144385,0.9645892351274787,0.26222564497497114,0.5065670873036312,7060.0,70600.0,10.0,601.0,602.0
0.961491461502836,0.15075966700719456,0.9605317823016203,0.26061471406026904,0.50452594075361,7221.0,72210.0,10.0,602.0,603.0
0.96579732146783,0.15257479833540422,0.9694235588972431,0.2636538690932638,0.5077352472089314,7980.0,79800.0,10.0,603.0,604.0
0.926504575894847,0.14629062446826613,0.9300878972278567,0.25281652607009614,0.5002151330751736,7395.0,73950.0,10.0,604.0,605.0
0.9627125451368164,0.1508659784909083,0.9626567452115199,0.2608517073352874,0.504039986470743,7257.0,72570.0,10.0,605.0,606.0
0.9621657855241708,0.1522497164222997,0.9620387576320679,0.2628944504896627,0.509568742910925,7534.0,75340.0,10.0,606.0,607.0
0.9706559102457443,0.15200694018323777,0.9746303079636413,0.26299604627324646,0.5034101700768367,7371.0,73710.0,10.0,607.0,608.0
0.9756179168568112,0.15288455256223185,0.9771714922048997,0.2644018003427431,0.5057071269487751,7184.0,71840.0,10.0,608.0,609.0
0.9628782320784484,0.15134419040222927,0.9650451500145645,0.2616541947203191,0.504872494240394,6866.0,68660.0,10.0,609.0,610.0
0.9787150556253961,0.15336738635875863,0.9779663336526618,0.26515278009684423,0.5072097739403063,7307.0,73070.0,10.0,610.0,611.0
0.968168901293378,0.15169399347379448,0.9708650251385845,0.26239046739717437,0.5037795773905095,7757.0,77570.0,10.0,611.0,612.0
0.9666388435722089,0.15151445140124298,0.9683992911990549,0.26203176505843573,0.5041212479192396,6772.0,67720.0,10.0,612.0,613.0
0.9733230925158334,0.15164617502838232,0.974088440651668,0.2624362511495694,0.5022498060512025,6445.0,64450.0,10.0,613.0,614.0
0.9733757604407198,0.15320346414781527,0.9782699540325951,0.264918898528857,0.5064645620433335,7179.0,71790.0,10.0,614.0,615.0
0.9762345663519784,0.1528721432983323,0.9787072243346008,0.26443937619429203,0.5050259246456965,6575.0,65750.0,10.0,615.0,616.0
0.9755121043439742,0.15234641862420517,0.9779052116714454,0.2636233432605088,0.5033502506938162,5929.0,59290.0,10.0,616.0,617.0
0.9656353023840829,0.1515565431897413,0.9668357393679282,0.26203736341205497,0.5049362134808877,7689.0,76890.0,10.0,617.0,618.0
0.9805793096975786,0.15327639940097948,0.9826154644525169,0.2651867931795105,0.5049535311600698,7708.0,77080.0,10.0,618.0,619.0
0.9656687631240886,0.15173774059715706,0.9691572545612511,0.2623934137018524,0.5046599794644973,6906.0,69060.0,10.0,619.0,620.0
0.9711169880775032,0.1527340513670257,0.9742370194213238,0.264069186556608,0.5063476621146062,7569.0,75690.0,10.0,620.0,621.0
0.9827346168956657,0.1552907842638672,0.9850230414746544,0.2682857949731714,0.5115416841223293,8680.0,86800.0,10.0,621.0,622.0
0.9736789748868295,0.15313919867823214,0.9751446607048921,0.2647079822933029,0.5075080101382048,7604.0,76040.0,10.0,622.0,623.0
0.9787314768485336,0.15365724147086154,0.9830148619957537,0.26577119568337065,0.5062343176992858,7065.0,70650.0,10.0,623.0,624.0
0.9834563277890934,0.15390543057131237,0.9860120680197477,0.2662519209761336,0.5059467411359896,7292.0,72920.0,10.0,624.0,625.0
0.9818185030163455,0.15473446770950816,0.9854778263585259,0.2674719220173766,0.509283970245869,6404.0,64040.0,10.0,625.0,626.0
0.9639312716108921,0.1514760189401663,0.9663246133834369,0.2618982333816444,0.5048417401358578,6919.0,69190.0,10.0,626.0,627.0
0.9701646882105147,0.1534674356449571,0.9711342828077314,0.26504936921928957,0.5103925830019421,7864.0,78640.0,10.0,627.0,628.0
0.9687686540360544,0.15207993917671336,0.9718212104386452,0.263002686000864,0.504858411993337,7204.0,72040.0,10.0,628.0,629.0
0.9696166153430967,0.15329238623220198,0.9742712294043092,0.26490454200840857,0.5084456734646848,7890.0,78900.0,10.0,629.0,630.0
0.9827776045982735,0.15403554666461491,0.9848727093838396,0.26640496348908,0.5069039925761116,8131.0,81310.0,10.0,630.0,631.0
0.9740871363481372,0.15250579308464718,0.9747350079860607,0.2637461938905805,0.5052734400781446,6887.0,68870.0,10.0,631.0,632.0
0.9758347922101562,0.1543202787029593,0.9774490785645005,0.2665564556124979,0.5109999118243541,8248.0,82480.0,10.0,632.0,633.0
0.9817844300081372,0.15483243243243244,0.985413513141599,0.26761589775211614,0.5096763701414864,7267.0,72670.0,10.0,633.0,634.0
0.9831784183218003,0.15428929495472185,0.9859209506587445,0.26682280560701926,0.5074328926046828,7742.0,77420.0,10.0,634.0,635.0
0.9768411332531506,0.15382596406218454,0.979305912596401,0.26588727970685744,0.5083898107034354,7780.0,77800.0,10.0,635.0,636.0
0.9714460510304005,0.15265473512372837,0.9749523204068659,0.26397686587716884,0.5057504478992082,7865.0,78650.0,10.0,636.0,637.0
0.9676276590317223,0.15261748510221015,0.9699185043144775,0.26373590562471483,0.5076919724570731,8344.0,83440.0,10.0,637.0,638.0
0.9725340172024499,0.15323511138723706,0.9766652524395418,0.26490726711290974,0.5072446998624343,7071.0,70710.0,10.0,638.0,639.0
0.9784698445357444,0.15377941896160519,0.9822392725206024,0.2659255270041545,0.507013872742773,7038.0,70380.0,10.0,639.0,640.0
0.977032499618938,0.15226569096538137,0.980072463768116,0.2635809987819732,0.5021409749670619,6624.0,66240.0,10.0,640.0,641.0
0.9796575519160815,0.1543446843103604,0.9831703107019563,0.266804590522289,0.5087613767130453,6952.0,69520.0,10.0,641.0,642.0
0.9708829655698233,0.15227140602939956,0.9721633085896076,0.26330150068212826,0.5054468331244577,7544.0,75440.0,10.0,642.0,643.0
0.9662471136182542,0.1526858784607348,0.9682539682539683,0.2637763447329335,0.5086391869000565,7245.0,72450.0,10.0,643.0,644.0
0.9694155902533592,0.1536118455843469,0.9785743161299016,0.26554044171420216,0.5078830346314512,7421.0,74210.0,10.0,644.0,645.0
0.9693139532676711,0.15221400212613628,0.9685256764218664,0.2630819131184731,0.5067391195221124,7244.0,72440.0,10.0,645.0,646.0
0.9690990767076957,0.1536669885814918,0.9770045750060198,0.2655649185960893,0.5087341024013309,8306.0,83060.0,10.0,646.0,647.0
0.9725835925725188,0.152952462161586,0.9775204359673024,0.2645161290322581,0.5058211543225167,7340.0,73400.0,10.0,647.0,648.0
0.9768826035969599,0.15334778043385983,0.979032948224219,0.26516263617399366,0.5066972679296171,7011.0,70110.0,10.0,648.0,649.0
0.9626563277170067,0.15180383881016984,0.964992973042034,0.262338925358619,0.5066494767529647,7827.0,78270.0,10.0,649.0,650.0
0.9675392657045775,0.15311362518445648,0.9675494218575158,0.26438812257933003,0.5105399387383721,8043.0,80430.0,10.0,650.0,651.0
0.9664667624037369,0.15281368417324787,0.9696629213483146,0.2640193349037844,0.5085393258426967,8900.0,89000.0,10.0,651.0,652.0
0.9744012750766253,0.1545981736174373,0.981520665820285,0.2671222358722359,0.5103810000128239,7089.0,70890.0,10.0,652.0,653.0
0.974809842175926,0.15389492555587136,0.9824145150034892,0.2661046423710873,0.5073780371756645,7165.0,71650.0,10.0,653.0,654.0
0.9665468169207004,0.15138276213098065,0.9685210312075984,0.26183925754741205,0.5035648205254718,7370.0,73700.0,10.0,654.0,655.0
0.9733867417457217,0.15414858725987493,0.9780276592994701,0.26632175412663217,0.5101225516115008,7737.0,77370.0,10.0,655.0,656.0
0.9824590971022926,0.15460306871247498,0.9870702768481898,0.26733407489803485,0.5081450341565948,6574.0,65740.0,10.0,656.0,657.0
0.9627082065168414,0.1514154302099571,0.9694430754066042,0.26192180295943673,0.5033043595143152,8116.0,81160.0,10.0,657.0,658.0
0.9708877099270814,0.15265706893120148,0.973487519390777,0.26392659147390557,0.5063653030089358,7091.0,70910.0,10.0,658.0,659.0
0.9554893946644976,0.15219280193899484,0.9678638941398866,0.26302582442552014,0.5069335201660343,6877.0,68770.0,10.0,659.0,660.0
0.9633952787754823,0.1518184141044204,0.969672242622059,0.26253290866579526,0.504753780151577,7353.0,73530.0,10.0,660.0,661.0
0.9601797537494213,0.15115259192623412,0.9634461009174312,0.2613090725296942,0.5048086947456214,6976.0,69760.0,10.0,661.0,662.0
0.9707811959473989,0.1540333936833635,0.9800332778702163,0.26622394520452686,0.5088721594545221,7813.0,78130.0,10.0,662.0,663.0
0.9459168690878494,0.15056878250940922,0.953024625267666,0.26005185699156413,0.5069593147751607,7472.0,74720.0,10.0,663.0,664.0
0.9671987303981031,0.15359180121821522,0.97639827904118,0.2654302422723475,0.5086997820863832,8135.0,81350.0,10.0,664.0,665.0
0.974938678106855,0.15314144491552506,0.9770286801685469,0.26478063874461266,0.5067406428015372,7357.0,73570.0,10.0,665.0,666.0
0.9624667825821034,0.1516602114974542,0.964572377525602,0.26210890493381467,0.5062778350904562,7226.0,72260.0,10.0,666.0,667.0
0.9705807737062493,0.1529711872203404,0.9737787834420338,0.264406657149569,0.5074355964812507,7513.0,75130.0,10.0,667.0,668.0
0.9549052554533496,0.15009686509334272,0.9578533295869627,0.25952571276312286,0.5031035275485964,7118.0,71180.0,10.0,668.0,669.0
0.9742550299574193,0.15302729413938024,0.9768573113207547,0.26460371331603116,0.5063786449399656,6784.0,67840.0,10.0,669.0,670.0
0.9632696157973356,0.15171262814909003,0.9643849456933569,0.2621802575107296,0.5065558336586374,7918.0,79180.0,10.0,670.0,671.0
0.9776667281893094,0.1545989621425835,0.9799116997792494,0.26706374274283307,0.5110375275938189,9060.0,90600.0,10.0,671.0,672.0
0.9688968497361647,0.15206903147648296,0.9629878869448183,0.2626603770121694,0.5084913740364615,7430.0,74300.0,10.0,672.0,673.0
0.9713389146776406,0.15263353115727002,0.9754074074074074,0.26396183297919257,0.5054814814814815,6750.0,67500.0,10.0,673.0,674.0
0.9720986760824988,0.1523269949767186,0.9753267733881628,0.26350037693925327,0.504345852414585,6809.0,68090.0,10.0,674.0,675.0
0.9744898249568126,0.15443733250647826,0.9805934467726058,0.2668478052887375,0.510157118932256,7111.0,71110.0,10.0,675.0,676.0
0.9744341082576488,0.15454486472458315,0.979575051405072,0.2669705234056861,0.5109726462707956,7295.0,72950.0,10.0,676.0,677.0
0.9812232133145258,0.15361756572702134,0.9840052875082618,0.26574799635863844,0.5056780628492459,7565.0,75650.0,10.0,677.0,678.0
0.9700048442512421,0.1525193007020205,0.9730769230769231,0.2637055965569995,0.5060117302052786,8060.0,80600.0,10.0,678.0,679.0
0.9761017494743178,0.15312175268444753,0.9792330056763118,0.26483197603669384,0.5057581211533863,7223.0,72230.0,10.0,679.0,680.0
0.9654723898017308,0.1509288397117044,0.9736738703339882,0.2613464580769907,0.4996487468000238,7635.0,76350.0,10.0,680.0,681.0
0.9725244595086231,0.15210063461574674,0.9705599615477049,0.262987382987383,0.5054619737388303,8322.0,83220.0,10.0,681.0,682.0
0.9812798427131392,0.15339638512196624,0.9836863570582818,0.2654053670310947,0.5049694418198563,7601.0,76010.0,10.0,682.0,683.0
0.9850012956448102,0.15497076023391812,0.9865563598759048,0.26786466376526746,0.5097301870828241,8703.0,87030.0,10.0,683.0,684.0
0.9810535346355808,0.15448100345391746,0.9852753623188406,0.26708572326549856,0.5084163372859025,8625.0,86250.0,10.0,684.0,685.0
0.9759124343736678,0.1534588817485137,0.9775612959719789,0.2652746012415719,0.5077217003661837,9136.0,91360.0,10.0,685.0,686.0
0.9661034273833728,0.15127549503478624,0.9671777974908123,0.2616297007301772,0.5037153949839288,7891.0,78910.0,10.0,686.0,687.0
0.9650452299412435,0.15240700701584078,0.9688639551192146,0.2633826445020589,0.5073313782991202,7130.0,71300.0,10.0,687.0,688.0
0.9790752551971131,0.15366818742026855,0.9800055157198014,0.26567727706024186,0.5075089003660432,7252.0,72520.0,10.0,688.0,689.0
0.9797124474409237,0.15403384801577233,0.9828123053929505,0.26632690944682574,0.5077389916099594,8029.0,80290.0,10.0,689.0,690.0
0.9804112066095776,0.1538994000922935,0.9830508474576272,0.26613466334164587,0.5071347223152677,6785.0,67850.0,10.0,690.0,691.0
0.9795727063659396,0.15399420790387278,0.9833448196645991,0.2662871895363847,0.5073721362487731,8706.0,87060.0,10.0,691.0,692.0
0.97596568775344,0.15335505752477221,0.9787775891341256,0.2651641464957167,0.5068297576786541,7068.0,70680.0,10.0,692.0,693.0
0.9681507110275586,0.1513471047645455,0.9697956766360675,0.2618324272465622,0.502893907987186,6754.0,67540.0,10.0,693.0,694.0
0.9658414095251591,0.15158053727478693,0.9656357388316151,0.2620290936217829,0.5055295220243674,7275.0,72750.0,10.0,694.0,695.0
0.9611902696042137,0.15094016676039806,0.9637782982045278,0.2610037630544163,0.5038535235256547,6405.0,64050.0,10.0,695.0,696.0
0.983061231119938,0.15449855731398093,0.9862692565304756,0.267148451083259,0.5080781018490329,8958.0,89580.0,10.0,696.0,697.0
0.9777736909045098,0.1540875474715171,0.978920634920635,0.2662637077972541,0.5095295815295815,7875.0,78750.0,10.0,697.0,698.0
0.9757116668999238,0.15297726070861978,0.9790171923649654,0.2646079543375654,0.5052980050949457,7387.0,73870.0,10.0,698.0,699.0
0.9867199802454709,0.15513160579473576,0.9895874007549135,0.26821653466918316,0.5091051080898796,7683.0,76830.0,10.0,699.0,700.0
0.9751398261118632,0.1536441499676794,0.9778863461043971,0.26556335323487307,0.508286776221978,7778.0,77780.0,10.0,700.0,701.0
0.9798629361444927,0.15553027618745688,0.985000590527932,0.2686422934449992,0.5124386656216112,8467.0,84670.0,10.0,701.0,702.0
0.9691710626700332,0.15287297794837648,0.9711370987807912,0.26416243654822336,0.5081544481892827,8038.0,80380.0,10.0,702.0,703.0
0.9645549474048758,0.15253161966354223,0.9680477984153786,0.2635384805784905,0.5081415532123417,7699.0,76990.0,10.0,703.0,704.0
0.971071400963694,0.1528122086015147,0.9744742567077592,0.2641947153192828,0.50654624563254,6895.0,68950.0,10.0,704.0,705.0
0.979936552975243,0.15332417965096612,0.9830313855575402,0.2652734502762906,0.5049641606161126,7838.0,78380.0,10.0,705.0,706.0
0.9764845353641451,0.15321086133268874,0.9768815823272541,0.2648789831098729,0.5070639609555613,7786.0,77860.0,10.0,706.0,707.0
0.981206895939359,0.15401548137397195,0.9830168287787556,0.2663069619591359,0.507586284334779,6477.0,64770.0,10.0,707.0,708.0
0.9705221477752322,0.15115830115830114,0.9744866210329807,0.2617197292554525,0.5001979973977485,6428.0,64280.0,10.0,708.0,709.0
0.9601188952749745,0.15053741043159474,0.963985594237695,0.26040897216466985,0.5022130064146871,7497.0,74970.0,10.0,709.0,710.0
0.9815508693650428,0.15331594634873325,0.9848915482423336,0.2653287392451994,0.5041680832256749,6685.0,66850.0,10.0,710.0,711.0
0.9736164747308296,0.15367131353363928,0.977150722642808,0.26557677559342324,0.5086904836388663,7265.0,72650.0,10.0,711.0,712.0
0.9570146316775864,0.1502237008145004,0.9596921949432027,0.2597827704210683,0.502814883906859,8187.0,81870.0,10.0,712.0,713.0
0.9709204173049533,0.1532080249743489,0.9748576191137658,0.26480021129683434,0.5078861963151448,7199.0,71990.0,10.0,713.0,714.0
0.9653329470403277,0.15197831978319784,0.9664966220874122,0.26265502641537714,0.5066868881841996,7253.0,72530.0,10.0,714.0,715.0
0.9612423127093391,0.15160131016286052,0.9676248548199767,0.2621332494297176,0.5047777425826206,6888.0,68880.0,10.0,715.0,716.0
0.981011917146327,0.15375819813600275,0.9835771460115926,0.2659427590581738,0.506385968433995,7246.0,72460.0,10.0,716.0,717.0
0.9794367411018718,0.15342684617372712,0.9835818647386655,0.2654471544715447,0.5051280997959715,6639.0,66390.0,10.0,717.0,718.0
0.984069601452568,0.15465560477161405,0.9859554758703123,0.26737166241238197,0.5087948059709602,6693.0,66930.0,10.0,718.0,719.0
0.9741625401850863,0.15423788219285406,0.9770144965391145,0.26641737891737893,0.5108694361665499,7657.0,76570.0,10.0,719.0,720.0
0.9793873113096052,0.15547922529382552,0.9832504579952892,0.2685009826692871,0.5129547238942685,7642.0,76420.0,10.0,720.0,721.0
0.9761003711867708,0.15305265948047359,0.9807501769285208,0.26478399602575614,0.5048703596474297,7065.0,70650.0,10.0,721.0,722.0
0.9704346507919476,0.15273457321243408,0.9738359825573217,0.26405522923182545,0.5065154285860433,7109.0,71090.0,10.0,722.0,723.0
0.9792019375501702,0.152554599273668,0.9831676819493428,0.2641257536606374,0.5019674137981288,6238.0,62380.0,10.0,723.0,724.0
0.9682343704208823,0.15148599051114492,0.9733966062697728,0.2621712692203416,0.5019217193505373,6954.0,69540.0,10.0,724.0,725.0
0.9829446604993959,0.15394170622421366,0.9874786568013659,0.2663596238725772,0.5054845552853521,7028.0,70280.0,10.0,725.0,726.0
0.977007768263193,0.1528613902744674,0.9812302839116719,0.2645151689095818,0.5039432176656151,6340.0,63400.0,10.0,726.0,727.0
0.9730415600153788,0.15349820541816214,0.9794509803921568,0.26540284360189575,0.5070944741532977,6375.0,63750.0,10.0,727.0,728.0
0.9651421748257882,0.15188270251838862,0.968623796210003,0.26259053393970017,0.5054364709537124,6438.0,64380.0,10.0,728.0,729.0
0.9804711189050505,0.15467196819085488,0.9848101265822785,0.26735395189003436,0.5093210586881473,7110.0,71100.0,10.0,729.0,730.0
0.9663621259499843,0.15219565217391304,0.9688624411846112,0.26306692218088906,0.5065294517273482,7226.0,72260.0,10.0,730.0,731.0
0.9732713516403054,0.15245024984658542,0.9757329218684248,0.2636996038440397,0.5046481082390747,7129.0,71290.0,10.0,731.0,732.0
0.9829898469604775,0.15457564898173237,0.9855112844803566,0.2672358429979978,0.5086754983662201,7178.0,71780.0,10.0,732.0,733.0
0.9767597164310915,0.15408132069703454,0.9791160757649344,0.26626163904114114,0.5094264647445803,8236.0,82360.0,10.0,733.0,734.0
0.98083382887884,0.15449302250544486,0.9844512978668722,0.26707338330137703,0.5087965234457139,7782.0,77820.0,10.0,734.0,735.0
0.9707383773398409,0.15258993351366382,0.9707301383081377,0.26372474057891865,0.5072516740255563,6218.0,62180.0,10.0,735.0,736.0
0.97808047449591,0.15287087754242157,0.9820374015748031,0.2645586821782506,0.5036462061560487,8128.0,81280.0,10.0,736.0,737.0
0.9635257175197107,0.15182899955927723,0.9650986342943855,0.26238040080605496,0.5067011895539968,8567.0,85670.0,10.0,737.0,738.0
0.9837423701863593,0.1551826222107094,0.9865898129631808,0.26818232689017857,0.5105067852979863,8501.0,85010.0,10.0,738.0,739.0
0.9807273494884479,0.15400243031821978,0.9829132331555986,0.2662836506894288,0.5075794297801084,8252.0,82520.0,10.0,739.0,740.0
0.9842114679800835,0.15380185437582786,0.98767258382643,0.2661572959056557,0.5048749327595481,8112.0,81120.0,10.0,740.0,741.0
0.9797197735766139,0.1545426860217237,0.9827007487735605,0.26708303363098895,0.5096941529939206,7746.0,77460.0,10.0,741.0,742.0
0.976720264271771,0.15361439346994593,0.9792943740634791,0.26557074251939417,0.5075974291340045,7341.0,73410.0,10.0,742.0,743.0
0.9622998398592255,0.15178682347095118,0.9654945344396154,0.26233203914762665,0.5063754893861571,7593.0,75930.0,10.0,743.0,744.0
0.9839094015137176,0.15483446240098536,0.9888783398887834,0.2677463185340237,0.508279595082796,7373.0,73730.0,10.0,744.0,745.0
0.9784606946195549,0.15411257206852214,0.9812491746995906,0.2663870516750013,0.5086731570291586,7573.0,75730.0,10.0,745.0,746.0
0.9710107518460336,0.15403235637288196,0.9746556473829201,0.26602303828686574,0.5110643626346105,9075.0,90750.0,10.0,746.0,747.0
0.9703470778980248,0.15436312086527354,0.974477958236659,0.2665095408602638,0.5123693012324103,9051.0,90510.0,10.0,747.0,748.0
0.9838782780584453,0.1555303525431548,0.9881533952125061,0.2687593423019432,0.5111693387218545,8188.0,81880.0,10.0,748.0,749.0
0.9591573804079451,0.1515390367630712,0.9617752693689071,0.2618245307725884,0.5069849339987873,7796.0,77960.0,10.0,749.0,750.0
0.9553812309339474,0.15148882394755547,0.9629722605748714,0.26179386122059,0.5062930040964433,7967.0,79670.0,10.0,750.0,751.0
0.9580219288932963,0.15044309175727935,0.9548706659328564,0.2599328818841014,0.5056987041577025,9085.0,90850.0,10.0,751.0,752.0
0.9697064286106025,0.15248386951225015,0.9707022834984921,0.2635652869036246,0.506860940294805,6963.0,69630.0,10.0,752.0,753.0
0.9714518825526168,0.1517137323785074,0.9715892702624748,0.2624464355278535,0.503552980045625,6934.0,69340.0,10.0,753.0,754.0
0.9726574438028799,0.15262247838616716,0.9759898904802022,0.2639666196721778,0.5051983610323965,9496.0,94960.0,10.0,754.0,755.0
0.9778956896647363,0.15471996112258535,0.9788624135280554,0.2672052035249685,0.5119139123750961,7806.0,78060.0,10.0,755.0,756.0
0.9657914939594161,0.1516083742825288,0.9692449841605069,0.2622031780039279,0.504127867908227,7576.0,75760.0,10.0,756.0,757.0
0.9722448652655772,0.15274018578264728,0.9752523157749206,0.26411562078777895,0.505951258750927,7233.0,72330.0,10.0,757.0,758.0
0.9632097550462229,0.15170351888496947,0.9637879201967751,0.2621445827913027,0.50677035454297,7318.0,73180.0,10.0,758.0,759.0
0.9663608677180602,0.1522358241945082,0.9682346580156799,0.26310376492194676,0.5069429084027625,7398.0,73980.0,10.0,759.0,760.0
0.9461136861762499,0.14811099966566366,0.9478470179192298,0.256189684461633,0.4996474507038829,7478.0,74780.0,10.0,760.0,761.0
0.9684926696638174,0.15254518322002986,0.9735449735449735,0.26376146788990823,0.5059163059163059,6615.0,66150.0,10.0,761.0,762.0
0.9716089829341229,0.1529802897174068,0.9741418418267049,0.26443363503889333,0.5073202919868578,6613.0,66130.0,10.0,762.0,763.0
0.9789865672880113,0.15427349485240624,0.981349039405413,0.266631105692296,0.5092362412513864,7131.0,71310.0,10.0,763.0,764.0
0.9546398253712445,0.1509680393362016,0.9576023391812866,0.2608176267586939,0.5065567960304802,8208.0,82080.0,10.0,764.0,765.0
0.9798115662719875,0.15407910621841173,0.98444241077265,0.2664543524416136,0.5072439653430633,7649.0,76490.0,10.0,765.0,766.0
0.9696012343962188,0.15205686437251273,0.9736985554647043,0.2630367957001123,0.5039891969573081,7338.0,73380.0,10.0,766.0,767.0
0.9754583291244059,0.15401520191939352,0.9850419084461638,0.26638072322767375,0.5067581032764785,7755.0,77550.0,10.0,767.0,768.0
0.959214234453104,0.1496615435261198,0.9539672131147541,0.25873230419008325,0.503070044709389,7625.0,76250.0,10.0,768.0,769.0
0.9715792735810145,0.15339323098394975,0.9804850850292723,0.26528380162172355,0.5062726512405911,7174.0,71740.0,10.0,769.0,770.0
0.9744429098310511,0.1532703455201059,0.9764466414655423,0.26495186997001735,0.5074678156969521,6878.0,68780.0,10.0,770.0,771.0
0.9762773694579956,0.1534058626712401,0.9779983901261068,0.26521145975443383,0.5073420006341928,7454.0,74540.0,10.0,771.0,772.0
0.9668822325834039,0.15169890002340375,0.967304300637634,0.2622673434856176,0.505284838618172,7371.0,73710.0,10.0,772.0,773.0
0.9738171861719498,0.15413380473211857,0.9787019715066916,0.2663246725275586,0.5097921218226298,6949.0,69490.0,10.0,773.0,774.0
0.958271632024653,0.1519449225473322,0.9636151942948624,0.2624985132617056,0.507759886744023,6871.0,68710.0,10.0,774.0,775.0
0.9657955097389999,0.15188781014023733,0.9703652653342523,0.262662065105867,0.5047302800576405,7255.0,72550.0,10.0,775.0,776.0
0.9693137428940752,0.15229871964277578,0.9709513435003632,0.2632978199649461,0.5060540040932198,6885.0,68850.0,10.0,776.0,777.0
0.9760485453476685,0.15356348697847963,0.9780364858377341,0.26544838594091014,0.5079212674027844,8332.0,83320.0,10.0,777.0,778.0
0.9703175025527814,0.15412462017481338,0.9733475479744137,0.26611179480536307,0.5119424522409597,8442.0,84420.0,10.0,778.0,779.0
0.9683462629003233,0.1532919877216062,0.9738657468824622,0.2648889530373284,0.508610916809378,7538.0,75380.0,10.0,779.0,780.0
0.9735268763865883,0.1529896347259313,0.9758914392955104,0.2645119636882985,0.5066341194535218,6927.0,69270.0,10.0,780.0,781.0
0.9812504582041165,0.15332970851752914,0.9849658314350798,0.2653520435298449,0.504189963415476,6585.0,65850.0,10.0,781.0,782.0
0.9795010615684421,0.1541087357352868,0.9833068362480127,0.26645700499741515,0.5078190489955196,6290.0,62900.0,10.0,782.0,783.0
0.9708377485109383,0.15357712890808375,0.9729368029739777,0.26528005838350666,0.5100642108820548,6725.0,67250.0,10.0,783.0,784.0
0.9724034292197424,0.15262849783397728,0.9760407307577119,0.26397748212947775,0.5052002504832693,6678.0,66780.0,10.0,784.0,785.0
0.9678755076003656,0.15271490895684411,0.9723526343244653,0.26397125205784994,0.5070541091667852,7668.0,76680.0,10.0,785.0,786.0
0.9656217622485141,0.15237366003062788,0.9703675918979745,0.26338831195275914,0.5065811907522335,7998.0,79980.0,10.0,786.0,787.0
0.9818339671955644,0.15451119485701617,0.9854755784061696,0.2671382031671922,0.5084482355690582,7780.0,77800.0,10.0,787.0,788.0
0.984253223071269,0.1545740654106239,0.988845055094545,0.26735568346911376,0.5073150220749187,7351.0,73510.0,10.0,788.0,789.0
0.9719994877501975,0.15247087183607874,0.9754216867469879,0.2637190818475971,0.5048557867834976,6225.0,62250.0,10.0,789.0,790.0
0.9777993207444011,0.15378935835754776,0.9828006088280061,0.2659609523024961,0.5068216410682164,6570.0,65700.0,10.0,790.0,791.0
0.9726082467134349,0.1538651408055649,0.9753911806543385,0.26580094970442875,0.5101383680331049,7030.0,70300.0,10.0,791.0,792.0
0.9592273965594753,0.1513920518659855,0.9652060170045782,0.2617316355123612,0.5049884059694393,7645.0,76450.0,10.0,792.0,793.0
0.9745225742575311,0.15228841264075554,0.9785557986870898,0.26356010451250417,0.5028579006697169,6855.0,68550.0,10.0,793.0,794.0
0.9653854302143731,0.15061233578267647,0.9665618748213776,0.26061493411420206,0.5014159889838655,6998.0,69980.0,10.0,794.0,795.0
0.9810858357241079,0.15467213114754097,0.9848643006263048,0.2673561915556815,0.5092996773581324,7664.0,76640.0,10.0,795.0,796.0
0.946731468077566,0.1491079620756448,0.9487545407368967,0.2577132486388385,0.5031490305231873,7708.0,77080.0,10.0,796.0,797.0
0.9701289758801922,0.15292327754835905,0.9785813630041724,0.2645112781954887,0.5052724743962574,7190.0,71900.0,10.0,797.0,798.0
0.9597811552331827,0.15101587654046852,0.9599153140437544,0.26097467382962397,0.5057676268685443,7085.0,70850.0,10.0,798.0,799.0
0.9698911963926196,0.15349357182783677,0.9786172487526729,0.2653652879783533,0.5074191667206636,7015.0,70150.0,10.0,799.0,800.0
0.9685388902829098,0.15367328268565292,0.9718274430889197,0.2653821716209022,0.5108791347000378,7951.0,79510.0,10.0,800.0,801.0
0.9747745945507567,0.15378049506719335,0.979517005942597,0.26582712829839067,0.5081322773824987,7909.0,79090.0,10.0,801.0,802.0
0.9835390884942103,0.15469377092783015,0.9859240199788104,0.26742753920683143,0.5089505620760351,6607.0,66070.0,10.0,802.0,803.0
0.9774646454942337,0.1527894521962583,0.979371921182266,0.2643398774280669,0.5044362964621585,6496.0,64960.0,10.0,803.0,804.0
0.974490774066429,0.15349857991221275,0.9772602739726027,0.2653228205891104,0.5079950186799502,7300.0,73000.0,10.0,804.0,805.0
0.9692586442199818,0.15196159920206134,0.9702799522356376,0.26276926393704747,0.5050478246710169,7537.0,75370.0,10.0,805.0,806.0
0.9783757436377902,0.15504475183075672,0.9820899368638062,0.2678097714376065,0.5118131449789741,7761.0,77610.0,10.0,806.0,807.0
0.9676364504278295,0.15228180607674616,0.9694323144104804,0.2632166271446506,0.5066202741517409,7786.0,77860.0,10.0,807.0,808.0
0.9603082297751722,0.15176557394329082,0.9634635974304069,0.26222521718542263,0.5071418142884953,7472.0,74720.0,10.0,808.0,809.0
0.9784451850200258,0.15378302642113692,0.9837387964148527,0.2659858057815475,0.5064136887440345,7810.0,78100.0,10.0,809.0,810.0
0.9830477257965607,0.15462387010692877,0.9856252994729277,0.2673120969444941,0.5088099490351526,8348.0,83480.0,10.0,810.0,811.0
0.9836626164184634,0.1545665489056588,0.9874465811965812,0.26729326705829193,0.5078549922299922,7488.0,74880.0,10.0,811.0,812.0
0.9834633637753192,0.1545845674875143,0.9874326750448833,0.2673196994055408,0.5079283373717844,7241.0,72410.0,10.0,812.0,813.0
0.9516306616384997,0.14985889408237058,0.9491691104594331,0.25884951539501494,0.5058714501529751,7161.0,71610.0,10.0,813.0,814.0
0.9399221041634536,0.14910693377046388,0.9490514905149051,0.2577226648023108,0.5030179847253018,7380.0,73800.0,10.0,814.0,815.0
0.957977683879974,0.15064562410329985,0.9609342985930883,0.2604590892262125,0.5039177459611827,7321.0,73210.0,10.0,815.0,816.0
0.9837329435056708,0.15452596667205953,0.9884864165588616,0.2672706285634335,0.5072797836057862,7730.0,77300.0,10.0,816.0,817.0
0.9620597070646877,0.1511322194894411,0.9622030237580994,0.26123286667155315,0.5052523070881603,7408.0,74080.0,10.0,817.0,818.0
0.9579288130364083,0.1513921601615074,0.9644962486602358,0.2617056856187291,0.5052859787586476,7464.0,74640.0,10.0,818.0,819.0
0.9479942317358203,0.14944750220578967,0.952597750401714,0.2583620846195751,0.5028241710084238,7468.0,74680.0,10.0,819.0,820.0
0.9697578935322453,0.1524848155550812,0.9755431409062694,0.2637443780626972,0.5048586422888098,8055.0,80550.0,10.0,820.0,821.0
0.966861377841542,0.15183637563228503,0.973903230356891,0.2627142829962518,0.5030585157542415,7089.0,70890.0,10.0,821.0,822.0
0.9605949255962515,0.15171553064307766,0.9719455744143639,0.2624621212121212,0.5034111631109808,7129.0,71290.0,10.0,822.0,823.0
0.9690076000577268,0.15358065597696388,0.9719171243135297,0.2652473814187175,0.5104956202060545,8012.0,80120.0,10.0,823.0,824.0
0.970836802616837,0.15145966839589056,0.9712981082844097,0.26205561422034496,0.5026982150269822,6132.0,61320.0,10.0,824.0,825.0
0.9704456783570694,0.1519226393629124,0.9723314402213484,0.26278607552590666,0.5040443756040086,6867.0,68670.0,10.0,825.0,826.0
0.9845213474231459,0.1538171488901737,0.988529886914378,0.266211307128407,0.504582170656484,6190.0,61900.0,10.0,826.0,827.0
0.9808486430864017,0.15265365220430377,0.9823293172690764,0.2642438908454508,0.5026944140197153,6225.0,62250.0,10.0,827.0,828.0
0.9576377152018354,0.1507653406781957,0.9604487271681289,0.26062013386149435,0.5045827177281226,6953.0,69530.0,10.0,828.0,829.0
0.9686022833225374,0.15295387782771347,0.9717658318711119,0.264306477504447,0.5082005249496078,6269.0,62690.0,10.0,829.0,830.0
0.965456522982161,0.1519596814111506,0.9636182051647881,0.2625206491108736,0.5078146279458877,7009.0,70090.0,10.0,830.0,831.0
0.9793438820889847,0.15321167883211678,0.9805356586733105,0.2650140987332183,0.5055632626482829,6422.0,64220.0,10.0,831.0,832.0
0.9667586784315259,0.15219119885498786,0.967644084934277,0.2630153121319199,0.507018764854963,6923.0,69230.0,10.0,832.0,833.0
0.9736723184216292,0.15290353164256934,0.9749131026144778,0.26434732722765175,0.5067113632928957,6617.0,66170.0,10.0,833.0,834.0
0.9774478119521147,0.153596116757319,0.979817528338402,0.2655626533785429,0.5073139467665317,7234.0,72340.0,10.0,834.0,835.0
0.971004809330981,0.15266039075562884,0.9758418740849195,0.26401790489017407,0.5054039664581392,6830.0,68300.0,10.0,835.0,836.0
0.9473561155920505,0.1487389393848191,0.9462598927750829,0.25707003277096735,0.5027850627799568,7834.0,78340.0,10.0,836.0,837.0
0.977744416801297,0.1539449341604092,0.9867466517857143,0.26633780806958746,0.5057959618506493,7168.0,71680.0,10.0,837.0,838.0
0.9625393752811234,0.15058928278544484,0.9640017999100045,0.26048717221254003,0.5024066978469258,6667.0,66670.0,10.0,838.0,839.0
0.9701385119345728,0.15201682978139577,0.9760681250917633,0.2630631343608413,0.5028496683172942,6811.0,68110.0,10.0,839.0,840.0
0.9618992591179174,0.1511150234741784,0.9648066372273518,0.2613028902781553,0.5040935245672299,7473.0,74730.0,10.0,840.0,841.0
0.9660394720200943,0.1537075080429474,0.9814379408489048,0.2657886358685635,0.5070704570766444,8081.0,80810.0,10.0,841.0,842.0
0.9716485407626034,0.15304151607289695,0.9740749756572541,0.2645226329967443,0.5075794458705851,8216.0,82160.0,10.0,842.0,843.0
0.9635187300270822,0.15218122687002356,0.9660654959658282,0.2629420313256903,0.5076368813910342,8428.0,84280.0,10.0,843.0,844.0
0.9663794952104545,0.15092960491790988,0.9631623011601483,0.2609653742080788,0.5040719357188679,8361.0,83610.0,10.0,844.0,845.0
0.9686381332391898,0.15325419208150237,0.9763231197771588,0.26492318739252846,0.5074575841985313,7180.0,71800.0,10.0,845.0,846.0
0.9573104157627284,0.1519845304307956,0.967389925136404,0.26269726414444217,0.5063386049301543,7881.0,78810.0,10.0,846.0,847.0
0.9526805919096717,0.1491751186175075,0.9565945568736915,0.2581009583702058,0.5000570957305082,7165.0,71650.0,10.0,847.0,848.0
0.94080538835233,0.14849417207537,0.9489092996555684,0.25680163122633265,0.5006914727063981,6968.0,69680.0,10.0,848.0,849.0
0.9658354216669115,0.15262381548364026,0.9733466362599772,0.26387171561051004,0.5062972944956982,7016.0,70160.0,10.0,849.0,850.0
0.9802732749734173,0.15449331637321193,0.9861823361823362,0.26713742740830776,0.5080937580937581,7020.0,70200.0,10.0,850.0,851.0
0.9698165242005474,0.15158708484759364,0.9705447209145931,0.26221883062611284,0.5035030873632084,7435.0,74350.0,10.0,851.0,852.0
0.9751395813573988,0.15227904586127142,0.9798556825015033,0.26359316550399353,0.5022822937735746,6652.0,66520.0,10.0,852.0,853.0
0.969514836468445,0.15211904969106257,0.9732739420935412,0.26311432226988785,0.504403725450496,7184.0,71840.0,10.0,853.0,854.0
0.9729079031272025,0.1529991851743518,0.9799277398635087,0.26467399161486194,0.5050059000279795,7473.0,74730.0,10.0,854.0,855.0
0.9701620590555431,0.1524097085123679,0.974602703104114,0.2635976540531855,0.5049619918177768,6733.0,67330.0,10.0,855.0,856.0
0.9742668423669287,0.15295401536387562,0.9781061850027367,0.2645398863825614,0.5055854107578246,7308.0,73080.0,10.0,856.0,857.0
0.9747958706276967,0.15343634504993317,0.9788061198896413,0.26528669997620746,0.5071254303759947,7974.0,79740.0,10.0,857.0,858.0
0.962231813155245,0.1519044133273513,0.96867941575064,0.2626250255154113,0.5054961602168349,6641.0,66410.0,10.0,858.0,859.0
0.9675631037185631,0.15200749151351983,0.9718604999251609,0.26289578103490163,0.504565184852567,6681.0,66810.0,10.0,859.0,860.0
0.9695086172963308,0.1537173314439381,0.9891202984146721,0.2660831753818709,0.5039609649494635,9651.0,96510.0,10.0,860.0,861.0
0.9596889952616201,0.1539000913668912,0.9834351663272234,0.26614977585066507,0.5069801888539159,7365.0,73650.0,10.0,861.0,862.0
0.9771250138011405,0.15486618495943164,0.9885338830198402,0.26778111258463044,0.5085380993652058,7762.0,77620.0,10.0,862.0,863.0
0.9638913694423521,0.15245109039352087,0.9695121951219512,0.26347242054048337,0.50722979666934,7708.0,77080.0,10.0,863.0,864.0
0.9702754285408068,0.15307800280729897,0.9769644228308165,0.2646834477498093,0.506526746864602,7814.0,78140.0,10.0,864.0,865.0
0.9798178535740757,0.15371358227328683,0.9817848250556939,0.2658104344432421,0.5069513110398971,7631.0,76310.0,10.0,865.0,866.0
0.982977057254488,0.1543745400209639,0.9857590430076901,0.2669443319642892,0.507819580021232,7022.0,70220.0,10.0,866.0,867.0
0.9799445351529865,0.1543867031348622,0.9837779863252447,0.2668897415846806,0.5086716474301941,7459.0,74590.0,10.0,867.0,868.0
0.9111804524840239,0.14354239117400167,0.9068181818181819,0.24785174448700695,0.4996556473829201,9240.0,92400.0,10.0,868.0,869.0
0.9629283219699338,0.1510557273881251,0.9644977168949772,0.2612029122161594,0.5039954337899544,8760.0,87600.0,10.0,869.0,870.0
0.9784274550678707,0.15448160184505713,0.9831865492393915,0.2670097301998587,0.5092680204769876,7494.0,74940.0,10.0,870.0,871.0
0.9688760440107265,0.15262525382288342,0.9731800766283525,0.2638677437266035,0.5063716835417192,7569.0,75690.0,10.0,871.0,872.0
0.9762052997002232,0.15253329763737367,0.9776919776919777,0.2638953219082909,0.5041535041535041,6993.0,69930.0,10.0,872.0,873.0
0.9841481086261511,0.1544171645197785,0.9861832931930536,0.2670236133992312,0.5078071883750677,7889.0,78890.0,10.0,873.0,874.0
0.9655599772437727,0.15206277743883198,0.9687709422329447,0.26286503982252607,0.5060618245177956,7461.0,74610.0,10.0,874.0,875.0
0.9723443060402532,0.15376887964611127,0.975732498322523,0.2656699602636908,0.5096378682824668,8942.0,89420.0,10.0,875.0,876.0
0.9695688147558938,0.1529526196666729,0.9768247521204158,0.26449087850950964,0.5061087520769757,8371.0,83710.0,10.0,876.0,877.0
0.9752428770780639,0.15264332136967698,0.9770271948342233,0.26403570589617104,0.5048485601074698,8053.0,80530.0,10.0,877.0,878.0
0.981877353110902,0.15492424242424244,0.9838300146999867,0.2676944893914877,0.5106605274986941,7483.0,74830.0,10.0,878.0,879.0
0.9810984363251306,0.15351117141169004,0.9833193159517802,0.2655637788419678,0.5055559803246935,7134.0,71340.0,10.0,879.0,880.0
0.9648991126513854,0.1512355848434926,0.9660446190543005,0.26152852693155054,0.50403714427848,7127.0,71270.0,10.0,880.0,881.0
0.9819651934263889,0.15627067384935261,0.9864280387770321,0.26979950641457096,0.514595620635889,6705.0,67050.0,10.0,881.0,882.0
0.9816692480270028,0.1538004181131207,0.9840471223463002,0.26602308917197454,0.5063532614152322,8149.0,81490.0,10.0,882.0,883.0
0.9814823605236772,0.15318115164912127,0.9831436999578592,0.26506343495550083,0.5043736990639646,7119.0,71190.0,10.0,883.0,884.0
0.9722444148951448,0.1538393016212364,0.9739179472719582,0.26570763697905647,0.5106442971944171,7093.0,70930.0,10.0,884.0,885.0
0.9585125074490994,0.1512904055560319,0.9605334784975503,0.2614074074074074,0.5065571336665512,7348.0,73480.0,10.0,885.0,886.0
0.9580203411630258,0.1509583242676583,0.9556724267468069,0.26073142818099515,0.507331011087585,7986.0,79860.0,10.0,886.0,887.0
0.9710582933350144,0.1535840767472094,0.9777397260273972,0.2654682112277711,0.5081205894562059,7008.0,70080.0,10.0,887.0,888.0
0.9484143509065979,0.14987119927783527,0.9529609407811844,0.25900840911685247,0.5043080956562687,7143.0,71430.0,10.0,888.0,889.0
0.9748321884814558,0.154198576144811,0.977923372738926,0.2663924885543571,0.5103520607010138,7021.0,70210.0,10.0,889.0,890.0
0.9596361438984369,0.15202046938415387,0.9610932924278344,0.2625173786352296,0.5090959800205372,7171.0,71710.0,10.0,890.0,891.0
0.968925328958412,0.15175699084385053,0.9700764566306354,0.26245586504511575,0.5043501186395992,7586.0,75860.0,10.0,891.0,892.0
0.9662833480696152,0.1515500924616556,0.967634393665787,0.26205703107365885,0.504577655987574,7199.0,71990.0,10.0,892.0,893.0
0.9717181283494766,0.1515530090897342,0.9734366353071389,0.2622730830879338,0.5021633043215777,7228.0,72280.0,10.0,893.0,894.0
0.9535192107078223,0.15042944315855922,0.9558769903974718,0.2599497553880735,0.5052211675525156,8227.0,82270.0,10.0,894.0,895.0
0.9672298739587136,0.1514828897338403,0.9706419783164819,0.26206647042378595,0.5030620494136148,8209.0,82090.0,10.0,895.0,896.0
0.9679745418294335,0.15207715133531158,0.9701969813251471,0.2629389537906888,0.5055233842647503,7818.0,78180.0,10.0,896.0,897.0
0.9696231142524886,0.15283085855105152,0.9712010617120106,0.2641019163448699,0.5079688725342342,7535.0,75350.0,10.0,897.0,898.0
0.9625213674108726,0.15153479845290527,0.9633314383172257,0.2618757847966773,0.5063181559770531,7036.0,70360.0,10.0,898.0,899.0
0.9701169705405284,0.15285950133344622,0.9710904934785531,0.26414059214015323,0.5081227767794932,7437.0,74370.0,10.0,899.0,900.0
0.9629518058959601,0.15202521735547406,0.9739968321013728,0.263000320775564,0.5037438801958337,7576.0,75760.0,10.0,900.0,901.0
0.9663902066652013,0.15171641972605407,0.9696781215985072,0.2623806117726259,0.5043609787817531,6431.0,64310.0,10.0,901.0,902.0
0.9619362591094435,0.15094458043055295,0.9637990916377237,0.26101112417473094,0.5038617540621281,7486.0,74860.0,10.0,902.0,903.0
0.9707280713199273,0.15177576432966713,0.970866263753293,0.2625128323311894,0.5040925291971317,6453.0,64530.0,10.0,903.0,904.0
0.9579714985919656,0.15077455763653125,0.9607449856733524,0.2606448102299007,0.5044933576452201,6980.0,69800.0,10.0,904.0,905.0
0.9828344424415092,0.15535796817571582,0.9875489647453833,0.2684796044499382,0.5107722439843313,7148.0,71480.0,10.0,905.0,906.0
0.9648247454153087,0.15181557010314134,0.9706413730803974,0.26256414433493525,0.504338780761545,6642.0,66420.0,10.0,906.0,907.0
0.9783064921088063,0.15383116461341936,0.9810825738746203,0.2659604334724588,0.5076824583866837,7242.0,72420.0,10.0,907.0,908.0
0.9800150762513473,0.15262954556430192,0.9828953506453117,0.26422823701536213,0.5023677923693474,6431.0,64310.0,10.0,908.0,909.0
0.9756663913033301,0.15289445547579045,0.9786312849162011,0.2644699843363717,0.5051422041645506,7160.0,71600.0,10.0,909.0,910.0
0.9676357814242378,0.15177308201360049,0.9700991831971996,0.2624807608824342,0.5044022488596585,6856.0,68560.0,10.0,910.0,911.0
0.9758735780114454,0.15358179644808742,0.9806460406160556,0.26557165267140354,0.5069200936721722,7337.0,73370.0,10.0,911.0,912.0
0.9666394512164158,0.15263059176591953,0.9673105497771174,0.26365882305293425,0.5088207483452655,6730.0,67300.0,10.0,912.0,913.0
0.9738081749818533,0.1540670682991082,0.9795442064799561,0.26625618061386325,0.5091982427237781,7284.0,72840.0,10.0,913.0,914.0
0.9723548642985299,0.1524088908947309,0.9730586370839936,0.26353987825815517,0.5055991408102055,6941.0,69410.0,10.0,914.0,915.0
0.9796154693980492,0.154151100041511,0.983448093220339,0.26652551496447285,0.5079208397534669,7552.0,75520.0,10.0,915.0,916.0
0.9691763075143012,0.1532041400572561,0.972734899328859,0.2647159544918382,0.5087451698189953,7152.0,71520.0,10.0,916.0,917.0
0.9562423179033164,0.1502153353388015,0.9543517118108071,0.2595736724008975,0.5050435608664675,7273.0,72730.0,10.0,917.0,918.0
0.9738946801697517,0.15264183483772706,0.9759415723900903,0.26399380205306994,0.5052920729564007,6983.0,69830.0,10.0,918.0,919.0
0.9847159472628271,0.15506189213085764,0.9871939206304532,0.26802429985099147,0.5098124504260164,7106.0,71060.0,10.0,919.0,920.0
0.9729342610393199,0.1526836061456978,0.9743589743589743,0.26399826316932123,0.506105636787455,6864.0,68640.0,10.0,920.0,921.0
0.9635391814125305,0.15050741608118656,0.963449457452884,0.26034452825093074,0.5023233476974197,7004.0,70040.0,10.0,921.0,922.0
0.9675329917411437,0.1518636939121478,0.9674641148325359,0.2625194747384821,0.5058472627850619,7315.0,73150.0,10.0,922.0,923.0
0.9741537016910136,0.15229218905237263,0.975159042714329,0.26344218021114657,0.5042824488447027,6602.0,66020.0,10.0,923.0,924.0
0.9787046814616598,0.15340831783754366,0.9807190489997101,0.2653149266609146,0.5062336909249058,6898.0,68980.0,10.0,924.0,925.0
0.9743621862952323,0.15297080709788208,0.9764688687518269,0.26450501811271454,0.506324572825596,6842.0,68420.0,10.0,925.0,926.0
0.960582198017438,0.15138237060432838,0.9681365576102419,0.26182461674585006,0.5037242984611405,7030.0,70300.0,10.0,926.0,927.0
0.9598368375667573,0.15072300045187528,0.9595799769850403,0.26052487698195737,0.5047860654880217,6952.0,69520.0,10.0,927.0,928.0
0.9885070613734788,0.15593542652803902,0.9914574845577605,0.26948631849682075,0.511344221555813,7609.0,76090.0,10.0,928.0,929.0
0.9773650130048652,0.15266687202331589,0.9790305424707492,0.2641439816333224,0.5041096268873202,6581.0,65810.0,10.0,929.0,930.0
0.9822779240223408,0.15375091709464417,0.9841502788376871,0.26595280586952214,0.5061237559036209,6814.0,68140.0,10.0,930.0,931.0
0.9715892762684641,0.1527532232331508,0.9721459934138309,0.26402086826905163,0.5072847021255363,7288.0,72880.0,10.0,931.0,932.0
0.9825185998147157,0.1536612337131593,0.9847481127715298,0.26584042088627335,0.5055391381073094,6491.0,64910.0,10.0,932.0,933.0
0.9735888120346601,0.15374885812662498,0.9779499404052443,0.26572209290557636,0.5086547838335681,6712.0,67120.0,10.0,933.0,934.0
0.9795433003068713,0.15406640139792416,0.9821500469735606,0.26635122838944497,0.508131916399263,7451.0,74510.0,10.0,934.0,935.0
0.9766203468608322,0.15251606697853365,0.9770340288475003,0.26384555750940686,0.5043602245674784,7141.0,71410.0,10.0,935.0,936.0
0.9846514397736552,0.1537641723356009,0.9861838278068644,0.26604676710608915,0.5053413718335185,6876.0,68760.0,10.0,936.0,937.0
0.9774308977777972,0.15373284750755872,0.9781724010358861,0.2657063897496022,0.5085034585589524,8109.0,81090.0,10.0,937.0,938.0
0.975043572445123,0.15336673346693386,0.9778941988244314,0.26514915289470947,0.5072369490974142,7826.0,78260.0,10.0,938.0,939.0
0.9611033575392711,0.15220162354361877,0.9636131955259805,0.26288142139822324,0.5087330904972134,7063.0,70630.0,10.0,939.0,940.0
0.9811948990769956,0.1536280676884912,0.9841089670828603,0.26576749176182085,0.5056753688989785,7048.0,70480.0,10.0,940.0,941.0
0.9720507081770202,0.15200439319055464,0.975747320924986,0.2630328601022483,0.5029354458288469,7092.0,70920.0,10.0,941.0,942.0
0.9334707370433921,0.1476192479178935,0.9363660618996799,0.2550323377661507,0.5026923450082468,7496.0,74960.0,10.0,942.0,943.0
0.9824381226354594,0.15456144759989948,0.9846564376250834,0.26718317252864615,0.5089696161077082,7495.0,74950.0,10.0,943.0,944.0
0.9764349471738683,0.15253118121790168,0.9803520905375668,0.26398882586980443,0.5030436397930896,6362.0,63620.0,10.0,944.0,945.0
0.9714258157785942,0.15319701395650762,0.9735501091967969,0.2647354789752388,0.508382784408021,8242.0,82420.0,10.0,945.0,946.0
0.9790253354220733,0.1535375405973381,0.9820773930753565,0.26555788082387927,0.5061655249027958,7365.0,73650.0,10.0,946.0,947.0
0.9801807935290062,0.15451709559578047,0.9831548707234264,0.2670615777525539,0.5094138037465277,7658.0,76580.0,10.0,947.0,948.0
0.9813464336615693,0.15335265884141994,0.9832419256550884,0.26532374100719425,0.5049858733588167,6564.0,65640.0,10.0,948.0,949.0
0.9771720184190055,0.15558933259637972,0.9780369772924681,0.26846963452433664,0.5154598472628005,8059.0,80590.0,10.0,949.0,950.0
0.9817273436671086,0.1552341624752921,0.9842412209951606,0.2681722902157009,0.5116470574964185,8059.0,80590.0,10.0,950.0,951.0
0.9803136944274923,0.15357570914902116,0.980862464914519,0.2655704860271512,0.5068083230879863,7838.0,78380.0,10.0,951.0,952.0
0.9725392000976125,0.15246233415785923,0.9742651861528413,0.2636640033939051,0.5053025354788908,7655.0,76550.0,10.0,952.0,953.0
0.9811260943309478,0.15425341179944735,0.9830622395483264,0.266664235705951,0.5084627699226436,7439.0,74390.0,10.0,953.0,954.0
0.9827767361176014,0.15483328877515945,0.9848171990768857,0.2675951748378686,0.5099212702759405,8233.0,82330.0,10.0,954.0,955.0
0.9733558044373352,0.1527824620573356,0.9746867485128464,0.2641580626350633,0.5063455719068932,7901.0,79010.0,10.0,955.0,956.0
0.9668199854716042,0.152193813467311,0.9696188796961888,0.2630920398925404,0.5062081550620815,7373.0,73730.0,10.0,956.0,957.0
0.9759493501101139,0.15352115807965133,0.9772116065109696,0.2653547544007994,0.5081001093739947,7065.0,70650.0,10.0,957.0,958.0
0.9712897786933018,0.15256936067551266,0.9714285714285714,0.26371976647206,0.5068845133361263,6510.0,65100.0,10.0,958.0,959.0
0.9656365141951474,0.15115889229118706,0.9662808972710387,0.26142249710088905,0.503643377625375,6999.0,69990.0,10.0,959.0,960.0
0.9745948590901345,0.15354835949865253,0.9751426242868786,0.2653189444896149,0.5090513941369688,7362.0,73620.0,10.0,960.0,961.0
0.9767982704639776,0.15328298720369204,0.9777866987822829,0.26502003880818964,0.5069644660170554,7473.0,74730.0,10.0,961.0,962.0
0.9839752026700166,0.15525656245877853,0.9863128491620111,0.26828249059757625,0.5108938547486034,7160.0,71600.0,10.0,962.0,963.0
0.977000966391836,0.15431507989347537,0.9808251785241999,0.2666738575486283,0.5096054434853694,7562.0,75620.0,10.0,963.0,964.0
0.9828298600415153,0.15425582276084074,0.9860795884400061,0.26677855783204046,0.5072421904015186,6609.0,66090.0,10.0,964.0,965.0
0.9676995371990755,0.15271677142233117,0.9702436016034536,0.26389616924915604,0.5079331707453817,6486.0,64860.0,10.0,965.0,966.0
0.94804925285167,0.1472430282256358,0.9328418230563003,0.25434011914769195,0.5027540823787473,7460.0,74600.0,10.0,966.0,967.0
0.9563290795343404,0.15474993384493252,0.98583951449764,0.26750834819999086,0.509195120456078,8898.0,88980.0,10.0,967.0,968.0
0.9350784950692784,0.15030783913767615,0.9603060736489718,0.25993106907655217,0.5028803095517587,8364.0,83640.0,10.0,968.0,969.0
0.9698636723100913,0.15173517676533357,0.9762686567164179,0.26264857051076135,0.5016824966078698,6700.0,67000.0,10.0,969.0,970.0
0.9781102056739759,0.15432398740729786,0.9811929070392262,0.2667007467182736,0.5094890332665722,7444.0,74440.0,10.0,970.0,971.0
0.9660995345095129,0.1522130042094078,0.9672769770159719,0.26303430498419816,0.5072540756218201,7701.0,77010.0,10.0,971.0,972.0
0.9518292330988894,0.15010715994922907,0.957398805573988,0.2595244091088966,0.5033359473969958,7535.0,75350.0,10.0,972.0,973.0
0.9671226130286299,0.15255057167985928,0.9713005739885202,0.2636869809778994,0.5068662263118374,7143.0,71430.0,10.0,973.0,974.0
0.9826758777964234,0.15397061105077683,0.9872104590024158,0.26639312830738554,0.5057036185357914,7037.0,70370.0,10.0,974.0,975.0
0.9864319070908503,0.1551783647696587,0.9902824565949728,0.2683119481841639,0.5089990341350797,7718.0,77180.0,10.0,975.0,976.0
0.9786437075785344,0.15407731184264445,0.9817232375979112,0.2663518299881936,0.5083471793654561,6894.0,68940.0,10.0,976.0,977.0
0.9712136162101449,0.15183864546190362,0.972946453602467,0.26268283913940244,0.5034661161658639,7134.0,71340.0,10.0,977.0,978.0
0.9644767941062632,0.15112329664034047,0.9665009159905784,0.26137730908061435,0.5034141467012443,7642.0,76420.0,10.0,978.0,979.0
0.977765215848154,0.1536136944103254,0.9787577639751552,0.2655499570280245,0.5078147939017504,8050.0,80500.0,10.0,979.0,980.0
0.9682842075262315,0.15128751210067765,0.9703216192723209,0.2617623904996399,0.5024440355372927,8053.0,80530.0,10.0,980.0,981.0
0.9810759713772215,0.15491444938569382,0.9834908481875823,0.26766731241962005,0.5107614003414936,8359.0,83590.0,10.0,981.0,982.0
0.9650708800018968,0.15289455686526934,0.9706295492274295,0.2641758623685811,0.5084454557063419,7831.0,78310.0,10.0,982.0,983.0
0.9628440089592152,0.15263201906593638,0.9701036407121977,0.263764450867052,0.5076703790495978,7526.0,75260.0,10.0,983.0,984.0
0.9540005765915468,0.14950311672276104,0.9543605390287313,0.2585099605709465,0.5022883295194508,7866.0,78660.0,10.0,984.0,985.0
0.9628463882226529,0.15158202852762162,0.9668098977626315,0.262074505472437,0.5050445183798273,6749.0,67490.0,10.0,985.0,986.0
0.9728866368077669,0.15197413206262764,0.9754993757802747,0.2629785443836769,0.5029224832595619,6408.0,64080.0,10.0,986.0,987.0
0.9827984899251632,0.15403847985522431,0.9835791394252699,0.2663619706421263,0.5074432941241517,6577.0,65770.0,10.0,987.0,988.0
0.9881375078909369,0.15440998009805348,0.9894245723172629,0.2671313402754451,0.5064611904425279,6430.0,64300.0,10.0,988.0,989.0
0.9844560834482348,0.15485623218334044,0.9875465216146578,0.26772998040242935,0.508900918720558,6986.0,69860.0,10.0,989.0,990.0
0.9728326584905864,0.1531627719580983,0.9752437147255003,0.2647468486663417,0.507556322589673,7796.0,77960.0,10.0,990.0,991.0
0.9775625395091052,0.15381669645136584,0.9819367105799267,0.26597016572553206,0.5072784067758942,7363.0,73630.0,10.0,991.0,992.0
0.9777562619279822,0.1530473602484472,0.9804165371464098,0.2647639034627492,0.5049877073501569,6434.0,64340.0,10.0,992.0,993.0
0.9617650836337216,0.1506827742907921,0.9696004632310364,0.26083062364921433,0.500407959151445,6908.0,69080.0,10.0,993.0,994.0
0.9662925024787137,0.15234832024068193,0.9731749632990792,0.2634535831060209,0.5053201169576453,7493.0,74930.0,10.0,994.0,995.0
0.9794506715190161,0.15465598360273908,0.9850170597834149,0.2673376950176145,0.5091772194575933,6741.0,67410.0,10.0,995.0,996.0
0.9724512601878033,0.15188464702182222,0.9712252475247525,0.262688815431608,0.5043598109810981,6464.0,64640.0,10.0,996.0,997.0
0.9698406510344754,0.15218005703861667,0.9733771569433032,0.26320934986446254,0.5045940091133189,6085.0,60850.0,10.0,997.0,998.0
0.9736797955364784,0.1525033023388329,0.975480450629556,0.2637697390525255,0.5049551177781794,6036.0,60360.0,10.0,998.0,999.0
0.976975451466736,0.15326072095884793,0.9794670161642639,0.26504837152483596,0.5061890199504878,6867.0,68670.0,10.0,999.0,1000.0
0.9750004801597624,0.15330253359492016,0.9772727272727273,0.265030361603968,0.5072497432637293,7436.0,74360.0,10.0,1000.0,1001.0
0.9804757932285642,0.15321570609303245,0.98377539503386,0.2651381204965874,0.5042453314180176,7088.0,70880.0,10.0,1001.0,1002.0
0.9745098809956664,0.15128139415684264,0.9739316944398614,0.2618841640602471,0.5009074410163339,6061.0,60610.0,10.0,1002.0,1003.0
0.9499033130690804,0.14910186321544125,0.9533456983877872,0.25787280024698983,0.5011608451471484,7009.0,70090.0,10.0,1003.0,1004.0
0.9572182050502503,0.14878630255743389,0.9499100594991006,0.2572750950962205,0.5014025686503893,7227.0,72270.0,10.0,1004.0,1005.0
0.9812987561372839,0.1534768693628164,0.983486482887202,0.2655185431535046,0.5053572077143791,7509.0,75090.0,10.0,1005.0,1006.0
0.9785796035502958,0.1521494969770832,0.9795384615384616,0.26338759385277266,0.5019160839160839,6500.0,65000.0,10.0,1006.0,1007.0
0.9842747847844756,0.15490340048643936,0.9872769815735595,0.26779055930186435,0.5091866308596347,6838.0,68380.0,10.0,1007.0,1008.0
0.9835315141395322,0.15438531582084644,0.9869908015768726,0.26700556335649916,0.5073587385019711,7610.0,76100.0,10.0,1008.0,1009.0
0.9814995273871048,0.15441586879051994,0.9838599370811106,0.2669363368155419,0.5087477151490283,7311.0,73110.0,10.0,1009.0,1010.0
0.9689930265306124,0.1514180134455278,0.9717142857142858,0.2620083972112014,0.5023636363636363,7000.0,70000.0,10.0,1010.0,1011.0
0.9568128399954089,0.15004394143999314,0.9602194787379973,0.2595332109819624,0.5018954981917945,7290.0,72900.0,10.0,1011.0,1012.0
0.9747886717847751,0.15296115955157966,0.9764348706086453,0.2644893483709273,0.5063019963988592,6917.0,69170.0,10.0,1012.0,1013.0
0.9621711207532462,0.15261103181932667,0.9680468645985887,0.2636569667301242,0.5084421636145774,7511.0,75110.0,10.0,1013.0,1014.0
0.9841550572217885,0.15429489347311465,0.9883563498510696,0.2669201798968884,0.5064618565837088,7386.0,73860.0,10.0,1014.0,1015.0
0.9780825957592134,0.15338803900620554,0.9810991567316081,0.2652985001277742,0.5060006873033915,6878.0,68780.0,10.0,1015.0,1016.0
0.9699945699290883,0.15228200040132883,0.9719652767895262,0.26331007363429587,0.5055694270152787,7027.0,70270.0,10.0,1016.0,1017.0
0.9814202309544103,0.1545921520983865,0.9843919652551575,0.2672193055171779,0.5091920837034843,7368.0,73680.0,10.0,1017.0,1018.0
0.9800600980105679,0.15389539722168874,0.9839017735334242,0.26615983614119904,0.506771673074538,7330.0,73300.0,10.0,1018.0,1019.0
0.9799042960379821,0.153804942295243,0.977859778597786,0.26580251914433967,0.5089025365778134,7046.0,70460.0,10.0,1019.0,1020.0
0.9749215999210853,0.153152960315082,0.9761255115961801,0.2647646536412078,0.5071561453553268,7330.0,73300.0,10.0,1020.0,1021.0
0.9716668683256396,0.1525863611956327,0.9748427672955975,0.26387061827748975,0.5055356307500389,6996.0,69960.0,10.0,1021.0,1022.0
0.9716337932575283,0.1518630849220104,0.9716617896195904,0.26267252326331786,0.5040953194349159,6493.0,64930.0,10.0,1022.0,1023.0
0.9858648013327341,0.15433192998005762,0.9892060786820054,0.2670065745337448,0.506255568036565,7041.0,70410.0,10.0,1023.0,1024.0
0.9751403913482838,0.1518060930832589,0.9774760383386581,0.2627984882322625,0.5014522218995062,6260.0,62600.0,10.0,1024.0,1025.0
0.982079272277079,0.15359940780951206,0.9849683544303798,0.26575591013394523,0.5052143268124281,7584.0,75840.0,10.0,1025.0,1026.0
0.9759961829051299,0.15316629664869436,0.9774659290244232,0.26483383906701274,0.5066547270028582,7411.0,74110.0,10.0,1026.0,1027.0
0.9816080061343557,0.15301564451595148,0.9855467684755931,0.2649026039471514,0.502751815950616,7334.0,73340.0,10.0,1027.0,1028.0
0.9713801295245991,0.15149257101567087,0.9738713891711424,0.2621983390327308,0.5017485055226382,6889.0,68890.0,10.0,1028.0,1029.0
0.9700469392059303,0.1519221122714214,0.9697278416533256,0.26268998009028366,0.5051269498948149,6871.0,68710.0,10.0,1029.0,1030.0
0.881895819011125,0.1405170904421921,0.8830073349633252,0.2424517060235302,0.49836630362302736,8180.0,81800.0,10.0,1030.0,1031.0
0.9762475204186145,0.1545470787922101,0.9805866515516508,0.2670113634171281,0.510569775980007,7057.0,70570.0,10.0,1031.0,1032.0
0.9772104751562921,0.15387881903314485,0.9803502776591201,0.26600471351852567,0.508161495346459,7023.0,70230.0,10.0,1032.0,1033.0
0.9617641599883502,0.1505930528099407,0.9628347878423111,0.2604501607717042,0.5029135775449347,6646.0,66460.0,10.0,1033.0,1034.0
0.9692795687139774,0.1510253655346382,0.9713083971759051,0.26140567200986436,0.5010173842981414,6657.0,66570.0,10.0,1034.0,1035.0
0.9724076227576841,0.152970121239791,0.9774716369529983,0.2645407491885253,0.5059083542065714,6170.0,61700.0,10.0,1035.0,1036.0
0.9740478767242164,0.1532163473701157,0.9802825191288993,0.2650118344372178,0.5056851623949917,6796.0,67960.0,10.0,1036.0,1037.0
0.9651277511752869,0.151242787394585,0.9661185143181173,0.26154200406800476,0.5040338170477099,7054.0,70540.0,10.0,1037.0,1038.0
0.9614540702444554,0.15191345335243672,0.9654262338347849,0.2625186142060032,0.5068859617553204,7578.0,75780.0,10.0,1038.0,1039.0
0.9653552496139883,0.15113118105636808,0.9695877774574806,0.261501681276604,0.5021489032731465,6938.0,69380.0,10.0,1039.0,1040.0
0.9572793661173253,0.15074440373578432,0.9600755327758295,0.2605751102813318,0.5046594894180543,7414.0,74140.0,10.0,1040.0,1041.0
0.9518534700803254,0.15076002446055736,0.9596830251633532,0.2605839829372794,0.504884799615788,7193.0,71930.0,10.0,1041.0,1042.0
0.9727503365761309,0.1526116136562591,0.9750466083464793,0.26391584504308674,0.5055473710285125,6973.0,69730.0,10.0,1042.0,1043.0
0.9734562003960575,0.15260659073368105,0.9759198324857912,0.26394029488501913,0.5051668343621679,6686.0,66860.0,10.0,1043.0,1044.0
0.9435596091424105,0.14905835990256847,0.9489409984871406,0.25764603193619606,0.5028767248888277,7932.0,79320.0,10.0,1044.0,1045.0
0.9803997171408185,0.15361185616220394,0.9855621992124836,0.26579614953491576,0.5050180969679292,6857.0,68570.0,10.0,1045.0,1046.0
0.9743863971690032,0.15238689170975075,0.9788086316061506,0.2637167525414288,0.5031305430581823,7739.0,77390.0,10.0,1046.0,1047.0
0.9715656812953585,0.15252442292729315,0.9749930920143686,0.2637835009157851,0.5052375091059811,7238.0,72380.0,10.0,1047.0,1048.0
0.9680657841939603,0.15142075165216617,0.972976837289105,0.2620583421584673,0.5018457379052175,6994.0,69940.0,10.0,1048.0,1049.0
0.9610748214342997,0.14999662473841724,0.9617659789352185,0.25951880401775285,0.5010558623312915,6931.0,69310.0,10.0,1049.0,1050.0
0.9574259584545317,0.14998359041680343,0.9536727879799666,0.2592025409789575,0.5044392168766125,7188.0,71880.0,10.0,1050.0,1051.0
0.9685016066195765,0.15240070517473817,0.9705455025756174,0.2634352704979744,0.5066101511749379,7571.0,75710.0,10.0,1051.0,1052.0
0.970408842027825,0.15168605611534558,0.976157934700076,0.26257097340794905,0.5015393111065093,6585.0,65850.0,10.0,1052.0,1053.0
0.9710284171725154,0.15174138780460075,0.9726709583383942,0.2625272509712,0.5032077117586652,8233.0,82330.0,10.0,1053.0,1054.0
0.9582597570570488,0.14946334285466978,0.9587729039422543,0.25861165193949376,0.5002523850386149,7204.0,72040.0,10.0,1054.0,1055.0
0.9701676929496675,0.15170544072666606,0.9728083209509658,0.262478450867979,0.5030122923139267,6730.0,67300.0,10.0,1055.0,1056.0
0.9634068125633862,0.15030610090774751,0.9623066526505482,0.2600016229814169,0.5020273314311459,6659.0,66590.0,10.0,1056.0,1057.0
0.9786839842427203,0.15340627090481432,0.9812284334023464,0.2653304967715448,0.5060166886253843,7245.0,72450.0,10.0,1057.0,1058.0
0.9722279150082789,0.1530255437681503,0.9769201664774877,0.2646034023365444,0.5063460943143122,7929.0,79290.0,10.0,1058.0,1059.0
0.9667056586481871,0.15213178294573643,0.9723132969034608,0.26309823056828824,0.5048517966550753,8235.0,82350.0,10.0,1059.0,1060.0
0.9763589313607315,0.1536045233233862,0.9829145728643216,0.2656886715566422,0.5060758337140246,6965.0,69650.0,10.0,1060.0,1061.0
0.9818880070340352,0.15376065209336792,0.9843453510436433,0.26597449208485546,0.5060807314127997,6324.0,63240.0,10.0,1061.0,1062.0
0.9723473759716814,0.15088263358778625,0.9689031862745098,0.2611046895640687,0.5014761586452763,6528.0,65280.0,10.0,1062.0,1063.0
0.9709472313211085,0.1528624330105573,0.9709276844411979,0.26413894519295733,0.5082010757686434,6845.0,68450.0,10.0,1063.0,1064.0
0.9826942055574323,0.1547063522091899,0.9865951742627346,0.26747101791619726,0.5087253229344382,7460.0,74600.0,10.0,1064.0,1065.0
0.9826301641711215,0.15456026058631922,0.98385663507109,0.2671519343682136,0.5092901766479966,6752.0,67520.0,10.0,1065.0,1066.0
0.9786439196952691,0.15251237706937879,0.981262611703661,0.2639936405762258,0.5025944076102623,6938.0,69380.0,10.0,1066.0,1067.0
0.959015412215007,0.1511579912864022,0.9648711943793911,0.261369493675905,0.5042314243133915,6832.0,68320.0,10.0,1067.0,1068.0
0.9584583447158275,0.15083457313469337,0.9635464132274444,0.2608373863396067,0.5035447562462274,7681.0,76810.0,10.0,1068.0,1069.0
0.9644346613835778,0.1533613864347965,0.9752694990488269,0.26504446129454745,0.5082953824868853,7885.0,78850.0,10.0,1069.0,1070.0
0.9658243466524777,0.15294452721058627,0.9686415984459553,0.26417664755633763,0.509454192262573,7207.0,72070.0,10.0,1070.0,1071.0
0.9747455359825167,0.15196029379390397,0.9744609856262834,0.26292006440554716,0.5033017547134591,7792.0,77920.0,10.0,1071.0,1072.0
0.960315000434862,0.1521727197877596,0.9676556137289122,0.2629881422924901,0.5069437833835739,8595.0,85950.0,10.0,1072.0,1073.0
0.9541458980055927,0.151188166828322,0.9588619761630143,0.2611928575168875,0.506867987836846,7803.0,78030.0,10.0,1073.0,1074.0
0.9470923793701855,0.1479265266976628,0.9478957915831663,0.2559154523156832,0.4989008319669642,7485.0,74850.0,10.0,1074.0,1075.0
0.9551930376301545,0.15046486623236988,0.9581151832460733,0.2600852738602821,0.5044118185479443,7449.0,74490.0,10.0,1075.0,1076.0
0.9537691934207804,0.15155653832813043,0.9723226703755216,0.2622378933943509,0.5026425591098749,7190.0,71900.0,10.0,1076.0,1077.0
0.9717902537527728,0.15215777992668722,0.9738054116292458,0.2631916755810561,0.504330873501858,6948.0,69480.0,10.0,1077.0,1078.0
0.9601955014832165,0.1521115031447919,0.9683314732142857,0.26292164624330006,0.5064300933441559,7168.0,71680.0,10.0,1078.0,1079.0
0.9662506708664016,0.1519262681078172,0.9717441193344808,0.2627700422759182,0.504302925989673,6972.0,69720.0,10.0,1079.0,1080.0
0.9707466122280923,0.15309487569761543,0.9768006474237928,0.2647026572608648,0.5066581651421145,7414.0,74140.0,10.0,1080.0,1081.0
0.9719153146915722,0.15256808495268367,0.9753694581280788,0.2638625715773035,0.5052479847738468,6496.0,64960.0,10.0,1081.0,1082.0
0.9766698558387725,0.15337283971010304,0.9803352250230962,0.2652478217397515,0.5062569738562875,7577.0,75770.0,10.0,1082.0,1083.0
0.9771383173345676,0.1536811249415863,0.9792907417433676,0.26567032644218413,0.5078505684894423,7388.0,73880.0,10.0,1083.0,1084.0
0.9786368707830734,0.15349717308043043,0.9803436225975539,0.265434045572814,0.5067242018319479,6868.0,68680.0,10.0,1084.0,1085.0
0.9734470903935465,0.15269046086827384,0.9781195497066751,0.2641460960414481,0.5045764446430373,6307.0,63070.0,10.0,1085.0,1086.0
0.9739666022069363,0.15286417231454832,0.9762822413281945,0.2643387517559703,0.5059968196641781,6746.0,67460.0,10.0,1086.0,1087.0
0.9653453197256237,0.15111721327811856,0.9680805788055044,0.26142588974447384,0.5027276596293478,7049.0,70490.0,10.0,1087.0,1088.0
0.9615466036669468,0.15095128580388878,0.9706910459801021,0.26127234566114205,0.5009900022000049,7438.0,74380.0,10.0,1088.0,1089.0
0.9690946216825004,0.15106276455327478,0.9734565185511072,0.26153937077677747,0.5002599688037436,6819.0,68190.0,10.0,1089.0,1090.0
0.9662520279289586,0.1517513274537955,0.9681593486478628,0.262377115388404,0.5051283406910042,6878.0,68780.0,10.0,1090.0,1091.0
0.9698328117996624,0.15478017869091196,0.9830021247344082,0.2674487800731106,0.5104589199077388,8001.0,80010.0,10.0,1091.0,1092.0
0.9773493204912664,0.1539792739784596,0.9838688695199688,0.2662840645024998,0.5071017183674917,7687.0,76870.0,10.0,1092.0,1093.0
0.9659307382027038,0.15198756593820648,0.9700886817976853,0.2628010668404015,0.5052266236694314,6653.0,66530.0,10.0,1093.0,1094.0
0.9683216554951155,0.1527649024469117,0.9750928856474473,0.2641467233281145,0.5061110624616886,7267.0,72670.0,10.0,1094.0,1095.0
0.9736122236720972,0.15253285409412556,0.9754345639994254,0.2638122620250214,0.5050867822021392,6961.0,69610.0,10.0,1095.0,1096.0
0.9689116704993214,0.1529189263090735,0.973313995649021,0.26431145507177883,0.5074296262113521,6895.0,68950.0,10.0,1096.0,1097.0
0.9559522441353033,0.1510113979366581,0.9575774889301528,0.2608814086973441,0.5067328044045656,7001.0,70010.0,10.0,1097.0,1098.0
0.9719717748855257,0.15256032418493276,0.9775745057539097,0.2639314877514439,0.5043053729982028,6778.0,67780.0,10.0,1098.0,1099.0
0.9729052145698869,0.1516865325251797,0.9750869061413673,0.2625329043579994,0.5019883071737069,6904.0,69040.0,10.0,1099.0,1100.0
0.9594913114501997,0.1496450567661827,0.9612329202414999,0.25897309676176616,0.49991333737758903,6294.0,62940.0,10.0,1100.0,1101.0
0.9733983360459922,0.15349137313004826,0.978817433709235,0.2653693604362915,0.5073286969050456,6562.0,65620.0,10.0,1101.0,1102.0
0.9648644146835892,0.15167171856342426,0.9697548083981794,0.26231656704859113,0.5041577127908063,6811.0,68110.0,10.0,1102.0,1103.0
0.9708213213590389,0.15243002746691486,0.9727654642908881,0.2635607190517309,0.5058011668181159,6903.0,69030.0,10.0,1103.0,1104.0
0.9715046912216015,0.15302367420370447,0.9768989819890368,0.26459983031674206,0.5063477373579175,7662.0,76620.0,10.0,1104.0,1105.0
0.9846266228427027,0.1553453447926827,0.9887548319081645,0.2685052644972485,0.5102388533336173,8537.0,85370.0,10.0,1105.0,1106.0
0.9789550326743777,0.15388040712468193,0.9828006500541712,0.2660970959225579,0.5071653698414261,7384.0,73840.0,10.0,1106.0,1107.0
0.9672228994938227,0.1520088500025142,0.9707771355170199,0.2628581366027564,0.5050213113796929,6228.0,62280.0,10.0,1107.0,1108.0
0.979049857563655,0.1524966261808367,0.9832305015029268,0.2640411249893789,0.5017186578648373,6321.0,63210.0,10.0,1108.0,1109.0
0.9609253881092252,0.1509358622410781,0.9613733905579399,0.26090895364638383,0.5048481958353203,6291.0,62910.0,10.0,1109.0,1110.0
0.9716368975399046,0.15250943180519036,0.9755740821997952,0.2637823301431622,0.5049396997619903,6837.0,68370.0,10.0,1110.0,1111.0
0.9549385129143988,0.15069411001067862,0.9573024740622506,0.26039763373555,0.5056349609422235,7518.0,75180.0,10.0,1111.0,1112.0
0.9592490395991047,0.15052014212937198,0.9622331691297209,0.2603191056158146,0.5028860028860029,7308.0,73080.0,10.0,1112.0,1113.0
0.9759927077248264,0.15438996579247435,0.9781951924339944,0.26668815355966197,0.5109561396176396,7613.0,76130.0,10.0,1113.0,1114.0
0.9703883591774807,0.1528945751869347,0.9718594318028814,0.26422139248846915,0.5079378679755683,7427.0,74270.0,10.0,1114.0,1115.0
0.9558229943888359,0.14940753326419381,0.9551417689377909,0.25839566478400244,0.5015837597301838,7089.0,70890.0,10.0,1115.0,1116.0
0.961597840479069,0.1504666709382542,0.9602017173231566,0.26016470327560104,0.5035374874546198,7337.0,73370.0,10.0,1116.0,1117.0
0.9730498671971186,0.15261310194078292,0.9764090973301314,0.26396792056520907,0.5049891484416135,7079.0,70790.0,10.0,1117.0,1118.0
0.9622971761308874,0.15064738682544182,0.963869992441421,0.2605692801242363,0.5026867312581599,6615.0,66150.0,10.0,1118.0,1119.0
0.9784288199573608,0.15277650298301973,0.980415255485201,0.26435846022512954,0.5039557703377465,6791.0,67910.0,10.0,1119.0,1120.0
0.9763086902141648,0.15388552418322954,0.97804283003524,0.26592961120324304,0.5091303383523498,7378.0,73780.0,10.0,1120.0,1121.0
0.9818446816785829,0.154947170120403,0.983749349973999,0.26772572884234364,0.5107786129627003,7692.0,76920.0,10.0,1121.0,1122.0
0.9787705127067651,0.15290634838588413,0.9815987933634992,0.26459586924703205,0.5039627039627039,6630.0,66300.0,10.0,1122.0,1123.0
0.979922444127181,0.15387555935328642,0.98276604911676,0.2660885795388265,0.507161228832922,6963.0,69630.0,10.0,1123.0,1124.0
0.9615556927558258,0.1510586643317679,0.9613728470111449,0.2610923849487515,0.5053191489361702,7896.0,78960.0,10.0,1124.0,1125.0
0.9723747137473009,0.15407588406977532,0.9729961423060437,0.26602601664127506,0.5119042980165998,6999.0,69990.0,10.0,1125.0,1126.0
0.945110259385378,0.14962780355761796,0.9436061575979271,0.2582973486033753,0.5073505978855773,6561.0,65610.0,10.0,1126.0,1127.0
0.9737692016044581,0.15267861053922643,0.9778370037873475,0.2641180593706784,0.5046481082390747,7129.0,71290.0,10.0,1127.0,1128.0
0.9774753892630039,0.1533745148919558,0.9807635829662261,0.2652660007546121,0.5060873047657188,6810.0,68100.0,10.0,1128.0,1129.0
0.9715218548951264,0.15226103142450453,0.9759966311061201,0.26342609255716154,0.5038155275381553,7124.0,71240.0,10.0,1129.0,1130.0
0.9692576370387729,0.1526364073216548,0.9728525685646666,0.26387236854526575,0.5065495551364966,7183.0,71830.0,10.0,1130.0,1131.0
0.9550007240414924,0.1495628871414137,0.9541760089686099,0.25859253351562794,0.5025988585405626,7136.0,71360.0,10.0,1131.0,1132.0
0.9802345668721573,0.15345587048269183,0.9856317582580358,0.26556513409961685,0.5043966550410041,6751.0,67510.0,10.0,1132.0,1133.0
0.9732726774874705,0.15376997226990624,0.9782973956874825,0.2657664511220997,0.5085919401237239,7142.0,71420.0,10.0,1133.0,1134.0
0.9668027064040192,0.1520783373301359,0.9714376894846019,0.2629862416034904,0.5050118223885577,6267.0,62670.0,10.0,1134.0,1135.0
0.9694459093767922,0.15181887332766567,0.9706765841796595,0.2625703728065933,0.5043367446457133,6991.0,69910.0,10.0,1135.0,1136.0
0.9672132616559272,0.15104433176722334,0.9689644882124739,0.261349001931745,0.5020753642060715,6702.0,67020.0,10.0,1136.0,1137.0
0.966168187413406,0.15199380103713417,0.9682318693836224,0.2627421349086413,0.5060234032516022,7901.0,79010.0,10.0,1137.0,1138.0
0.9660090667360721,0.15100147495778202,0.9678038087409234,0.2612426035502959,0.5023975887107823,7299.0,72990.0,10.0,1138.0,1139.0
0.9608458633346433,0.1509850972467795,0.9635948414830736,0.2610642014849323,0.5041033657368961,7444.0,74440.0,10.0,1139.0,1140.0
0.9640276739931458,0.1507021173570454,0.965454032712916,0.26070898221832994,0.5022304260882942,7092.0,70920.0,10.0,1140.0,1141.0
0.98431535841195,0.15375777676616592,0.9865090403337969,0.26604902383676227,0.5051839676318118,7190.0,71900.0,10.0,1141.0,1142.0
0.9211845390917142,0.14523283883879753,0.9197700248268653,0.2508553100498931,0.5005880047040376,7653.0,76530.0,10.0,1142.0,1143.0
0.965902198242359,0.15129020855425945,0.9696969696969697,0.26174368382830715,0.5027162019515461,7062.0,70620.0,10.0,1143.0,1144.0
0.9681099635074573,0.15204040499845872,0.9732847601700061,0.26299706732839767,0.5040983606557377,6588.0,65880.0,10.0,1144.0,1145.0
0.9601519852216691,0.15130494768711916,0.9632792485055508,0.26153056323799745,0.5054620870163141,8197.0,81970.0,10.0,1145.0,1146.0
0.9804540578164662,0.15364204567789613,0.983023138832998,0.2657487676355601,0.506173404060728,7952.0,79520.0,10.0,1146.0,1147.0
0.9365038514507289,0.14618521919241528,0.9305423406279734,0.252675869196132,0.4995984034994501,7357.0,73570.0,10.0,1147.0,1148.0
0.9741434262763227,0.15308121877143138,0.9770204783492262,0.2646903123345686,0.5065158383901545,6397.0,63970.0,10.0,1148.0,1149.0
0.9608952687359625,0.15067077144333835,0.9633620689655172,0.2605856862478382,0.502991118077325,6960.0,69600.0,10.0,1149.0,1150.0
0.9802018691828367,0.15376296202048476,0.9811907983761841,0.26586246723009516,0.5073809816705622,7390.0,73900.0,10.0,1150.0,1151.0
0.9666606416626905,0.15120651087525583,0.9699282552282095,0.26162682972021495,0.5022966653252106,6551.0,65510.0,10.0,1151.0,1152.0
0.9234308321761556,0.14576998747987838,0.9183098591549296,0.2516014509531527,0.5033546734955185,7100.0,71000.0,10.0,1152.0,1153.0
0.9755093095280041,0.15373102416078682,0.9777878513145966,0.2656894746566484,0.5086540839034039,6618.0,66180.0,10.0,1153.0,1154.0
0.9507408278988354,0.1488949205118263,0.9506334643949322,0.2574640110431867,0.5015158134424189,6867.0,68670.0,10.0,1154.0,1155.0
0.9716907716002641,0.15224504635520814,0.9746872272330521,0.2633544278919854,0.5042981458460074,6874.0,68740.0,10.0,1155.0,1156.0
0.9405656206359745,0.1482760240511086,0.9439294258373205,0.25629262747645337,0.5019845585036973,6688.0,66880.0,10.0,1156.0,1157.0
0.8936263381452243,0.14181263056403665,0.8924282644419164,0.24473524568853453,0.4992587996000965,7911.0,79110.0,10.0,1157.0,1158.0
0.962490084747337,0.15122500106152606,0.9626976618461954,0.261389699271573,0.5053999926279964,7399.0,73990.0,10.0,1158.0,1159.0
0.9720985047829702,0.15174078468273125,0.9751544629946103,0.2626166073672844,0.5021690548179308,7607.0,76070.0,10.0,1159.0,1160.0
0.9802693069135502,0.1540672663277278,0.983154479660594,0.26638942421476147,0.507725117408172,8014.0,80140.0,10.0,1160.0,1161.0
0.9703319498625826,0.15234524773143612,0.9720032617559119,0.26340601060695346,0.5057945587980923,7358.0,73580.0,10.0,1161.0,1162.0
0.9227944031617898,0.14508233199821985,0.9163738580463809,0.2505042743252329,0.5015013096531017,7115.0,71150.0,10.0,1162.0,1163.0
0.9658028385121307,0.1525873609380049,0.9723488748345345,0.2637805486284289,0.5065718220593938,6799.0,67990.0,10.0,1163.0,1164.0
0.9759230911478843,0.15343060412395998,0.9780169100691776,0.26524911402960183,0.5074278527007198,6505.0,65050.0,10.0,1164.0,1165.0
0.9652281465028673,0.15034742407884175,0.9661981853762676,0.26020505940973554,0.5005417994210024,5621.0,56210.0,10.0,1165.0,1166.0
0.9600218638462512,0.1506689392701207,0.961698956780924,0.26052201295948646,0.5036851375152418,6710.0,67100.0,10.0,1166.0,1167.0
0.9651363808849277,0.15157739262883385,0.9703058058797459,0.26219560878243514,0.5035657207322151,6769.0,67690.0,10.0,1167.0,1168.0
0.9793680541103753,0.15293040293040294,0.9817286304416905,0.2646366011392351,0.5040009244013057,6294.0,62940.0,10.0,1168.0,1169.0
0.9641930253429337,0.1501124030070826,0.9656352044783082,0.2598326359832636,0.4998657072984549,6431.0,64310.0,10.0,1169.0,1170.0
0.935055570427631,0.14789305754208384,0.9389494272143056,0.2555367564587571,0.5026416723818232,7158.0,71580.0,10.0,1170.0,1171.0
0.9729194382077189,0.1525997150997151,0.9749715585893061,0.26389530408006157,0.5055331471713724,7032.0,70320.0,10.0,1171.0,1172.0
0.9495335350179612,0.1486037766042567,0.9475765306122449,0.25691658597316364,0.5016929499072357,7840.0,78400.0,10.0,1172.0,1173.0
0.9847819819372782,0.1537531350770333,0.9889096932161889,0.2661291885501657,0.5041834156049912,6943.0,69430.0,10.0,1173.0,1174.0
0.9825809987273316,0.15433092781455637,0.9870311506675143,0.26692569542344324,0.507137490608565,7865.0,78650.0,10.0,1174.0,1175.0
0.9839419425549696,0.15473028957487944,0.9861882193635748,0.2674918279648878,0.5089801194066597,7385.0,73850.0,10.0,1175.0,1176.0
0.979622686076215,0.1548661552734596,0.981922525107604,0.267537087348279,0.5112169036128864,6970.0,69700.0,10.0,1176.0,1177.0
0.9806280393454483,0.15423111919927207,0.982308982766509,0.2666031995695275,0.5086860676307069,6557.0,65570.0,10.0,1177.0,1178.0
0.9778308231270072,0.15194954128440366,0.9791104163706125,0.2630724881159199,0.5013241696487398,7037.0,70370.0,10.0,1178.0,1179.0
0.9851028652964307,0.15452105697770438,0.9881188118811881,0.26724984379184147,0.5074107410741074,7575.0,75750.0,10.0,1179.0,1180.0
0.9835312574098964,0.15525913949519446,0.9871501998857796,0.2683172927662217,0.5105653912050258,7004.0,70040.0,10.0,1180.0,1181.0
0.9797102216375476,0.1540608428691041,0.9823408624229979,0.2663499369014921,0.5080331031049717,7305.0,73050.0,10.0,1181.0,1182.0
0.9801956703381296,0.1538699690402477,0.9833239118145846,0.26610065779409514,0.5069119687548178,7076.0,70760.0,10.0,1182.0,1183.0
0.8962587832669568,0.1412034509118707,0.8936964335084324,0.2438748373224693,0.49620479050946287,7234.0,72340.0,10.0,1183.0,1184.0
0.9688162650761102,0.15287942989214176,0.9716908951798011,0.26419254852197793,0.5079501982332892,6535.0,65350.0,10.0,1184.0,1185.0
0.980079910295143,0.15328102710413694,0.9811292040785269,0.2651395200592215,0.5055823798785296,6571.0,65710.0,10.0,1185.0,1186.0
0.9700974614628886,0.15210566985414856,0.9723680148193887,0.2630611818751305,0.5047292935530046,6478.0,64780.0,10.0,1186.0,1187.0
0.9881643886529505,0.15408199018920812,0.9918240766845221,0.266727320975018,0.5042417407796601,7094.0,70940.0,10.0,1187.0,1188.0
0.9320751029063135,0.14641662841780867,0.9306751875520978,0.2530263828822874,0.5004546717522544,7198.0,71980.0,10.0,1188.0,1189.0
0.9713177805293842,0.15232457067681537,0.9757712565838976,0.2635129643176461,0.5041521307886997,6645.0,66450.0,10.0,1189.0,1190.0
0.9763521734857705,0.15383493729950423,0.9797028389493234,0.26591531038456,0.5082611736896693,7538.0,75380.0,10.0,1190.0,1191.0
0.9559923166699327,0.15057080453040914,0.958572247706422,0.2602603771381867,0.5046262510425354,6976.0,69760.0,10.0,1191.0,1192.0
0.972493257694883,0.15255056257334162,0.9751434034416826,0.26382809391165934,0.5052748398828705,6799.0,67990.0,10.0,1192.0,1193.0
0.937191555470676,0.14601157646508545,0.9276869737493809,0.2523111118594979,0.5001688504660273,8076.0,80760.0,10.0,1193.0,1194.0
0.9666115799815433,0.15262216163251396,0.9720526387193054,0.2638216396340004,0.5068265068265069,7371.0,73710.0,10.0,1194.0,1195.0
0.9778896403199923,0.15388596372800503,0.9806423860051621,0.2660261397230434,0.5080689313554241,6974.0,69740.0,10.0,1195.0,1196.0
0.9741686805916647,0.15334118073161898,0.9759400662728713,0.2650390281119784,0.5079435763775196,6941.0,69410.0,10.0,1196.0,1197.0
0.9854542657068588,0.15491271073854387,0.9884192932187201,0.26784645497339005,0.5087587913519146,8376.0,83760.0,10.0,1197.0,1198.0
0.9436565627403951,0.14682360758442298,0.9375662979239279,0.2538881365669498,0.4990425546570417,6599.0,65990.0,10.0,1198.0,1199.0
0.9810729562084777,0.1538088894271527,0.9877119303157568,0.2661692584985539,0.5048855328836663,6429.0,64290.0,10.0,1199.0,1200.0
0.982765757519029,0.15456658305911591,0.9857646022894042,0.2672316047025124,0.5085385703231315,6814.0,68140.0,10.0,1200.0,1201.0
0.9806202411628716,0.1543265477691707,0.9817903985737935,0.2667266311492424,0.5092552932868736,7853.0,78530.0,10.0,1201.0,1202.0
0.976402777256631,0.15377406713239053,0.9837852568469819,0.2659741025215966,0.5063607873254964,7339.0,73390.0,10.0,1202.0,1203.0
0.9500570640710782,0.1502547454799585,0.9530959530959531,0.2595859866409612,0.5057265057265057,6993.0,69930.0,10.0,1203.0,1204.0
0.9782271562367022,0.15451420300343768,0.9827387802071347,0.26704190118824267,0.5095721309760435,7821.0,78210.0,10.0,1204.0,1205.0
0.9785092864096511,0.15352379127852678,0.9810252486610559,0.2654988197291589,0.5065451763232941,6535.0,65350.0,10.0,1205.0,1206.0
0.9831356113073284,0.15429722876290528,0.984115523465704,0.2667684418609203,0.5081982277650148,6925.0,69250.0,10.0,1206.0,1207.0
0.9757286931747355,0.15356699455639386,0.9749886311959982,0.26534106144675235,0.5091846155966211,6597.0,65970.0,10.0,1207.0,1208.0
0.9717743500444262,0.15316897770246535,0.9735977932483909,0.264695378901507,0.5082574065892075,7613.0,76130.0,10.0,1208.0,1209.0
0.9728870530981508,0.1540818125716301,0.9742196209587514,0.2660805358909949,0.5114269788182831,7176.0,71760.0,10.0,1209.0,1210.0
0.9427275509793686,0.1467496765847348,0.9349645846748229,0.2536820588081136,0.49988877831762574,7765.0,77650.0,10.0,1210.0,1211.0
0.9497657973125329,0.14859076030842908,0.9498665917708187,0.25698111773868776,0.500657466392616,7121.0,71210.0,10.0,1211.0,1212.0
0.9748220282261805,0.15316334151285607,0.9750067916327085,0.2647389676729305,0.507656022325949,7362.0,73620.0,10.0,1212.0,1213.0
0.9735754755376584,0.15261467992904776,0.9764401666427237,0.2639714163656841,0.5049823040054329,6961.0,69610.0,10.0,1213.0,1214.0
0.9839737659398599,0.1542224681793027,0.9868271954674221,0.2667560065090457,0.5068117434972959,7060.0,70600.0,10.0,1214.0,1215.0
0.9792039445650246,0.15419241626611735,0.98333536066172,0.2665831258553315,0.5081222147272506,8221.0,82210.0,10.0,1215.0,1216.0
0.9807904352781827,0.15380384607829656,0.9844103595675132,0.2660414861627848,0.5062175692047455,7954.0,79540.0,10.0,1216.0,1217.0
0.9842471666851693,0.15449937840680883,0.984641638225256,0.2670898841111607,0.5087429635211205,8204.0,82040.0,10.0,1217.0,1218.0
0.9738831832837441,0.1531900898925674,0.9736622073578596,0.2647292842799227,0.5083105300496605,7176.0,71760.0,10.0,1218.0,1219.0
0.9517054753611955,0.14966987865810136,0.9546165884194053,0.2587686315342936,0.5028259548105899,7029.0,70290.0,10.0,1219.0,1220.0
0.9688593783119128,0.15231323132313232,0.9730879815986199,0.26339792979998444,0.5052224371373307,8695.0,86950.0,10.0,1220.0,1221.0
0.9569487303078037,0.1504023363469724,0.9585189585189585,0.26000671366230277,0.504000504000504,10101.0,101010.0,10.0,1221.0,1222.0
0.9634756488743762,0.1525376408415595,0.9661487937350006,0.2634769728910475,0.5089508192956469,7917.0,79170.0,10.0,1222.0,1223.0
0.9859055628550464,0.15601222750295646,0.9891073702079503,0.2695139343946344,0.5125708921153821,7069.0,70690.0,10.0,1223.0,1224.0
0.9590947519987901,0.15132245692824356,0.9616113145599192,0.2614951409635658,0.50622782950097,7919.0,79190.0,10.0,1224.0,1225.0
0.9780799790179002,0.1557046237767908,0.9819851231985123,0.26878966707493596,0.5142956764295676,8604.0,86040.0,10.0,1225.0,1226.0
0.9731034341441535,0.15373175945719864,0.9767331994803354,0.2656516012977418,0.509088761716611,8467.0,84670.0,10.0,1226.0,1227.0
0.9583506450807086,0.15105119299615694,0.9585289514866979,0.260976086068848,0.506485038175179,7668.0,76680.0,10.0,1227.0,1228.0
0.9776702320205345,0.15411270495770177,0.9812646370023419,0.2663878199765769,0.5086673464585457,8113.0,81130.0,10.0,1228.0,1229.0
0.9785853903276722,0.15461119366022782,0.9826240241752707,0.26718249824537377,0.5099814564684875,7942.0,79420.0,10.0,1229.0,1230.0
0.9761443001443001,0.15371801576694366,0.9815708101422387,0.2658092175777063,0.5070557148479227,8085.0,80850.0,10.0,1230.0,1231.0
0.9711752214961941,0.15204588405924493,0.972589260612876,0.262979855568225,0.5044087203210059,7114.0,71140.0,10.0,1231.0,1232.0
0.9313642205825534,0.14538986297621143,0.9248943048992788,0.25127953919697305,0.49893739684836425,8042.0,80420.0,10.0,1232.0,1233.0
0.9770474745671034,0.15509617716748447,0.9850693210095983,0.267997034075889,0.5107994269032307,8439.0,84390.0,10.0,1233.0,1234.0
0.972651934055779,0.15131195335276967,0.9778615167216204,0.2620715773527741,0.4993790947629855,6369.0,63690.0,10.0,1234.0,1235.0
0.9677917355128107,0.15186379248582926,0.9689432643183652,0.26257400491848076,0.5052311227358283,7438.0,74380.0,10.0,1235.0,1236.0
0.9753186846312629,0.1538793177781227,0.9778630136986302,0.26591369650733104,0.5091805728518057,9125.0,91250.0,10.0,1236.0,1237.0
0.9696641199010667,0.15240636503515573,0.9678416821273964,0.26334387830652217,0.5077528532073987,8085.0,80850.0,10.0,1237.0,1238.0
0.9761227362948551,0.15363505956217127,0.980236105584295,0.26563623292595256,0.507289368013602,7539.0,75390.0,10.0,1238.0,1239.0
0.9710622667475092,0.15409881250430668,0.9730239303843364,0.266061230964467,0.5119783769529962,6895.0,68950.0,10.0,1239.0,1240.0
0.9629419126391281,0.15122382452069175,0.9644115574348132,0.2614510197258442,0.5046767890319688,8514.0,85140.0,10.0,1240.0,1241.0
0.9608470592921858,0.1502945553132071,0.962406996475656,0.2599880108607497,0.5019401692159817,7661.0,76610.0,10.0,1241.0,1242.0
0.980442845446696,0.1549569277170657,0.9820633673736581,0.26767775894370593,0.5114975362422338,7638.0,76380.0,10.0,1242.0,1243.0
0.9820185396867164,0.15429348899471132,0.9855620970002803,0.26681593078192894,0.5075948721869664,7134.0,71340.0,10.0,1243.0,1244.0
0.980863322165477,0.1537442863855782,0.9840054682159945,0.26593759813791956,0.5061579568756602,7315.0,73150.0,10.0,1244.0,1245.0
0.9825437895001723,0.15411528779280625,0.9845986097860161,0.2665141760897235,0.5073165896390648,7337.0,73370.0,10.0,1245.0,1246.0
0.9750189350224293,0.15394133333333335,0.9788388497015735,0.26604236178959206,0.5090144527203669,7372.0,73720.0,10.0,1246.0,1247.0
0.9750448375803489,0.1530454743341117,0.9765151515151516,0.2646183323639101,0.5065886134067952,7920.0,79200.0,10.0,1247.0,1248.0
0.9749862866613893,0.15356115331277295,0.977856860419138,0.26543828264758496,0.5079861485555436,7587.0,75870.0,10.0,1248.0,1249.0
0.974741501747029,0.15334271089751103,0.9774595267745952,0.2650972710078357,0.5073248047096117,8030.0,80300.0,10.0,1249.0,1250.0
0.9816188966836734,0.15413477692738473,0.9829761904761904,0.26648378247539134,0.5080519480519481,8400.0,84000.0,10.0,1250.0,1251.0
0.971806567479319,0.15356513516998324,0.9742331288343559,0.26531028977705173,0.5094875131684947,7335.0,73350.0,10.0,1251.0,1252.0
0.9823925052967307,0.15315588038143016,0.9840233398166157,0.2650575357844513,0.5039152289777463,7198.0,71980.0,10.0,1252.0,1253.0
0.9735081064886222,0.15378903427791604,0.9776728757336055,0.2657718586342039,0.5089192512004453,7838.0,78380.0,10.0,1253.0,1254.0
0.963618838461056,0.15213534680455196,0.966332279785626,0.26288341838165197,0.5073519307406898,7277.0,72770.0,10.0,1254.0,1255.0
0.9515862260413903,0.14949426071144448,0.9638042203985931,0.25884019756390325,0.4982281786209102,6824.0,68240.0,10.0,1255.0,1256.0
0.9655387178084691,0.1520786553595954,0.9666066232506582,0.2628089210367691,0.5070225603688261,7217.0,72170.0,10.0,1256.0,1257.0
0.98334196635655,0.1543630017452007,0.9871651785714286,0.26697856927256264,0.5072037337662337,7168.0,71680.0,10.0,1257.0,1258.0
0.9783645986315075,0.1528018551455524,0.9788001153735217,0.2643375980993554,0.5047198258908672,6934.0,69340.0,10.0,1258.0,1259.0
0.9768136396961034,0.15357072680828768,0.9787115625434812,0.2654840535950179,0.5076716799271411,7187.0,71870.0,10.0,1259.0,1260.0
0.973560231098199,0.15275977948120978,0.9777871502882047,0.26423768093917405,0.504978081106297,7113.0,71130.0,10.0,1260.0,1261.0
0.966128373941883,0.1512337032647344,0.9713494809688581,0.26171918702218905,0.5018055992450456,7225.0,72250.0,10.0,1261.0,1262.0
0.9676032539784447,0.15233393377365623,0.9702549575070821,0.2633248121167855,0.5064769508112285,7060.0,70600.0,10.0,1262.0,1263.0
0.9830615460431991,0.15466280881371022,0.9862333238717003,0.2673926427581961,0.5087090031739478,7046.0,70460.0,10.0,1263.0,1264.0
0.972359484707896,0.1536333495237894,0.9765100671140939,0.265496414429867,0.508810250152532,7450.0,74500.0,10.0,1264.0,1265.0
0.9809325610711634,0.1539068970166214,0.9856913778216356,0.2662424202039048,0.5060834071565539,8107.0,81070.0,10.0,1265.0,1266.0
0.9695493488408868,0.15174747217930415,0.9756066892996353,0.26264301672195517,0.5020061040430712,7953.0,79530.0,10.0,1266.0,1267.0
0.9722267745526849,0.15268580616497768,0.9768543584190579,0.2640929466654469,0.5050819510754541,7388.0,73880.0,10.0,1267.0,1268.0
0.978012459824609,0.15346915914023665,0.9848734461584544,0.2655574849573961,0.5047585333641946,6677.0,66770.0,10.0,1268.0,1269.0
0.9771645742892231,0.15342082616179,0.9772509250376867,0.26520631496736524,0.5077055327843323,7297.0,72970.0,10.0,1269.0,1270.0
0.9746449216915156,0.15276678573720348,0.9770177838577291,0.2642200477238675,0.5053227210545952,7310.0,73100.0,10.0,1270.0,1271.0
0.9759290726513938,0.1541869910799308,0.9801111797405806,0.26645620634067707,0.5094165871188725,8095.0,80950.0,10.0,1271.0,1272.0
0.965470828206255,0.15206498633464927,0.9642556264291732,0.26270144433332787,0.5079486646462215,8309.0,83090.0,10.0,1272.0,1273.0
0.9729127077090094,0.15436067837569586,0.9749250476969201,0.2665226138141718,0.5121782006491736,7338.0,73380.0,10.0,1273.0,1274.0
0.9528405254213895,0.15181792426102558,0.96378896882494,0.2623154116015338,0.5072051449749292,8340.0,83400.0,10.0,1274.0,1275.0
0.9566402670696876,0.15096682632605996,0.9626696832579186,0.26100291366354855,0.5044220485396956,7956.0,79560.0,10.0,1275.0,1276.0
0.9761029958100274,0.1536480195375105,0.9799221221708445,0.2656440705921161,0.5074669793579504,8218.0,82180.0,10.0,1276.0,1277.0
0.9740855162135844,0.15258605541128922,0.9773636818409205,0.26396230557478934,0.5044908818045386,7996.0,79960.0,10.0,1277.0,1278.0
0.9800405760308334,0.15291227928889248,0.9831715210355987,0.2646618113391644,0.5033362753751103,7725.0,77250.0,10.0,1278.0,1279.0
0.9786687919501527,0.15473026840287005,0.9861679604798871,0.26749105109013993,0.508988259446975,7085.0,70850.0,10.0,1279.0,1280.0
0.9778596339281518,0.15305222119626552,0.9811891607471718,0.26479933258781974,0.504687761593839,7602.0,76020.0,10.0,1280.0,1281.0
0.9766109899850036,0.15278597748417175,0.9787428273343767,0.26431175051506456,0.5046829800350927,7668.0,76680.0,10.0,1281.0,1282.0
0.971948573570709,0.15201587678236297,0.973342541436464,0.26296247924324123,0.5039804118533401,7240.0,72400.0,10.0,1282.0,1283.0
0.966773872787877,0.15187090633003195,0.9704561911658218,0.2626401191502704,0.5046277401092752,6905.0,69050.0,10.0,1283.0,1284.0
0.9655560427327594,0.151817737202478,0.9708105290591608,0.2625735734677334,0.5042765418058616,7674.0,76740.0,10.0,1284.0,1285.0
0.9655637403292998,0.15130018448563648,0.9702816901408451,0.26177990576075394,0.5025096030729833,7100.0,71000.0,10.0,1285.0,1286.0
0.9656496754046268,0.15100799639599055,0.9694866232827187,0.26131358409666733,0.5017156379412344,6915.0,69150.0,10.0,1286.0,1287.0
0.9721561912001423,0.1523521281159144,0.9800705196995247,0.26371042590491905,0.5024737641631709,6523.0,65230.0,10.0,1287.0,1288.0
0.9730349863893779,0.1528325356834138,0.9764278017241379,0.26429678242639687,0.5058165164576802,7424.0,74240.0,10.0,1288.0,1289.0
0.9810181695183774,0.1549239212886529,0.9858035207268597,0.2677669378783789,0.5098601001497083,7044.0,70440.0,10.0,1289.0,1290.0
0.9799400794939174,0.15466970940253938,0.9818153798736323,0.26723993288590603,0.5105283066448115,6489.0,64890.0,10.0,1290.0,1291.0
0.9828665379292103,0.1539456662354463,0.9856347871101333,0.2662983618594731,0.5062531618763015,7727.0,77270.0,10.0,1291.0,1292.0
0.9848463553965398,0.153924355667677,0.98863361547763,0.26637561698731,0.5049466857205672,8270.0,82700.0,10.0,1292.0,1293.0
0.9610590601599803,0.15186624760558665,0.9637672607104921,0.2623867360709466,0.5073978305419353,8473.0,84730.0,10.0,1293.0,1294.0
0.9718829574704491,0.15394132202191588,0.9778825642752891,0.2660069937544856,0.509405268583443,8907.0,89070.0,10.0,1294.0,1295.0
0.9784035460647248,0.1537174876641298,0.9834135901551632,0.2658758860118617,0.5062989445011917,7476.0,74760.0,10.0,1295.0,1296.0
0.982627065408151,0.15364932374801998,0.986312084473993,0.2658795002899162,0.5048529882319479,7671.0,76710.0,10.0,1296.0,1297.0
0.9798531183996795,0.15290997035418943,0.9829488465396189,0.2646502835538752,0.5034193489559587,6979.0,69790.0,10.0,1297.0,1298.0
0.9869556558374115,0.15502088707284223,0.989797405626002,0.2680587352964396,0.5086059546050801,6861.0,68610.0,10.0,1298.0,1299.0
0.9756887461763013,0.15351596736858664,0.9787935234274251,0.26540523739218275,0.5074313850642838,6979.0,69790.0,10.0,1299.0,1300.0
0.9816888226344131,0.15391005102646257,0.9834698210494389,0.2661659381477149,0.5070036120991535,6594.0,65940.0,10.0,1300.0,1301.0
0.9765920684314533,0.15319185869895413,0.9815098011956068,0.2650199891139098,0.5050870164174766,7193.0,71930.0,10.0,1301.0,1302.0
0.9352714452574611,0.14742685324389962,0.9333723824864548,0.25463406839245767,0.5032415234494602,6829.0,68290.0,10.0,1302.0,1303.0
0.9818525444602361,0.15465271498083796,0.9851872171169935,0.2673390773582448,0.5090958965598933,7291.0,72910.0,10.0,1303.0,1304.0
0.9773023179040969,0.15384100493094446,0.9823336657643539,0.2660210656275319,0.5072077089458483,7019.0,70190.0,10.0,1304.0,1305.0
0.9660323559358637,0.15174969509334835,0.9705970597059705,0.2624639974037564,0.5041049559501405,6666.0,66660.0,10.0,1305.0,1306.0
0.9627167804855095,0.15163897212385363,0.9651784424216153,0.2620995428952583,0.50594370230261,6921.0,69210.0,10.0,1306.0,1307.0
0.9805640641101836,0.15378411076757628,0.9830993984531653,0.26596404215747055,0.5066795135543345,6982.0,69820.0,10.0,1307.0,1308.0
0.9681902674977221,0.15200603180405775,0.9749413833528722,0.26300600885515496,0.5032772034530534,6824.0,68240.0,10.0,1308.0,1309.0
0.9700665759866018,0.15254072924747866,0.9747180567604412,0.2637978164986835,0.5054135355287914,8069.0,80690.0,10.0,1309.0,1310.0
0.9760367685487658,0.15300193673337636,0.9772501066401251,0.26458020556646267,0.5061204968783527,7033.0,70330.0,10.0,1310.0,1311.0
0.9741020016789463,0.1519723615638358,0.9750782717595492,0.2629605863082171,0.5030910229407412,7985.0,79850.0,10.0,1311.0,1312.0
0.9804939330167974,0.15234787553822407,0.9820633673736581,0.2637760663923761,0.5016306029660311,7638.0,76380.0,10.0,1312.0,1313.0
0.980187622263214,0.1536879808967896,0.9847003824904378,0.2658787079006254,0.505660085770583,7059.0,70590.0,10.0,1313.0,1314.0
0.9822755355325994,0.1528127623845508,0.9832386757168583,0.2645151673250354,0.5029278797113678,7219.0,72190.0,10.0,1314.0,1315.0
0.9855373421206336,0.15496981239110175,0.9895213454075032,0.2679722533632287,0.5085264024461955,7730.0,77300.0,10.0,1315.0,1316.0
0.9786519332973027,0.15301189625457143,0.9803393482359278,0.2647080212348193,0.5048845579413853,7426.0,74260.0,10.0,1316.0,1317.0
0.9593923008666291,0.15090939924534702,0.9626774847870182,0.26091737066832815,0.5041981682955313,7395.0,73950.0,10.0,1317.0,1318.0
0.9718325218383029,0.1512548197253602,0.9740090024684187,0.2618471387305801,0.5007722058687646,6887.0,68870.0,10.0,1318.0,1319.0
0.9804024660617288,0.1539657503379901,0.9834484743811168,0.2662484413965087,0.5072224839064218,6948.0,69480.0,10.0,1319.0,1320.0
0.9714800155385999,0.15096806184776973,0.9759580358443829,0.2614874097208667,0.4988409521412581,6863.0,68630.0,10.0,1320.0,1321.0
0.9729043994498986,0.15257174545958685,0.9746125461254612,0.26384032925099393,0.5055753102985575,6775.0,67750.0,10.0,1321.0,1322.0
0.9689052574308794,0.15205161405545387,0.9710578842315369,0.26293236565781347,0.5050677865049122,7014.0,70140.0,10.0,1322.0,1323.0
0.9690844723845847,0.15193624424739027,0.9704617149412103,0.26273801898328775,0.5048752509320332,6974.0,69740.0,10.0,1323.0,1324.0
0.975443054262949,0.15336796968940716,0.9801362911410758,0.2652332561698121,0.5063202710005668,6897.0,68970.0,10.0,1324.0,1325.0
0.9734632630700416,0.15267820448422303,0.976774758983348,0.26407866677197694,0.5050859161288609,6846.0,68460.0,10.0,1325.0,1326.0
0.966277602386107,0.15127191599776899,0.9708949416342413,0.26175989257689564,0.502143615139724,6425.0,64250.0,10.0,1326.0,1327.0
0.9388313183380995,0.14836807928913193,0.9495557074504443,0.25663667768930926,0.4999192195364444,7315.0,73150.0,10.0,1327.0,1328.0
0.9678739560268672,0.15200158541418946,0.971706081081081,0.2628812978407403,0.5046068796068796,7104.0,71040.0,10.0,1328.0,1329.0
0.9839155323602254,0.15457813946478935,0.9880280721067841,0.2673318936629682,0.5076622840486883,7267.0,72670.0,10.0,1329.0,1330.0
0.9756613745223659,0.15386837310580811,0.9776930679090781,0.2658910710514696,0.509208989513945,7083.0,70830.0,10.0,1330.0,1331.0
0.9815273069888982,0.15406379222789157,0.9856126237623762,0.2664742664742665,0.5067084833483348,6464.0,64640.0,10.0,1331.0,1332.0
0.9743987871018948,0.15384112739866262,0.9787971175166297,0.2658911664502042,0.5086550090707519,7216.0,72160.0,10.0,1332.0,1333.0
0.9756850116612757,0.15381329688401,0.9786655795624406,0.26584474548743126,0.5086041828805792,7359.0,73590.0,10.0,1333.0,1334.0
0.9792125793998505,0.15372825186412592,0.9826558983185489,0.2658642738165601,0.5066499765294946,7553.0,75530.0,10.0,1334.0,1335.0
0.9430406847757368,0.14846856756070734,0.9437945408094662,0.2565752197832325,0.5027931595095774,7437.0,74370.0,10.0,1335.0,1336.0
0.9586211113653814,0.15074011393702477,0.9624105919951301,0.26065452147390983,0.5036593295610188,6571.0,65710.0,10.0,1336.0,1337.0
0.9771908134290392,0.15340896996530365,0.982683392418871,0.2653876604127925,0.5054292584971614,7334.0,73340.0,10.0,1337.0,1338.0
0.9696798965139999,0.15213989107526657,0.9726520811099253,0.26312275573359317,0.5047419229649752,7496.0,74960.0,10.0,1338.0,1339.0
0.9470057991790584,0.1491832141026498,0.9501774308019872,0.2578781107943601,0.5028324408026325,7045.0,70450.0,10.0,1339.0,1340.0
0.9700107942368015,0.15244598582599142,0.9707818930041152,0.2635116266080837,0.5066841252026437,7290.0,72900.0,10.0,1340.0,1341.0
0.9692120386238084,0.15259558728656833,0.9711235801286437,0.2637477001988515,0.507110242979957,7307.0,73070.0,10.0,1341.0,1342.0
0.9783750948835135,0.1535572622162208,0.9796742495625252,0.26549931600547194,0.507225981717838,7429.0,74290.0,10.0,1342.0,1343.0
0.9793305911900653,0.15423076923076923,0.98270145596079,0.26661712654242525,0.5085247749223532,6937.0,69370.0,10.0,1343.0,1344.0
0.9770868425302037,0.15347664224810856,0.9793103448275862,0.2653654485049834,0.5070707070707071,6525.0,65250.0,10.0,1344.0,1345.0
0.9598308379920674,0.1500933552992861,0.9584794501332585,0.2595434344969043,0.5028245705760084,7129.0,71290.0,10.0,1345.0,1346.0
0.9734925113076361,0.15328726554787758,0.9751318764129616,0.26492868354603155,0.5080724349752233,7962.0,79620.0,10.0,1346.0,1347.0
0.9789473886342988,0.1550897791638957,0.9824230098779779,0.26788932681071875,0.5118456499920765,6884.0,68840.0,10.0,1347.0,1348.0
0.9661491976643599,0.15164530654658814,0.965735294117647,0.2621295279912184,0.5057352941176471,6800.0,68000.0,10.0,1348.0,1349.0
0.9730729649690839,0.15290609571295888,0.9738480697384807,0.264311969242469,0.5071606475716065,6424.0,64240.0,10.0,1349.0,1350.0
0.9697830357345685,0.1521472938976334,0.9719812259991466,0.26310926310926314,0.5050490684113212,7031.0,70310.0,10.0,1350.0,1351.0
0.9832965317315815,0.1537678411019064,0.9846606161319187,0.26599675403156187,0.5059788734849453,7823.0,78230.0,10.0,1351.0,1352.0
0.98098548981137,0.15434865003455733,0.9824038597984958,0.2667822736030829,0.5090883290117006,7047.0,70470.0,10.0,1352.0,1353.0
0.9799326385477007,0.15373332402039533,0.9830281375614114,0.2658854795844407,0.5065167079459174,6717.0,67170.0,10.0,1353.0,1354.0
0.9801843940115434,0.1540307747521421,0.983810888252149,0.26635894651099645,0.5073196144829383,6980.0,69800.0,10.0,1354.0,1355.0
0.965275455741401,0.15144485683987274,0.9691785663791884,0.26195616867608,0.5035281415883707,7073.0,70730.0,10.0,1355.0,1356.0
0.978540650486121,0.15400249825333984,0.9813815434430653,0.2662274682038613,0.5082053672177795,7412.0,74120.0,10.0,1356.0,1357.0
0.946554900295074,0.14968550923312637,0.9493670886075949,0.2585981715280801,0.5051202473526984,7821.0,78210.0,10.0,1357.0,1358.0
0.9505306876398929,0.14964644663127635,0.9624831309041836,0.25902050155259765,0.49938657833394673,7410.0,74100.0,10.0,1358.0,1359.0
0.9671488389986133,0.15327798803564888,0.9743888242142026,0.2648873885753468,0.5083430345362825,7731.0,77310.0,10.0,1359.0,1360.0
0.9720900672980205,0.15262948858724856,0.9749291150574542,0.2639382676147382,0.5056640121555805,6701.0,67010.0,10.0,1360.0,1361.0
0.9513552800020064,0.14824190626596684,0.9471731710936341,0.25636082494929413,0.5004519149050979,6739.0,67390.0,10.0,1361.0,1362.0
0.9694601427298131,0.15314344713038403,0.9730462065031374,0.264636866091341,0.5083882176009957,7012.0,70120.0,10.0,1362.0,1363.0
0.9692010615931064,0.1529676276885732,0.9730413871661815,0.26437414030261347,0.5077262947152834,7901.0,79010.0,10.0,1363.0,1364.0
0.9712676964494934,0.15245879492029182,0.974104445403539,0.26365282401728873,0.5053556715188136,6951.0,69510.0,10.0,1364.0,1365.0
0.9587992620672691,0.15184846342579117,0.9662609155861339,0.2624523826636958,0.5062907455074696,7558.0,75580.0,10.0,1365.0,1366.0
0.9649950484583705,0.15299175185634656,0.9702582833289851,0.2643071620205035,0.5089652064606408,7666.0,76660.0,10.0,1366.0,1367.0
0.9716761295549529,0.15243569341852126,0.9722769277382215,0.26355124835742444,0.5060252578810374,6601.0,66010.0,10.0,1367.0,1368.0
0.9695773452942035,0.15268147107873256,0.9753294084664984,0.2640306606458468,0.5056961541402248,7134.0,71340.0,10.0,1368.0,1369.0
0.981400226803756,0.15465658295281584,0.9859005457853245,0.26737110434997124,0.5088207729202271,6596.0,65960.0,10.0,1369.0,1370.0
0.9722926924103822,0.15313488169229092,0.9770418811743425,0.2647713132988952,0.5067103482297582,7187.0,71870.0,10.0,1370.0,1371.0
0.9580877117003112,0.15054435124040694,0.9620758483033932,0.2603495505227825,0.5030458563392695,7014.0,70140.0,10.0,1371.0,1372.0
0.970570660294481,0.15149037563072323,0.972993248312078,0.2621632001293635,0.5021073450180727,6665.0,66650.0,10.0,1372.0,1373.0
0.9786598078434026,0.15356657733396967,0.9830787309048179,0.265637899282403,0.505864758038671,8510.0,85100.0,10.0,1373.0,1374.0
0.9804341353993064,0.153450116154957,0.9841610738255033,0.26550306892868136,0.5049786455155583,7450.0,74500.0,10.0,1374.0,1375.0
0.971604039397824,0.15271312443548948,0.9760213143872114,0.264103334334635,0.5055304375908284,6756.0,67560.0,10.0,1375.0,1376.0
0.9840965204147047,0.15457496062240467,0.9870466321243523,0.2672911852096401,0.508049098113103,6562.0,65620.0,10.0,1376.0,1377.0
0.966986732632219,0.1512165648021194,0.9675836431226765,0.26155639520861806,0.503318688746198,6725.0,67250.0,10.0,1377.0,1378.0
0.9649890086012054,0.1505452454157358,0.9651162790697675,0.2604619123246781,0.5017661011705254,7052.0,70520.0,10.0,1378.0,1379.0
0.9712255309293081,0.15253532834580216,0.9731879787860931,0.2637336314276589,0.506026678095034,6788.0,67880.0,10.0,1379.0,1380.0
0.9513788059356969,0.14984262589928057,0.9537779049799656,0.25899588093572706,0.5038507571421138,6988.0,69880.0,10.0,1380.0,1381.0
0.9641008996520306,0.1515486725663717,0.9629051151893792,0.26188074125205757,0.5065492882751766,7683.0,76830.0,10.0,1381.0,1382.0
0.9611535442770074,0.15021744253304484,0.9642464246424642,0.259939574799355,0.5008625862586259,7272.0,72720.0,10.0,1382.0,1383.0
0.9710761494482717,0.15283599393561045,0.9717890558548341,0.264131314298925,0.507745444235379,7054.0,70540.0,10.0,1383.0,1384.0
0.9746191620365888,0.15299105272238792,0.9799494790022103,0.2646626159258075,0.504965984441829,6334.0,63340.0,10.0,1384.0,1385.0
0.9707842571770836,0.1525241203490033,0.9748560191038067,0.2637780311668567,0.5052931336117177,7119.0,71190.0,10.0,1385.0,1386.0
0.9813000306568164,0.15344727357284035,0.9875785692906316,0.2656227987199871,0.5035645288563576,6682.0,66820.0,10.0,1386.0,1387.0
0.9773262507746292,0.15263327948303715,0.9810328118510314,0.2641664181330152,0.5031528073200509,7223.0,72230.0,10.0,1387.0,1388.0
0.9749591838665482,0.15336581673683714,0.976653110408194,0.2651021117402948,0.5077434991578688,6639.0,66390.0,10.0,1388.0,1389.0
0.9677204451736692,0.15126362735381566,0.9682791435368755,0.2616522018643523,0.5032081320741114,6305.0,63050.0,10.0,1389.0,1390.0
0.9747797012026942,0.15227007081795887,0.9792188651436994,0.2635566662699829,0.5025122261673478,6785.0,67850.0,10.0,1390.0,1391.0
0.9791440118987605,0.15317212907574354,0.9836331665088597,0.2650677067196413,0.5041378207887067,7393.0,73930.0,10.0,1391.0,1392.0
0.966973544552698,0.1521787809574992,0.9678154371973796,0.2630030959752322,0.5069003909790011,7022.0,70220.0,10.0,1392.0,1393.0
0.9681990567184442,0.15299861450155045,0.9693465236171103,0.26428354353441724,0.5093670437128707,7177.0,71770.0,10.0,1393.0,1394.0
0.9578555931929089,0.1510060788841242,0.9608695652173913,0.26099527610359996,0.5053291536050156,6670.0,66700.0,10.0,1394.0,1395.0
0.9646532976301335,0.1523032093246048,0.9666835571319989,0.2631470050691403,0.5078425501531658,7894.0,78940.0,10.0,1395.0,1396.0
0.9695009141017567,0.15210355987055016,0.9741935483870968,0.26312472193385733,0.5039620640169714,7285.0,72850.0,10.0,1396.0,1397.0
0.972793038337364,0.15203163990771693,0.9762660619803477,0.26309249791212597,0.5028241599670171,6615.0,66150.0,10.0,1397.0,1398.0
0.9676468849533254,0.1518700856296227,0.9758620689655172,0.2628359143128268,0.5023715415019763,6670.0,66700.0,10.0,1398.0,1399.0
0.9787133936707397,0.1535478954681967,0.9827858269975613,0.26559925565527537,0.5059141117095499,6971.0,69710.0,10.0,1399.0,1400.0
0.9767596482344602,0.15258681785967398,0.9781917310313494,0.26399362393476794,0.504151005741192,6603.0,66030.0,10.0,1400.0,1401.0
0.9741189320449376,0.15342498505678423,0.9790967348184315,0.2652803902519688,0.5069631314672511,6554.0,65540.0,10.0,1401.0,1402.0
0.980025595894818,0.15258599467358952,0.9827039492649179,0.2641560605180062,0.5022799339605336,6938.0,69380.0,10.0,1402.0,1403.0
0.9776884523240962,0.15315216677250532,0.9799635701275046,0.26490417392621773,0.5055727514743908,7137.0,71370.0,10.0,1403.0,1404.0
0.9685515586520026,0.1523372818749204,0.9714100064977258,0.2633723106736253,0.5060103963612735,6156.0,61560.0,10.0,1404.0,1405.0
0.9762931215012642,0.15332805918450257,0.9816563997262149,0.2652291304508636,0.5055441478439425,7305.0,73050.0,10.0,1405.0,1406.0
0.9750206405245602,0.15229105433717688,0.9753831302039339,0.2634486579860828,0.5041850872670228,8287.0,82870.0,10.0,1406.0,1407.0
0.957927913867115,0.15079654627264988,0.9603717568090874,0.260663922221249,0.5047349707218043,7747.0,77470.0,10.0,1407.0,1408.0
0.979437804651002,0.15350759004760622,0.9826074457381055,0.2655324438229525,0.5058345420570518,6957.0,69570.0,10.0,1408.0,1409.0
0.9675199791847517,0.15130468335503786,0.9676125848241826,0.261689259645464,0.5036453367730357,6484.0,64840.0,10.0,1409.0,1410.0
0.9726976264712317,0.15219175124163248,0.9767184035476718,0.26334865299106974,0.5032503527514613,7216.0,72160.0,10.0,1410.0,1411.0
0.9729955448330213,0.15258273794859162,0.9737945492662474,0.2638267660631878,0.5059557842576711,7632.0,76320.0,10.0,1411.0,1412.0
0.9678583150684796,0.1528086856834581,0.972254004576659,0.2641076943996581,0.5074500728104847,6992.0,69920.0,10.0,1412.0,1413.0
0.969711807275181,0.1521190008419871,0.9761368752814048,0.26321860013355186,0.5032131308583357,6663.0,66630.0,10.0,1413.0,1414.0
0.9722139685075315,0.15267158944869197,0.9718524681087077,0.2638881045161047,0.5070967579287047,7212.0,72120.0,10.0,1414.0,1415.0
0.9766582411903263,0.15328605399945286,0.9811422413793104,0.26514751651711777,0.5055961010971787,7424.0,74240.0,10.0,1415.0,1416.0
0.9816494775420174,0.15527532576712905,0.9861185264281901,0.26830331202789076,0.5110420812503034,7492.0,74920.0,10.0,1416.0,1417.0
0.9688853474842546,0.15226577591757887,0.973498005917921,0.26334197567384154,0.5048711741108499,7773.0,77730.0,10.0,1417.0,1418.0
0.9798998327192818,0.1539795797689912,0.9827651276890175,0.2662440570522979,0.5075538375324512,7949.0,79490.0,10.0,1418.0,1419.0
0.9713972864033371,0.1525073807213494,0.9724855186940495,0.2636660539325041,0.5062114031308345,7596.0,75960.0,10.0,1419.0,1420.0
0.9713133475862205,0.15319185313414974,0.9760348583877996,0.2648194328992334,0.5073405624876213,7344.0,73440.0,10.0,1420.0,1421.0
0.9766652495878083,0.15348029934180868,0.9804175665946724,0.26541152624295933,0.5066300150533412,6945.0,69450.0,10.0,1421.0,1422.0
0.9787702484496765,0.1530135966989109,0.98205499276411,0.26477301547045395,0.5041836600447309,6910.0,69100.0,10.0,1422.0,1423.0
0.9693334091920203,0.153306297409174,0.974749498997996,0.2649429878713051,0.5083014513876237,7485.0,74850.0,10.0,1423.0,1424.0
0.9789254684620159,0.15304577676318634,0.9822640345465762,0.2648287906193476,0.5042201783410913,6484.0,64840.0,10.0,1424.0,1425.0
0.9724746814221238,0.15249374406765037,0.976516093383064,0.26379326429704264,0.5044895703826495,7239.0,72390.0,10.0,1425.0,1426.0
0.9728004128112714,0.1525965319985699,0.976967095851216,0.26396351126744233,0.504695018858109,6990.0,69900.0,10.0,1426.0,1427.0
0.9683681504439284,0.15235222884821897,0.9731465265615878,0.2634583851913313,0.5053468131401582,6852.0,68520.0,10.0,1427.0,1428.0
0.9514768499367918,0.14992048878473385,0.957247828991316,0.2592398285000995,0.5026780834396065,7485.0,74850.0,10.0,1428.0,1429.0
0.9661042178447541,0.15224404786213092,0.972479457414895,0.26327218799103125,0.5052112358751201,7667.0,76670.0,10.0,1429.0,1430.0
0.9646512085790255,0.1513291970472352,0.9724970896391153,0.26190382882000235,0.5016933008783998,6872.0,68720.0,10.0,1430.0,1431.0
0.9742907940641998,0.15345744099052785,0.9813933967543369,0.2654130644520535,0.5061428498753625,7148.0,71480.0,10.0,1431.0,1432.0
0.95971310104705,0.15104573461772108,0.9697729488786739,0.2613804884458711,0.5017411895807216,7179.0,71790.0,10.0,1432.0,1433.0
0.9392749570939147,0.14720301954911896,0.9395129615082483,0.2545267526202848,0.49969054250279704,7638.0,76380.0,10.0,1433.0,1434.0
0.9705275231509316,0.1536598439578329,0.980119032544004,0.2656689778265944,0.5074309001116649,7897.0,78970.0,10.0,1434.0,1435.0
0.9620871538144942,0.1509693359102592,0.9660844064771134,0.2611317893575958,0.5029963024352926,7843.0,78430.0,10.0,1435.0,1436.0
0.9550472804080611,0.15152400428474047,0.9639449882294635,0.2618823212602666,0.5060204322997037,8071.0,80710.0,10.0,1436.0,1437.0
0.9656991076798422,0.15153572802788529,0.9674855491329479,0.2620300972583707,0.504584866001051,6920.0,69200.0,10.0,1437.0,1438.0
0.9766276903630003,0.1538921785058491,0.9795141168745897,0.26599386634334216,0.5085536918760819,7615.0,76150.0,10.0,1438.0,1439.0
0.9674681386766864,0.15243950039032006,0.9673065015479876,0.2633735142881227,0.5081001970166057,8075.0,80750.0,10.0,1439.0,1440.0
0.9456011366193431,0.14790898535373082,0.9407877688520342,0.25562850956714606,0.5019081721595327,7718.0,77180.0,10.0,1440.0,1441.0
0.9523987151164223,0.15034672405547586,0.9555471124620061,0.25981404958677684,0.5050428295109146,7896.0,78960.0,10.0,1441.0,1442.0
0.9609772239558612,0.15037070321276116,0.9617761172582268,0.26007888243408656,0.5025016655998119,6959.0,69590.0,10.0,1442.0,1443.0
0.9727622548906388,0.15337110842299612,0.9784727863525589,0.26517694974957345,0.5070157300051695,7386.0,73860.0,10.0,1443.0,1444.0
0.9702053602559346,0.1517330383480826,0.9733885274985216,0.26254087247786906,0.50287618945218,6764.0,67640.0,10.0,1444.0,1445.0
0.9559330654460609,0.15004921951905498,0.9593885808481942,0.2595107318753927,0.5022682996607768,6673.0,66730.0,10.0,1445.0,1446.0
0.9363752128659727,0.14730590077904115,0.9397871788216974,0.25469060472313565,0.49997640563433454,7706.0,77060.0,10.0,1446.0,1447.0
0.9506354935150436,0.14966953902785912,0.9536247334754797,0.25873165087858846,0.5032467532467533,7504.0,75040.0,10.0,1447.0,1448.0
0.952060937919035,0.1497788540436688,0.9570332480818414,0.25902019485351374,0.5022204138572425,7820.0,78200.0,10.0,1448.0,1449.0
0.9619437080756397,0.1522164605233954,0.9710387437250612,0.26317809174952034,0.5057044898723364,7769.0,77690.0,10.0,1449.0,1450.0
0.9605751724338845,0.1508106389742503,0.9620116263350007,0.26074530064856544,0.5040987132375533,7397.0,73970.0,10.0,1450.0,1451.0
0.9557108105856716,0.1496808324589017,0.953886876567289,0.258758172404671,0.5031789052407609,7178.0,71780.0,10.0,1451.0,1452.0
0.9692400939096484,0.15154719854480847,0.9699472045485312,0.262137343138331,0.5035996898728725,7387.0,73870.0,10.0,1452.0,1453.0
0.9659629609849717,0.15149478657543175,0.9686197916666667,0.26201042547196396,0.5039535984848484,7680.0,76800.0,10.0,1453.0,1454.0
0.9536856079594154,0.14974676536324305,0.9573938122705821,0.2589854070251964,0.5019426038041664,7628.0,76280.0,10.0,1454.0,1455.0
0.9673094125663483,0.15145569620253166,0.9705285926727052,0.2620216435206307,0.5030049037078914,7397.0,73970.0,10.0,1455.0,1456.0
0.9344780755027584,0.14518367523962356,0.9210345301967259,0.25082891557237325,0.49983116347127904,7269.0,72690.0,10.0,1456.0,1457.0
0.9795602860713163,0.1536577466499332,0.9835449598341539,0.26579131652661064,0.5060189874908714,7718.0,77180.0,10.0,1457.0,1458.0
0.9807683575351348,0.154332633023196,0.982396288209607,0.26675806869974433,0.509031361651449,7328.0,73280.0,10.0,1458.0,1459.0
0.9312617346821795,0.14761194648109027,0.9350564156389399,0.25497281053234117,0.5032322702225615,7622.0,76220.0,10.0,1459.0,1460.0
0.9797771670817054,0.15377477857444116,0.9842083951950331,0.2659906253989677,0.5061902600031902,7409.0,74090.0,10.0,1460.0,1461.0
0.9827801829049747,0.15485371283192875,0.9859529233105543,0.2676675713745834,0.5095372863026622,7902.0,79020.0,10.0,1461.0,1462.0
0.9719202026843888,0.15319282136894824,0.9756778309409888,0.2648077339297309,0.5074911797399836,7524.0,75240.0,10.0,1462.0,1463.0
0.9785814999988134,0.15397324025596276,0.9808775570708568,0.26616520182619013,0.508301215535132,6746.0,67460.0,10.0,1463.0,1464.0
0.9749084539099111,0.1520054802286578,0.9796011569493074,0.263174038402552,0.5013354737818126,6569.0,65690.0,10.0,1464.0,1465.0
0.9607421371329827,0.1506906831254986,0.9627145922746781,0.2605917589399165,0.503340811548966,7456.0,74560.0,10.0,1465.0,1466.0
0.9509148873742206,0.14900885408194092,0.9541666666666667,0.2577636630419489,0.5004464285714286,6720.0,67200.0,10.0,1466.0,1467.0
0.9555928250339947,0.15036557733186948,0.9563214975486555,0.25987081146548247,0.5047878877918991,6731.0,67310.0,10.0,1467.0,1468.0
0.9511785608510532,0.14856081708449395,0.9498233215547703,0.25693475310176067,0.5005589463539993,7075.0,70750.0,10.0,1468.0,1469.0
0.9654434528555423,0.15173851998678559,0.9677376876481433,0.26234248384678543,0.5052553451289296,7594.0,75940.0,10.0,1469.0,1470.0
0.9616778927245409,0.15183234632110312,0.9740642086078789,0.2627141074602034,0.5029759249582606,7133.0,71330.0,10.0,1470.0,1471.0
0.9761142767248999,0.15397210772965952,0.9787055867926785,0.2660833929616861,0.5091844391999913,8359.0,83590.0,10.0,1471.0,1472.0
0.9673819920887607,0.15169430425378516,0.9722735674676525,0.2624423100910565,0.5031927407158461,7574.0,75740.0,10.0,1472.0,1473.0
0.9796876439314586,0.1537199814947218,0.9835844994617868,0.2658858618557451,0.5062383794891868,7432.0,74320.0,10.0,1473.0,1474.0
0.9563248320103814,0.1498451887892557,0.9594490216271885,0.25920773484505966,0.5014511749836158,7768.0,77680.0,10.0,1474.0,1475.0
0.9268169038556366,0.14592201600544866,0.9274891774891775,0.25217007503310285,0.4999016135379772,7392.0,73920.0,10.0,1475.0,1476.0
0.9722343068267074,0.15361706940098768,0.9720896946564885,0.2653081154985514,0.5105612421929215,8384.0,83840.0,10.0,1476.0,1477.0
0.9436082006570161,0.14802043691259645,0.944206008583691,0.25592089717723615,0.5008656847444402,7456.0,74560.0,10.0,1477.0,1478.0
0.9741438238766906,0.1527255317693728,0.9755351681957186,0.26410408042578354,0.5057786250446801,6867.0,68670.0,10.0,1478.0,1479.0
0.9732443301316813,0.15340077622956036,0.9812779812779813,0.2653240893584241,0.505975505975506,7371.0,73710.0,10.0,1479.0,1480.0
0.9800263356200009,0.15403716071581472,0.9815850497885691,0.2662867504209299,0.5082526258354931,7331.0,73310.0,10.0,1480.0,1481.0
0.962006722650106,0.15043547110055425,0.962390781309358,0.260198229967304,0.5024923158391564,7897.0,78970.0,10.0,1481.0,1482.0
0.9763610879137246,0.15416751166092071,0.9834411384217335,0.26654978962131837,0.5079854169116782,7730.0,77300.0,10.0,1482.0,1483.0
0.9844500184732186,0.1536242710992135,0.9866719978675197,0.26585505997270703,0.5046102771012807,7503.0,75030.0,10.0,1483.0,1484.0
0.9765838158594045,0.15310467179183915,0.9799394398183194,0.26483224222585927,0.5054022434794577,7926.0,79260.0,10.0,1484.0,1485.0
0.9749454119956749,0.15288265973942286,0.9798657718120806,0.26449736094901316,0.5045876941850096,7748.0,77480.0,10.0,1485.0,1486.0
0.9735084307969675,0.15233898940658105,0.9765625,0.2635633768550807,0.5038789335664335,6656.0,66560.0,10.0,1486.0,1487.0
0.9653575280352489,0.15117515797376488,0.971976401179941,0.26165424389539604,0.5013164631024647,7458.0,74580.0,10.0,1487.0,1488.0
0.9686375140658766,0.1527134448512308,0.9726874516877093,0.26398139892659217,0.5069101215712913,7762.0,77620.0,10.0,1488.0,1489.0
0.9679270848482181,0.1536702017051362,0.9756361017762842,0.2655190998023877,0.5093069436564396,8332.0,83320.0,10.0,1489.0,1490.0
0.9685486822840409,0.15207823025107164,0.969619326500732,0.26291934096473235,0.5057677802919384,8196.0,81960.0,10.0,1490.0,1491.0
0.9789537557075816,0.15413817736503724,0.9803972478255225,0.2663938763272073,0.509116873001074,7703.0,77030.0,10.0,1491.0,1492.0
0.9671163637839041,0.15125602469848745,0.9741095694464311,0.261852578152036,0.5007347108620174,6991.0,69910.0,10.0,1492.0,1493.0
0.9758426377335234,0.15221882489050492,0.9796569605105704,0.2634957532409477,0.5021334203623793,7521.0,75210.0,10.0,1493.0,1494.0
0.9717174950958202,0.15173585821801408,0.975177304964539,0.2626100574877289,0.50214055448098,7050.0,70500.0,10.0,1494.0,1495.0
0.9149852236333667,0.14380492848526624,0.9099086820226251,0.24835847547478657,0.49931232730742064,7337.0,73370.0,10.0,1495.0,1496.0
0.9516943885543734,0.152841798340587,0.9712534059945505,0.2641201859844766,0.5079886054000495,7340.0,73400.0,10.0,1496.0,1497.0
0.9651987918586136,0.15268497463704742,0.973349687778769,0.26396322840122166,0.5065282621036412,8968.0,89680.0,10.0,1497.0,1498.0
0.9864702720700579,0.15283321974491287,0.9900662251655629,0.26479146459747815,0.500186347868467,6342.0,63420.0,10.0,1498.0,1499.0
0.9805706231197465,0.15397894377903756,0.9812576395490968,0.2661877129962236,0.5081673724889806,7363.0,73630.0,10.0,1499.0,1500.0
0.9796086342254618,0.1529070842838646,0.9801080226584112,0.26454273929739724,0.5045807834636711,7591.0,75910.0,10.0,1500.0,1501.0
0.9193512359304049,0.14431514329830905,0.9093497864261983,0.2490980596093217,0.501596410234284,8428.0,84280.0,10.0,1501.0,1502.0
0.9694963125506909,0.15267204995278383,0.9721438213277703,0.26389953029747826,0.5069779894911813,8149.0,81490.0,10.0,1502.0,1503.0
0.9723484657697057,0.15311338813196712,0.9778512872141522,0.26476887729272947,0.506295516650759,6953.0,69530.0,10.0,1503.0,1504.0
0.9731653757152453,0.1533278760783326,0.975430631593003,0.2650003627657259,0.5081027931875842,7489.0,74890.0,10.0,1504.0,1505.0
0.9788752366491368,0.15301462810557004,0.9809791597750579,0.26473542080478496,0.5046311610982468,6046.0,60460.0,10.0,1505.0,1506.0
0.9808704439674383,0.154060908296571,0.9847432229941425,0.26643815420905204,0.5070525442409382,7341.0,73410.0,10.0,1506.0,1507.0
0.975109503939193,0.15340063267584667,0.9797949784578814,0.26526959354825735,0.5065841898407639,6731.0,67310.0,10.0,1507.0,1508.0
0.9647406482139556,0.15222772277227722,0.9675683135523048,0.2630670518929871,0.507188919278348,7246.0,72460.0,10.0,1508.0,1509.0
0.9689909328799697,0.15317867894457235,0.9727845254161044,0.2646797833603623,0.5086287981024823,8892.0,88920.0,10.0,1509.0,1510.0
0.9789284695570438,0.1541732541023824,0.9860529986052998,0.2666540945735703,0.5069418029669076,8604.0,86040.0,10.0,1510.0,1511.0
0.9725630489027391,0.15277529894699268,0.977540921202893,0.26425190368388557,0.50513894175866,7881.0,78810.0,10.0,1511.0,1512.0
0.9751336078990118,0.15320196025723207,0.9806750496360026,0.2650046498318907,0.5054689850189519,7555.0,75550.0,10.0,1512.0,1513.0
0.973896660447302,0.1533115870089349,0.9792933868254173,0.26511807161376216,0.5064531689353742,7727.0,77270.0,10.0,1513.0,1514.0
0.9756368532275611,0.15433759246805648,0.9863013698630136,0.26690895874977283,0.5074597709569506,7446.0,74460.0,10.0,1514.0,1515.0
0.9684637337562426,0.152625904820576,0.974708444569341,0.26392482118399024,0.5057416940232733,7117.0,71170.0,10.0,1515.0,1516.0
0.9660539356654642,0.15114018388756126,0.9685918234912394,0.26147889914685635,0.5026016164238098,7705.0,77050.0,10.0,1516.0,1517.0
0.9768722168788249,0.1525022143489814,0.9823135073455997,0.2640164075827567,0.5021200451238962,7011.0,70110.0,10.0,1517.0,1518.0
0.976207479761797,0.15341336188241725,0.9775036284470247,0.2652044653580359,0.5075735585169547,6890.0,68900.0,10.0,1518.0,1519.0
0.9721881202216435,0.1544761050033655,0.9756270369845543,0.2667209018536812,0.5123217437231891,7057.0,70570.0,10.0,1519.0,1520.0
0.9807584723670124,0.15403412856196155,0.9849046610169492,0.26640401146131804,0.506885593220339,7552.0,75520.0,10.0,1520.0,1521.0
0.9488822997368114,0.14882763139420602,0.9479803249366523,0.25726594260057034,0.5023916313229176,6709.0,67090.0,10.0,1521.0,1522.0
0.9786578838970483,0.15354919331444,0.9825788947593889,0.26559363903041533,0.5060039203977517,7003.0,70030.0,10.0,1522.0,1523.0
0.9757134969686982,0.15278441942355345,0.9785604900459418,0.2643027693696065,0.5047523825193323,7183.0,71830.0,10.0,1523.0,1524.0
0.970166849463028,0.15330975842339478,0.9733854692230071,0.2648977069888782,0.5088753325382992,7928.0,79280.0,10.0,1524.0,1525.0
0.974217709497943,0.15175078938687026,0.9750189250567751,0.2626266745509043,0.5022641249741931,6605.0,66050.0,10.0,1525.0,1526.0
0.9796608441935913,0.15241560541742472,0.9831932773109243,0.2639183276616432,0.5014225125786992,6902.0,69020.0,10.0,1526.0,1527.0
0.9847010272752261,0.15371811410261746,0.987436514300989,0.2660233328532335,0.504653592865301,7482.0,74820.0,10.0,1527.0,1528.0
0.9635898468997502,0.15355192418028432,0.9828618063112078,0.26560805719431735,0.5058982095162726,7352.0,73520.0,10.0,1528.0,1529.0
0.97941264999242,0.15366113141218374,0.9825495415557527,0.26576,0.5064397300422145,6762.0,67620.0,10.0,1529.0,1530.0
0.9801630770825626,0.1527295810410495,0.9808397880146759,0.2643036306047346,0.5036010327490148,7359.0,73590.0,10.0,1530.0,1531.0
0.9763706082769389,0.15207439198855507,0.9818349753694581,0.2633578330167644,0.5006717420510524,6496.0,64960.0,10.0,1531.0,1532.0
0.9699841902713524,0.15223293699091844,0.9765765765765766,0.26340515146606186,0.5034671034671034,6660.0,66600.0,10.0,1532.0,1533.0
0.9757215862704082,0.15399892885834152,0.9792819639562934,0.2661447386181762,0.5090496278235742,7047.0,70470.0,10.0,1533.0,1534.0
0.9744301471681549,0.15401673640167365,0.980946035976016,0.2662327095199349,0.5084367997092847,7505.0,75050.0,10.0,1534.0,1535.0
0.9482857447087096,0.1491350258368906,0.9476088508208422,0.2577113462098418,0.5037440789046784,7005.0,70050.0,10.0,1535.0,1536.0
0.9550193485539401,0.1495897376632382,0.9581051073279052,0.2587764894042383,0.5010295404077787,6755.0,67550.0,10.0,1536.0,1537.0
0.9754221151560286,0.153351540827079,0.9816905286343612,0.2652655073002883,0.50561924309171,7264.0,72640.0,10.0,1537.0,1538.0
0.9685871001096586,0.15243832908890495,0.9727140431724473,0.2635712407991588,0.5058540780102749,8246.0,82460.0,10.0,1538.0,1539.0
0.9706638332951957,0.15314039408866995,0.9761873609839068,0.264748150382343,0.5070831301369049,7643.0,76430.0,10.0,1539.0,1540.0
0.9690430150544249,0.1514919663351186,0.9725747032337291,0.262150383405969,0.5022885424031556,7329.0,73290.0,10.0,1540.0,1541.0
0.9713941057590345,0.1526176649042212,0.9752146219883688,0.26393104740490914,0.5055008685581934,7222.0,72220.0,10.0,1541.0,1542.0
0.9690581165440694,0.15285962564174274,0.9708195889368181,0.264130753697727,0.5082351041498466,7882.0,78820.0,10.0,1542.0,1543.0
0.9758374455551356,0.1534133279099722,0.9803610108303249,0.26530931259525575,0.5063997374466689,6925.0,69250.0,10.0,1543.0,1544.0
0.979639875676513,0.1548611844188747,0.984828141783029,0.26763723934103223,0.5100209940435504,7448.0,74480.0,10.0,1544.0,1545.0
0.979834431696732,0.15412595694285836,0.9860641320524963,0.26658375550962926,0.5067588344546807,7391.0,73910.0,10.0,1545.0,1546.0
0.9788960617927359,0.15308992028261326,0.9829876137889867,0.26492117117117114,0.5040902985985809,6701.0,67010.0,10.0,1546.0,1547.0
0.9716588199851602,0.1525098401282861,0.9754467754467755,0.2637782867228374,0.5049939959030868,6435.0,64350.0,10.0,1547.0,1548.0
0.9700282115396981,0.1535629765974231,0.9734685372968468,0.26527869783287594,0.5097930268092791,7199.0,71990.0,10.0,1548.0,1549.0
0.9699534821746651,0.15172240840799764,0.9713910378047,0.262452182829199,0.5036690065153063,6851.0,68510.0,10.0,1549.0,1550.0
0.9782022572597844,0.15360432164364152,0.9835554295435214,0.265711768986251,0.5058123050751346,7054.0,70540.0,10.0,1550.0,1551.0
0.9569595144521155,0.15037235885001732,0.9604535398230089,0.26003294399520815,0.5030671761866452,7232.0,72320.0,10.0,1551.0,1552.0
0.9778230123678144,0.1533908033041482,0.9825547866205305,0.265355787014504,0.5054131278179721,6936.0,69360.0,10.0,1552.0,1553.0
0.9612209236739027,0.14968990791204662,0.9660400242571255,0.25921405906761047,0.4980428910083246,6596.0,65960.0,10.0,1553.0,1554.0
0.9635927967097525,0.15272636431767084,0.968601469105574,0.26384965473948524,0.5086483443101619,6943.0,69430.0,10.0,1554.0,1555.0
0.9596352154544945,0.1518181252463233,0.9681216931216932,0.2624755688644229,0.5053992303992304,7560.0,75600.0,10.0,1555.0,1556.0
0.955382330612245,0.1497824874511991,0.9591428571428572,0.2591027496382055,0.5013376623376623,7000.0,70000.0,10.0,1556.0,1557.0
0.9628663755659014,0.1506824758636585,0.9658568614576494,0.2606942690680313,0.5019847191547783,6092.0,60920.0,10.0,1557.0,1558.0
0.9611444715604025,0.15008899470654863,0.964354671023318,0.2597511701404169,0.5003172974359666,6733.0,67330.0,10.0,1558.0,1559.0
0.9775270224622272,0.1529331094980257,0.9820832068023079,0.26465353219173876,0.5038649476851724,6586.0,65860.0,10.0,1559.0,1560.0
0.9778874013224447,0.15402261562702751,0.9802389028166937,0.266215431443619,0.5087477041466129,6781.0,67810.0,10.0,1560.0,1561.0
0.9793797363777336,0.15411027624802123,0.9826556724481091,0.26643538594969646,0.508090573060718,7034.0,70340.0,10.0,1561.0,1562.0
0.9701663093273454,0.15224457110556314,0.9705705705705706,0.2632028991408445,0.506006006006006,6660.0,66600.0,10.0,1562.0,1563.0
0.9719553654795252,0.15162313676067968,0.9773109243697479,0.262518340167789,0.5008148714031067,7140.0,71400.0,10.0,1563.0,1564.0
0.9760605820140168,0.15314006610665487,0.9795313762456235,0.26487027765134274,0.5057047719315427,7426.0,74260.0,10.0,1564.0,1565.0
0.9700830680018168,0.1515072539310225,0.9753914988814317,0.2622753590495526,0.5011694122432377,7152.0,71520.0,10.0,1565.0,1566.0
0.9776406181531092,0.1530301320392732,0.9794856977752094,0.2647041599156695,0.5053058758635182,6922.0,69220.0,10.0,1566.0,1567.0
0.9772588095592788,0.1515858208955224,0.981049807144055,0.26259679048367185,0.49910813653895997,5963.0,59630.0,10.0,1567.0,1568.0
0.9694614051573519,0.1519210433556574,0.9711581793600721,0.26274079492806635,0.5045270187226023,6657.0,66570.0,10.0,1568.0,1569.0
0.9826423830027411,0.15547712025633323,0.9855601396382101,0.2685837837837838,0.512016387294077,6302.0,63020.0,10.0,1569.0,1570.0
0.9807802634937031,0.1531936393128756,0.9837773224043715,0.2651051493258479,0.5041604570293095,5856.0,58560.0,10.0,1570.0,1571.0
0.978203694151779,0.15305012102773644,0.9812072892938497,0.2647968494861204,0.5046722924000828,7024.0,70240.0,10.0,1571.0,1572.0
0.9739496801170199,0.15268698823367507,0.9763860369609856,0.264077592875419,0.5052801408037547,6818.0,68180.0,10.0,1572.0,1573.0
0.9830121667207115,0.15338623997247133,0.9853550704614534,0.2654508234856239,0.504245271169836,7238.0,72380.0,10.0,1573.0,1574.0
0.9832914178220482,0.15401166788669285,0.9869225302061123,0.26644408626909205,0.5059766104542224,7035.0,70350.0,10.0,1574.0,1575.0
0.954107540619384,0.15127822540535163,0.956357690856496,0.26123402501030646,0.5082608248247791,7951.0,79510.0,10.0,1575.0,1576.0
0.9609096729225797,0.15061042183622828,0.963918180663194,0.26051574357037394,0.5025236483755097,7871.0,78710.0,10.0,1576.0,1577.0
0.9648212496472601,0.15200492736386034,0.9670314822321308,0.26271450858034323,0.5065654518431171,7401.0,74010.0,10.0,1577.0,1578.0
0.9692951713696595,0.15238961826768924,0.9716811714325183,0.2634604940352454,0.5060970249532205,7239.0,72390.0,10.0,1578.0,1579.0
0.9735537780498944,0.15337533753375338,0.9846865067899451,0.2654102254585102,0.5044784744293557,6922.0,69220.0,10.0,1579.0,1580.0
0.9833492172895282,0.1530660718342731,0.9861610113107119,0.26500035757705787,0.5026915865239219,7515.0,75150.0,10.0,1580.0,1581.0
0.9846294526423054,0.15299193823095264,0.9859505341723986,0.26488165447825746,0.5024945784495031,6833.0,68330.0,10.0,1581.0,1582.0
0.9750505339844872,0.15308416765654165,0.9785762711864406,0.2647517379262275,0.5058859784283513,7375.0,73750.0,10.0,1582.0,1583.0
0.9881532275537723,0.15399322752297806,0.9905171136464661,0.2665470494417863,0.5044383679737066,6749.0,67490.0,10.0,1583.0,1584.0
0.9835948594732197,0.15454790690830617,0.9849953110346984,0.2671754107048225,0.5087811532012845,6398.0,63980.0,10.0,1584.0,1585.0
0.9826103039239001,0.15356336665591744,0.9852413793103448,0.2657118943550637,0.5049655172413793,7250.0,72500.0,10.0,1585.0,1586.0
0.9749292222188182,0.15150441641868595,0.9743317132442284,0.2622327596778809,0.501601679001436,6584.0,65840.0,10.0,1586.0,1587.0
0.9833076511782142,0.1531402525109919,0.9841866493843162,0.26504005445311274,0.5037883697637424,7715.0,77150.0,10.0,1587.0,1588.0
0.9711536625598367,0.1520044543429844,0.9735290083664793,0.2629521921944172,0.5038590541265071,7291.0,72910.0,10.0,1588.0,1589.0
0.9718180769389568,0.15246626601655516,0.9737833140208575,0.26365222847506814,0.5055172232171073,6904.0,69040.0,10.0,1589.0,1590.0
0.9820844970560092,0.15364350776924451,0.9828620394173093,0.26574506699617717,0.5062449689699047,7002.0,70020.0,10.0,1590.0,1591.0
0.9656244708816105,0.15216509070248774,0.9703674948240165,0.2630766532187336,0.5057876905702993,7728.0,77280.0,10.0,1591.0,1592.0
0.9777585668536897,0.1532586335186239,0.9797146054840515,0.26505431285719694,0.5060792592969425,7148.0,71480.0,10.0,1592.0,1593.0
0.984230317092812,0.15343585750438,0.986606584053073,0.26557051163260836,0.5039201629513308,7989.0,79890.0,10.0,1593.0,1594.0
0.9749846915374643,0.15310086273092732,0.9810419681620839,0.2648667656481988,0.5049335613735035,6910.0,69100.0,10.0,1594.0,1595.0
0.9818408206528887,0.15318300996329312,0.984497169048261,0.2651153504074928,0.5038236231280179,7418.0,74180.0,10.0,1595.0,1596.0
0.9684514920401006,0.15306920232435287,0.9733942488578339,0.26453886464476783,0.5079646233905841,7442.0,74420.0,10.0,1596.0,1597.0
0.9756204762830749,0.15362540654295007,0.9801049676553155,0.2656169889023039,0.5073066808694784,8193.0,81930.0,10.0,1597.0,1598.0
0.9764940480003106,0.15382356396100083,0.9790654205607476,0.26587482868889906,0.5084791843670349,8025.0,80250.0,10.0,1598.0,1599.0
0.96685277147672,0.1525769334803687,0.9692043351837166,0.2636489474535747,0.5078340903083172,7566.0,75660.0,10.0,1599.0,1600.0
0.9691477901032843,0.15218130793434817,0.9714983713355049,0.2631424159988236,0.5053795281808311,7368.0,73680.0,10.0,1600.0,1601.0
0.9805006643259948,0.15456439849322753,0.9850593793896054,0.2672024108488197,0.5088169396686827,7831.0,78310.0,10.0,1601.0,1602.0
0.9782636398860012,0.15430176034735005,0.983752068602377,0.26676185619581844,0.508363308122598,6647.0,66470.0,10.0,1602.0,1603.0
0.9567667757081352,0.14993517972893342,0.9610213023115274,0.2593997226979855,0.5011331016769904,6619.0,66190.0,10.0,1603.0,1604.0
0.9711395177184378,0.15181775308085055,0.971526046450597,0.26259975172903,0.5039782419391394,7621.0,76210.0,10.0,1604.0,1605.0
0.981169003041811,0.1536538655377482,0.984245867768595,0.26581108650543167,0.5057170360631105,7744.0,77440.0,10.0,1605.0,1606.0
0.9831717070300178,0.15434971516848509,0.9843596059113301,0.2668558551039145,0.5082960143304971,8120.0,81200.0,10.0,1606.0,1607.0
0.9799940621047721,0.15424819083355668,0.9832804491091042,0.2666644601840207,0.5083542281492001,8194.0,81940.0,10.0,1607.0,1608.0
0.9781596488162927,0.15418314724878587,0.9860710854947167,0.26666955316937996,0.5069717346374407,6246.0,62460.0,10.0,1608.0,1609.0
0.9774832791046599,0.15267455928102316,0.9805744415151936,0.2642116085615478,0.50350038472697,7207.0,72070.0,10.0,1609.0,1610.0
0.9804909016081336,0.1536271545540818,0.9834699067533201,0.2657428086048598,0.5059338796270133,7078.0,70780.0,10.0,1610.0,1611.0
0.9703150425562692,0.15247571061079576,0.975118966689327,0.2637152522429769,0.5049996909956121,7355.0,73550.0,10.0,1611.0,1612.0
0.9675834238325548,0.15153156813615945,0.971350021704529,0.2621651175505741,0.5029531313715947,6911.0,69110.0,10.0,1612.0,1613.0
0.9657805417799534,0.15109821279438784,0.9664797008547008,0.2613390148779431,0.5033265345765345,7488.0,74880.0,10.0,1613.0,1614.0
0.963111381168383,0.1524110916856618,0.9647009385067936,0.2632343385697359,0.5090730812820742,7139.0,71390.0,10.0,1614.0,1615.0
0.9689341970922815,0.15322285295733382,0.9723997675769901,0.2647314719607688,0.5089535682214358,6884.0,68840.0,10.0,1615.0,1616.0
0.9695824817994385,0.15235291608003754,0.9750170648464164,0.2635278490120473,0.5045733788395904,7325.0,73250.0,10.0,1616.0,1617.0
0.9766984093000739,0.15300908605024052,0.9851342050929112,0.2648778682457439,0.5028968278796221,7265.0,72650.0,10.0,1617.0,1618.0
0.9742434229187973,0.15339890960387356,0.9802655621878427,0.26528425667990835,0.5063843453415874,8209.0,82090.0,10.0,1618.0,1619.0
0.9872703846921294,0.15502604869341413,0.9901895797428079,0.26808082983381787,0.5084666096199969,7543.0,75430.0,10.0,1619.0,1620.0
0.9802964126303442,0.15445768191682538,0.9821177133201915,0.2669345579793341,0.5096131691456952,7102.0,71020.0,10.0,1620.0,1621.0
0.9837838238016905,0.1553327326060699,0.9863647431214999,0.2683981249896477,0.5111561192642273,8214.0,82140.0,10.0,1621.0,1622.0
0.9733091752340338,0.15305832724912793,0.9761997154313802,0.2646259576780799,0.5067673239966605,7731.0,77310.0,10.0,1622.0,1623.0
0.9836144527261137,0.15450905088635458,0.9850701702000597,0.26712009878342546,0.5086050109937837,6698.0,66980.0,10.0,1623.0,1624.0
0.9812268059155896,0.15215577801194238,0.9833995459704881,0.2635361216730038,0.5003353627076669,7048.0,70480.0,10.0,1624.0,1625.0
0.9755487001074433,0.15359778597785978,0.980778173926523,0.2656004029972924,0.5069263398204648,6451.0,64510.0,10.0,1625.0,1626.0
0.9761659327014249,0.15361712910173572,0.9800619695540886,0.26560303754951536,0.5072930572054916,7423.0,74230.0,10.0,1626.0,1627.0
0.9815546714325828,0.15327840714040508,0.9840220385674932,0.2652409593821935,0.5043826696719259,7260.0,72600.0,10.0,1627.0,1628.0
0.9675814726657859,0.1523612617960738,0.9685100845803514,0.2633012593745578,0.5073046667060981,7685.0,76850.0,10.0,1628.0,1629.0
0.9818360492983643,0.1545241310683062,0.9850475758948799,0.26714180388301795,0.5086707583309306,6621.0,66210.0,10.0,1629.0,1630.0
0.9781438430033718,0.15344052731449115,0.9795970415710278,0.2653219817984009,0.5068164429296793,7842.0,78420.0,10.0,1630.0,1631.0
0.9768781917636837,0.15359361688864878,0.9786839666357738,0.2655172413793103,0.5077693390946403,7553.0,75530.0,10.0,1631.0,1632.0
0.9802589497330202,0.15423076104763728,0.9823824366445317,0.26660536962118425,0.5086547819980535,7379.0,73790.0,10.0,1632.0,1633.0
0.9760387008608684,0.1539918634436145,0.9790611742165047,0.2661260322892642,0.5091133035569877,7307.0,73070.0,10.0,1633.0,1634.0
0.9706855660661025,0.15288120660359547,0.9739409327809702,0.26427820285020126,0.507028051462102,7483.0,74830.0,10.0,1634.0,1635.0
0.9555636500675208,0.14946362187997875,0.9564980967917346,0.25852914699344126,0.5012234910277324,7356.0,73560.0,10.0,1635.0,1636.0
0.9667793835337052,0.15204771552803514,0.9712083757452378,0.2629320525942839,0.5049902838182612,6877.0,68770.0,10.0,1636.0,1637.0
0.9736016219676213,0.15315529367040487,0.9759273277819833,0.2647608485819317,0.5072465762851834,6605.0,66050.0,10.0,1637.0,1638.0
0.9828731535430157,0.15343649997611883,0.984976237927334,0.2655123251441205,0.5045921424888158,6523.0,65230.0,10.0,1638.0,1639.0
0.9663253167733328,0.15219069677668404,0.9660030627871363,0.2629538538496811,0.5076987331198664,6530.0,65300.0,10.0,1639.0,1640.0
0.9713538649520261,0.15253517709849587,0.9748062015503876,0.26379274176631007,0.5053558844256518,7740.0,77400.0,10.0,1640.0,1641.0
0.9597739495149235,0.15071392028277755,0.9578776234111736,0.2604484809516155,0.5054685190659178,6766.0,67660.0,10.0,1641.0,1642.0
0.9621437893527829,0.15140294775311966,0.9666871354006755,0.26180230745244776,0.5044100817818963,6514.0,65140.0,10.0,1642.0,1643.0
0.9609134740448328,0.15021700280827163,0.9679223556506005,0.2600720457910672,0.4993046105071109,6079.0,60790.0,10.0,1643.0,1644.0
0.9755441207529844,0.15253756062936236,0.9768181818181818,0.26386984549268394,0.5045316804407713,6600.0,66000.0,10.0,1644.0,1645.0
0.9774424851147494,0.15293665288858982,0.9786252498846686,0.2645328899511587,0.5053052437336614,6503.0,65030.0,10.0,1645.0,1646.0
0.9745245714285715,0.15249260338575846,0.9792857142857143,0.26389236425230495,0.5033376623376623,7000.0,70000.0,10.0,1646.0,1647.0
0.9732363767785213,0.1524624479562027,0.9810538780343399,0.26391128630870614,0.5024893697184993,6756.0,67560.0,10.0,1647.0,1648.0
0.98325579398617,0.1536259326886229,0.9859664351851852,0.26583191933376243,0.5049058291245792,6912.0,69120.0,10.0,1648.0,1649.0
0.9855065875964989,0.15436708860759493,0.9879827167161761,0.2670145604495858,0.5068863083985957,7406.0,74060.0,10.0,1649.0,1650.0
0.9781109164348502,0.1533713802578736,0.9800108049702864,0.26523376101180685,0.506384755169196,7404.0,74040.0,10.0,1650.0,1651.0
0.9725850333176738,0.15269492595971648,0.9732721986132856,0.2639752494767812,0.5065980764929546,8942.0,89420.0,10.0,1651.0,1652.0
0.9672341882522866,0.15057772767673264,0.9694347522679693,0.26066724209104214,0.500069783670621,7165.0,71650.0,10.0,1652.0,1653.0
0.9675741410325734,0.1513833345026778,0.9720678780597687,0.26196932291877456,0.5020819396851834,6659.0,66590.0,10.0,1653.0,1654.0
0.9639549294180353,0.15125433220868048,0.9678366867381407,0.26162213664694906,0.5033578552450634,6809.0,68090.0,10.0,1654.0,1655.0
0.9686777490740368,0.15125551214385266,0.9674119538214233,0.2616083777909504,0.5035404461094948,6843.0,68430.0,10.0,1655.0,1656.0
0.9630094444444446,0.15067870364356692,0.9666666666666667,0.2607180985559364,0.5016287878787878,7200.0,72000.0,10.0,1656.0,1657.0
0.9837325824781318,0.15428994082840236,0.9889380530973452,0.2669339703122334,0.5062061831973337,6328.0,63280.0,10.0,1657.0,1658.0
0.9776275718982566,0.15361739998697604,0.9812811980033278,0.26564816726412793,0.5067942318358292,7212.0,72120.0,10.0,1658.0,1659.0
0.9700038470820743,0.1521011030232662,0.9752326413743737,0.2631589113596415,0.5035205310080042,6985.0,69850.0,10.0,1659.0,1660.0
0.9771518907680609,0.15361783677666635,0.9772524531668153,0.2655006664781678,0.5084475441299705,6726.0,67260.0,10.0,1660.0,1661.0
0.9875800709777542,0.15362444156218474,0.9891741416640891,0.26594594594594595,0.503585186851503,6466.0,64660.0,10.0,1661.0,1662.0
0.9795263449073164,0.15352186896188302,0.9829888935751441,0.26556773078603035,0.5057321421724628,7113.0,71130.0,10.0,1662.0,1663.0
0.9841237455839468,0.15449602300813373,0.9858064516129033,0.2671276781725297,0.508256761159987,6975.0,69750.0,10.0,1663.0,1664.0
0.9734436722861304,0.15244333873507862,0.975321261682243,0.26367422672272556,0.5047923746813934,6848.0,68480.0,10.0,1664.0,1665.0
0.9750174555925499,0.15333117784666883,0.9765019379844961,0.2650447932933344,0.507674859055673,8256.0,82560.0,10.0,1665.0,1666.0
0.9859348092035182,0.15388510776211312,0.9886777719937533,0.26631844632966417,0.5047797075386873,7684.0,76840.0,10.0,1666.0,1667.0
0.9831523252122581,0.15309251185742345,0.9852011715739171,0.26500528683681296,0.5031881945709601,6487.0,64870.0,10.0,1667.0,1668.0
0.9787518691684867,0.15198577610213787,0.9807851810893006,0.2631871800578678,0.5007665820494132,7234.0,72340.0,10.0,1668.0,1669.0
0.9786532308582179,0.15213030924199344,0.9816526809842128,0.2634351145038168,0.5009632665727105,7031.0,70310.0,10.0,1669.0,1670.0
0.9676998490647488,0.15259142921247476,0.9749139908256881,0.26388080549412174,0.5055254378648875,6976.0,69760.0,10.0,1670.0,1671.0
0.9659241983048217,0.15215008431703203,0.9678197908286403,0.2629603992859485,0.50678953655623,7458.0,74580.0,10.0,1671.0,1672.0
0.9594852574586961,0.15106694073022398,0.9631180761956228,0.2611690143424981,0.504617916533615,7402.0,74020.0,10.0,1672.0,1673.0
0.9656169739636757,0.15191119691119692,0.9680157460942306,0.26261075606133927,0.5057985439336159,8129.0,81290.0,10.0,1673.0,1674.0
0.9717172110444191,0.15283689327970634,0.976303317535545,0.26429873725437236,0.50588448717658,8018.0,80180.0,10.0,1674.0,1675.0
0.9617460429939836,0.1504957735573097,0.9636413717118855,0.26033411467053613,0.5021972931351805,7261.0,72610.0,10.0,1675.0,1676.0
0.9797427062709296,0.15374391690181163,0.9833900078472404,0.26591455651435847,0.5064085796494899,7646.0,76460.0,10.0,1676.0,1677.0
0.9756370659572928,0.15324805073518233,0.9810901001112347,0.2650887573964497,0.5054732531095156,7192.0,71920.0,10.0,1677.0,1678.0
0.9786093812279034,0.15452033698704593,0.9824334053275738,0.26703978395726113,0.509719222462203,6945.0,69450.0,10.0,1678.0,1679.0
0.9729778794531152,0.15290226717154773,0.9746410021387106,0.26433543254888964,0.5068188762047607,6546.0,65460.0,10.0,1679.0,1680.0
0.9728032144867113,0.151746410103612,0.9778273256534126,0.26272173594701637,0.5010754141188923,8073.0,80730.0,10.0,1680.0,1681.0
0.9796805661147843,0.15413461997802513,0.9841390879975599,0.2665262375317514,0.5075769129452217,6557.0,65570.0,10.0,1681.0,1682.0
0.9823406221399826,0.15463548769309873,0.9856084354516956,0.26732883727221785,0.508860333169253,7018.0,70180.0,10.0,1682.0,1683.0
0.9612085798802952,0.14976380861900615,0.962516960651289,0.2591975153577382,0.4998303934871099,5896.0,58960.0,10.0,1683.0,1684.0
0.9765447375624661,0.15393696402717452,0.9798667233801219,0.2660737660737661,0.5085779101091734,7053.0,70530.0,10.0,1684.0,1685.0
0.9744646694088704,0.15149458009416403,0.9739546670420949,0.2622043662825955,0.5017214237262104,7103.0,71030.0,10.0,1685.0,1686.0
0.9858033204192342,0.15436192340633795,0.9880952380952381,0.26701094203051917,0.5068210298473457,6384.0,63840.0,10.0,1686.0,1687.0
0.9597932110888306,0.15289656125935727,0.9761664564943253,0.2643829300363736,0.5061676028889144,7930.0,79300.0,10.0,1687.0,1688.0
0.9843064661910035,0.15403936612321323,0.9869787856620337,0.2664875861660313,0.5060583893063776,6835.0,68350.0,10.0,1688.0,1689.0
0.9769918509501987,0.15254801536491677,0.9847908745247148,0.2641743719372935,0.5012699319196261,6049.0,60490.0,10.0,1689.0,1690.0
0.9820036998858677,0.15368322482832428,0.9856999856999857,0.2659079949850516,0.5052325052325052,6993.0,69930.0,10.0,1690.0,1691.0
0.9751987265072222,0.15271429716943308,0.9772931366260423,0.26415159763518786,0.5050090384278967,7795.0,77950.0,10.0,1691.0,1692.0
0.981757979731937,0.15401618149970805,0.9837506659563132,0.2663349199480744,0.5072891945561099,7508.0,75080.0,10.0,1692.0,1693.0
0.9811241298346711,0.15244541301705714,0.9833738848337389,0.2639695210449927,0.5014623116812897,7398.0,73980.0,10.0,1693.0,1694.0
0.9680304698278015,0.15071635628036956,0.971632159182576,0.26095434111466176,0.4996822215160478,7438.0,74380.0,10.0,1694.0,1695.0
0.9842922567604155,0.15383994999697562,0.986042905143448,0.26615505363216185,0.5056862238304471,7738.0,77380.0,10.0,1695.0,1696.0
0.9711823853475827,0.1528515680097795,0.9730619574977551,0.2642015440877692,0.5072787135043945,6682.0,66820.0,10.0,1696.0,1697.0
0.9398886311735788,0.14817868849079552,0.9404684024597671,0.25601937597948426,0.503098497734112,7643.0,76430.0,10.0,1697.0,1698.0
0.9851970739343252,0.15528878716397693,0.9879643387815751,0.2683916281510485,0.5103471565581521,6730.0,67300.0,10.0,1698.0,1699.0
0.9787709975411134,0.15230819655598415,0.9824361684826801,0.263730027067144,0.5013232011117846,6149.0,61490.0,10.0,1699.0,1700.0
0.9759657682518413,0.15376421226548403,0.980726566833056,0.2658472872150495,0.5075757575757576,7212.0,72120.0,10.0,1700.0,1701.0
0.9673226571258916,0.1509176502694958,0.9715959004392386,0.26125469971063564,0.500479169439638,6830.0,68300.0,10.0,1701.0,1702.0
0.9594299879147401,0.15079097946819253,0.9628886659979939,0.26074809871178023,0.5036538185986531,6979.0,69790.0,10.0,1702.0,1703.0
0.9697826275881463,0.15211632424795432,0.9696060037523452,0.2629757785467128,0.5059184717721303,7995.0,79950.0,10.0,1703.0,1704.0
0.9688972009006176,0.15242763772175538,0.9695619896065331,0.2634392334846193,0.5071201997705338,8082.0,80820.0,10.0,1704.0,1705.0
0.9792949621878717,0.15349589987052223,0.981103448275862,0.26545997387572307,0.5064075235109717,7250.0,72500.0,10.0,1705.0,1706.0
0.9767588169137917,0.15301005409945406,0.978978978978979,0.2646556144248846,0.5054384528068738,6327.0,63270.0,10.0,1706.0,1707.0
0.9719407077774501,0.15162960706670728,0.9741682974559687,0.26241433842909856,0.5021526418786693,7665.0,76650.0,10.0,1707.0,1708.0
0.9833103601211648,0.15458338031345134,0.9853385079775765,0.2672410432341819,0.5087746808316019,6957.0,69570.0,10.0,1708.0,1709.0
0.9834452710418516,0.15359267532122875,0.9855257556406982,0.26576611051584265,0.5049602022782099,7047.0,70470.0,10.0,1709.0,1710.0
0.9707351666610194,0.15208000851154377,0.9754333287839497,0.2631346415816796,0.503356204325223,7327.0,73270.0,10.0,1710.0,1711.0
0.9709021889253581,0.15200415274893925,0.9755214368482039,0.2630242911817543,0.5030285473506795,6904.0,69040.0,10.0,1711.0,1712.0
0.985721863550897,0.15366424724888786,0.9876598946576374,0.2659507648667815,0.5043573431835283,6645.0,66450.0,10.0,1712.0,1713.0
0.9829414846179945,0.1526251835350109,0.9841658504733921,0.26426755501008153,0.5018253049594872,6126.0,61260.0,10.0,1713.0,1714.0
0.9705314514990332,0.15084503689597714,0.9705927400827079,0.2611096231896001,0.50061961319428,6529.0,65290.0,10.0,1714.0,1715.0
0.9538304477611941,0.15063469675599436,0.9564179104477611,0.2602761982128351,0.5057801899592944,6700.0,67000.0,10.0,1715.0,1716.0
0.9706473534284504,0.1521464781502,0.9738499452354874,0.26317639441309776,0.5042691426864483,7304.0,73040.0,10.0,1716.0,1717.0
0.9640482019771266,0.1513047373726061,0.968042419031241,0.26170505394882126,0.5034654368274317,6978.0,69780.0,10.0,1717.0,1718.0
0.9640831920227971,0.15028312570781427,0.9667314230208839,0.26012807109252484,0.5000662280895404,8236.0,82360.0,10.0,1718.0,1719.0
0.973026039618673,0.152025228324528,0.9763282482903735,0.2630851553917573,0.5027736597962794,7604.0,76040.0,10.0,1719.0,1720.0
0.9797230844275705,0.1544555611788064,0.9855918519438579,0.267059318468658,0.5081920935852124,8051.0,80510.0,10.0,1720.0,1721.0
0.9839688546677061,0.154783137413863,0.9870750937055707,0.2676034129334057,0.5088183110672447,7737.0,77370.0,10.0,1721.0,1722.0
0.9809270847340533,0.15392347230154196,0.986674476497291,0.2663030590467157,0.5057442191722467,6829.0,68290.0,10.0,1722.0,1723.0
0.9805535162361976,0.15380247237146727,0.9826960647502093,0.2659767336455658,0.5069139623981935,7166.0,71660.0,10.0,1723.0,1724.0
0.9798753323745201,0.15350695594567737,0.9825096064661455,0.2655279225081019,0.5058722912174615,7547.0,75470.0,10.0,1724.0,1725.0
0.9736280080433566,0.15321261247861975,0.9739983453492495,0.2647753377564298,0.5082571370244222,8461.0,84610.0,10.0,1725.0,1726.0
0.9693683184153544,0.15369924059842663,0.9728018419916534,0.26545718717480515,0.5105770614476903,6949.0,69490.0,10.0,1726.0,1727.0
0.9831902600625012,0.15471729193262776,0.9862186638666491,0.2674735249621785,0.5089190898352206,7619.0,76190.0,10.0,1727.0,1728.0
0.980208100717894,0.15355646448523544,0.9827613727055068,0.26561118181229915,0.5059566132191831,6265.0,62650.0,10.0,1728.0,1729.0
0.9834955451082859,0.1543881280549562,0.9869106263194933,0.26700683510081297,0.507401957648263,7105.0,71050.0,10.0,1729.0,1730.0
0.9709693048857673,0.152351164797239,0.9732671902990216,0.26346121565921254,0.5052926954539191,7257.0,72570.0,10.0,1730.0,1731.0
0.9745312284366939,0.15398720349563047,0.9823295171727228,0.26623946037099494,0.5077605321507761,8036.0,80360.0,10.0,1731.0,1732.0
0.9778436110435637,0.1533373812724986,0.9826292384658143,0.2652785593697243,0.5051796452574663,7196.0,71960.0,10.0,1732.0,1733.0
0.9777949517301234,0.15414389799635703,0.9810172438776988,0.2664252966293461,0.5088854052772326,6901.0,69010.0,10.0,1733.0,1734.0
0.979536786911584,0.15376658817315522,0.9824240719910011,0.2659131129759662,0.5068897637795275,7112.0,71120.0,10.0,1734.0,1735.0
0.9776186612546784,0.15414437634012693,0.9808434399117971,0.26641960057648756,0.5089581036383682,7256.0,72560.0,10.0,1735.0,1736.0
0.984043565976259,0.15426925709969075,0.9873092612177066,0.2668436096365864,0.506791742779052,6619.0,66190.0,10.0,1736.0,1737.0
0.9643174609199252,0.15214884125775216,0.9685552015514615,0.2629856696881935,0.5064791144580589,7219.0,72190.0,10.0,1737.0,1738.0
0.9513078194581067,0.15000100094088442,0.9517337736568017,0.25915678068688824,0.5053289147027239,7873.0,78730.0,10.0,1738.0,1739.0
0.9785603319644515,0.15409233032922567,0.98126024830171,0.26635722006740004,0.5085926020571137,8538.0,85380.0,10.0,1739.0,1740.0
0.9735539504304258,0.15395477109762823,0.9801938474504847,0.2661124246815651,0.5085111545288536,7119.0,71190.0,10.0,1740.0,1741.0
0.9769883428869923,0.15269540800271114,0.9804165371464098,0.2642370928893078,0.5036454065052138,6434.0,64340.0,10.0,1741.0,1742.0
0.9526537834122399,0.14996777992578272,0.953652677688286,0.25917818740399384,0.5043868100247922,7077.0,70770.0,10.0,1742.0,1743.0
0.9231061290712509,0.14472394642273767,0.9222761970853574,0.25018825301204817,0.4974449561541859,7205.0,72050.0,10.0,1743.0,1744.0
0.9764491852066686,0.15305676059932194,0.9799276461664138,0.2647601330579685,0.5052249652553071,8569.0,85690.0,10.0,1744.0,1745.0
0.9626120116195879,0.15047942202481937,0.9602238170538864,0.26018457481872115,0.5035773130895379,8221.0,82210.0,10.0,1745.0,1746.0
0.9521961081859089,0.1497552508922129,0.9578395908694025,0.2590144028063548,0.5017859775250321,8017.0,80170.0,10.0,1746.0,1747.0
0.949194574292574,0.14934597923315504,0.949964260185847,0.25811338344112333,0.5035544869712132,6995.0,69950.0,10.0,1747.0,1748.0
0.9752614759399598,0.1527974766612333,0.9777837984286102,0.26429395287526775,0.5051230265264403,7382.0,73820.0,10.0,1748.0,1749.0
0.9663022030116479,0.1516986576887762,0.9730753050063105,0.26247801335275095,0.502874772121722,7131.0,71310.0,10.0,1749.0,1750.0
0.9773371617370112,0.15338065867566625,0.9815311289842121,0.26530324684474327,0.5057952175914643,6714.0,67140.0,10.0,1750.0,1751.0
0.9745950170800348,0.1530609980695409,0.9777462792345853,0.2646866965964468,0.5061400682945687,7055.0,70550.0,10.0,1751.0,1752.0
0.9860389455953726,0.15457824695836475,0.988788945378699,0.2673598872047938,0.5073535511548808,7671.0,76710.0,10.0,1752.0,1753.0
0.9713530849615375,0.15200661597482254,0.9748084855627578,0.2630020469405195,0.5033347618792522,6788.0,67880.0,10.0,1753.0,1754.0
0.9783729097781371,0.15220745186719362,0.976939772110689,0.26338020442867854,0.5032185665663691,7372.0,73720.0,10.0,1754.0,1755.0
0.9466290731385067,0.1495754686868257,0.9503785830178475,0.2584713820809355,0.5042652047789961,7396.0,73960.0,10.0,1755.0,1756.0
0.9658386084464823,0.15184615060202855,0.9685272360457297,0.26253235626526666,0.5053371645167206,7435.0,74350.0,10.0,1756.0,1757.0
0.9714315610868285,0.15256649422082044,0.9757687576875769,0.26387479834350624,0.5050765962205077,8130.0,81300.0,10.0,1757.0,1758.0
0.9671731202399879,0.15383828882254305,0.9730953304876472,0.2656754895555595,0.5109770581249045,7731.0,77310.0,10.0,1758.0,1759.0
0.951001212881202,0.15141851314972044,0.9566923982729295,0.2614556701768187,0.508653194247856,7643.0,76430.0,10.0,1759.0,1760.0
0.9681322170063255,0.15295714316008227,0.9709247543410957,0.2642802183710109,0.5085598208494965,7429.0,74290.0,10.0,1760.0,1761.0
0.9534933548981922,0.15066494008345152,0.9603039434036421,0.2604647857295146,0.5042578278527446,7633.0,76330.0,10.0,1761.0,1762.0
0.9685532513626293,0.15203811064671252,0.9705924544541673,0.26289511005770017,0.5052098955412684,6971.0,69710.0,10.0,1762.0,1763.0
0.9751816523520652,0.1539810912404602,0.9785724627189808,0.2660918861462147,0.5092725430064362,6907.0,69070.0,10.0,1763.0,1764.0
0.969465516572348,0.15238543949853534,0.9702621625146732,0.26340202535231216,0.5066696704886349,7667.0,76670.0,10.0,1764.0,1765.0
0.9736695041257918,0.153342692741186,0.9779319041614124,0.2651146095072048,0.5071305743436891,7930.0,79300.0,10.0,1765.0,1766.0
0.9732872958479759,0.15203921835636958,0.9727021925366632,0.26297401271885057,0.5043362329553704,6887.0,68870.0,10.0,1766.0,1767.0
0.9742830145135003,0.15273047165768164,0.9766334919948074,0.26415167947567586,0.5053433512974838,6933.0,69330.0,10.0,1767.0,1768.0
0.9729263735909336,0.15192118698914164,0.9749269343177973,0.26287847366238076,0.5029575869446659,6501.0,65010.0,10.0,1768.0,1769.0
0.9795711998051214,0.15329255127743793,0.9804966686856451,0.26513364779874216,0.5058862397445074,8255.0,82550.0,10.0,1769.0,1770.0
0.9856181201657019,0.15551078762672213,0.9897973252447263,0.2687908343785686,0.5104345537269844,7253.0,72530.0,10.0,1770.0,1771.0
0.975296463980281,0.1528291362819427,0.9783126157101296,0.26436062820489914,0.5050251256281407,7562.0,75620.0,10.0,1771.0,1772.0
0.9789326897307966,0.1539232890448734,0.9828288707799767,0.26616224310851017,0.5073155889512118,6872.0,68720.0,10.0,1772.0,1773.0
0.9559902014943233,0.15085311572700297,0.9553676297862345,0.26056315469135405,0.5070578939500715,8514.0,85140.0,10.0,1773.0,1774.0
0.9709200409698859,0.15305634195940826,0.9762207527975585,0.26462376340008964,0.5067511328955886,7864.0,78640.0,10.0,1774.0,1775.0
0.9615616772956658,0.15119923684927775,0.965062336909249,0.26143816518085067,0.5043095495400511,6898.0,68980.0,10.0,1775.0,1776.0
0.9740406114211633,0.15341875961045617,0.9766379535369355,0.26518064390382196,0.5079495028594481,7662.0,76620.0,10.0,1776.0,1777.0
0.9817388026514184,0.15365830300708677,0.9837522992029429,0.2657997183798559,0.505936123961875,6524.0,65240.0,10.0,1777.0,1778.0
0.9813218090213232,0.1537134690256764,0.9832912988650694,0.26586540510591145,0.5063338301043219,6344.0,63440.0,10.0,1778.0,1779.0
0.9720008366995507,0.15360828964613368,0.9770743780122444,0.26547983507051975,0.5084846116499105,7677.0,76770.0,10.0,1779.0,1780.0
0.980146627395534,0.15374403650694876,0.9836761778367618,0.265925195084761,0.5062918501538276,7535.0,75350.0,10.0,1780.0,1781.0
0.9587844519038091,0.15115165063270927,0.9618950844658961,0.261250539025442,0.5054559310878376,7873.0,78730.0,10.0,1781.0,1782.0
0.9786053356997054,0.15380382726364913,0.9796209761163032,0.26586581649727864,0.508177570093458,7704.0,77040.0,10.0,1782.0,1783.0
0.9722334841795693,0.1521761647297661,0.9740121983558738,0.2632267311654573,0.5043152286589041,7542.0,75420.0,10.0,1783.0,1784.0
0.9740242932113503,0.15314192589752193,0.9805125057541814,0.2649088987003296,0.5053077963926514,6517.0,65170.0,10.0,1784.0,1785.0
0.9788637231785778,0.15309969581423247,0.9799808035102153,0.26482630847614635,0.5053662914625482,7293.0,72930.0,10.0,1785.0,1786.0
0.9652268173353239,0.1509640426323507,0.969501054111033,0.2612482957127708,0.5015396409633937,7115.0,71150.0,10.0,1786.0,1787.0
0.9657005430707575,0.150960068781047,0.9669573198715007,0.2611497861967816,0.5025936278804567,6537.0,65370.0,10.0,1787.0,1788.0
0.9653861145029679,0.15157563025210083,0.96470116325712,0.26198732729352386,0.5059013723273651,7479.0,74790.0,10.0,1788.0,1789.0
0.9664661726315503,0.15089532002431155,0.9651614832535885,0.2609873448429224,0.503099173553719,6688.0,66880.0,10.0,1789.0,1790.0
0.9799469855498584,0.15320381094713245,0.9821556886227545,0.26506140917905624,0.5048666303756124,8350.0,83500.0,10.0,1790.0,1791.0
0.9834801131675037,0.15392326440757922,0.9834233329147306,0.26618399360968065,0.5070724829609672,7963.0,79630.0,10.0,1791.0,1792.0
0.982468066477376,0.15314956351649944,0.9848590729093873,0.2650783699059561,0.5035470004023463,8586.0,85860.0,10.0,1792.0,1793.0
0.9838548935615994,0.15364100185528756,0.9874374534227617,0.2659078854947607,0.5043601134306979,9393.0,93930.0,10.0,1793.0,1794.0
0.9834869424413095,0.15418990071693642,0.9866965062787517,0.2667025137787337,0.5067421699275485,8043.0,80430.0,10.0,1794.0,1795.0
0.9845271949419176,0.15362740010378828,0.98640543782487,0.2658500664535364,0.5047314407570305,7503.0,75030.0,10.0,1795.0,1796.0
0.9713658778738992,0.15283736565084702,0.9742035522977164,0.26422235815873985,0.5067534664377067,7094.0,70940.0,10.0,1796.0,1797.0
0.9803462506926164,0.15276044384941795,0.9811980760822038,0.26436285097192225,0.5035709080308993,6861.0,68610.0,10.0,1797.0,1798.0
0.9581020154175222,0.1498923573735199,0.9585544242076581,0.25924561233394744,0.5020142628058877,6973.0,69730.0,10.0,1798.0,1799.0
0.9612024786011868,0.03463708814179596,0.9634831460674157,0.06687020162438052,0.4727539105529852,8900.0,445000.0,50.0,70.0,71.0
0.9822705049349367,0.03553679490797353,0.9852222101488645,0.06859922753048077,0.47542041917277617,9203.0,460150.0,50.0,71.0,72.0
0.9776316079524643,0.03516650404778138,0.9799772468714448,0.06789653935737115,0.4724151776751656,8790.0,439500.0,50.0,72.0,73.0
0.9825728241215568,0.03539039309903734,0.9844890510948905,0.06832465291519574,0.47354909116931443,8768.0,438400.0,50.0,73.0,74.0
0.9820926004976773,0.03555685941022032,0.9835644581407293,0.06863258094343815,0.4765763316112269,9735.0,486750.0,50.0,74.0,75.0
0.9780114268469825,0.035232336757537085,0.9799813780260708,0.06801924249829346,0.4734340197904115,8592.0,429600.0,50.0,75.0,76.0
0.9819389159545697,0.035384090197900564,0.9841751285770803,0.06831215073891175,0.4736135783602641,7583.0,379150.0,50.0,76.0,77.0
0.9851527834942146,0.03535006885801963,0.986286137879911,0.06825381218445543,0.4720005620236728,8094.0,404700.0,50.0,77.0,78.0
0.9729859719208401,0.03490054640088115,0.974903474903475,0.06738864818204943,0.4709028881823,8288.0,414400.0,50.0,78.0,79.0
0.9780939125015444,0.03551579989651617,0.9826964671953857,0.06855397880366446,0.47639445107531114,9709.0,485450.0,50.0,79.0,80.0
0.9509244391659708,0.03448597675777446,0.9551584625758598,0.06656849921283278,0.4747707129603921,8898.0,444900.0,50.0,80.0,81.0
0.9640764399847902,0.03491723125822174,0.9701066863842822,0.06740822565314564,0.4736701483170642,9467.0,473350.0,50.0,81.0,82.0
0.9796602574747794,0.03519031051805065,0.9819634426824839,0.06794567361451384,0.4717560187130172,8261.0,413050.0,50.0,82.0,83.0
0.9846689730486651,0.035522902924253794,0.988399071925754,0.06858101524304996,0.47357885638074987,8189.0,409450.0,50.0,83.0,84.0
0.977603960514172,0.0351033879325587,0.9818665990362668,0.06778340475262953,0.47045148264733233,7886.0,394300.0,50.0,84.0,85.0
0.9813038457639349,0.03525106425352884,0.9837432263443101,0.06806317955028311,0.4717788185164298,7197.0,359850.0,50.0,85.0,86.0
0.981103961828748,0.03538129401449945,0.9823321554770318,0.06830249286809502,0.47451955523735473,7641.0,382050.0,50.0,86.0,87.0
0.979681052073768,0.035040281694403944,0.9813506640293869,0.06766452191108925,0.4697322274487642,7078.0,353900.0,50.0,87.0,88.0
0.9855616243944367,0.035169413341361325,0.987861429350791,0.06792074194244133,0.4683739289496486,7332.0,366600.0,50.0,88.0,89.0
0.9830280164769019,0.035339935140143615,0.986661277283751,0.06823582031140804,0.47165026075102634,7422.0,371100.0,50.0,89.0,90.0
0.9751430319879133,0.0348859649122807,0.9769098501596659,0.06736624573349934,0.4696249416003198,8142.0,407100.0,50.0,90.0,91.0
0.9694948966062702,0.03521899133461441,0.9766243559130325,0.067986264517399,0.4749646999682115,7957.0,397850.0,50.0,91.0,92.0
0.9684325569715342,0.034757309888185615,0.9694734164334775,0.06710865756271076,0.47149605199495215,7862.0,393100.0,50.0,92.0,93.0
0.9409984865087766,0.03386503365456613,0.9452101220063263,0.06538736563236311,0.4701828765848861,8852.0,442600.0,50.0,93.0,94.0
0.967758921521547,0.03474002952233574,0.9696290764251929,0.06707681974934451,0.4711422532667536,8034.0,401700.0,50.0,94.0,95.0
0.9694197737151615,0.03452639955302344,0.9678452776459421,0.06667429561635102,0.4686991075499967,8428.0,421400.0,50.0,95.0,96.0
0.965265376318571,0.0349065901197695,0.969983257593877,0.06738809845259112,0.47356857117398504,8362.0,418100.0,50.0,96.0,97.0
0.9706578953913547,0.03486874004294521,0.9739455694569844,0.06732706813845249,0.47090436845446293,7753.0,387650.0,50.0,97.0,98.0
0.9707178938670522,0.035083471494935896,0.977922672157401,0.06773684919458993,0.4721896994899538,8742.0,437100.0,50.0,98.0,99.0
0.9801759175860555,0.0353436378691692,0.9829836233367452,0.06823389403008935,0.47360366869368015,7816.0,390800.0,50.0,99.0,100.0
0.9668786635574691,0.035069395795918196,0.9748613242063023,0.06770325319869183,0.4735619256554268,8473.0,423650.0,50.0,100.0,101.0
0.9809643053544315,0.03547048412829879,0.9851089588377724,0.06847539783389857,0.4744623273038029,8260.0,413000.0,50.0,101.0,102.0
0.9714487920806629,0.034882221853877744,0.9741545583129742,0.06735269930878136,0.4710067645420004,7777.0,388850.0,50.0,102.0,103.0
0.9850388548241816,0.03538703731112337,0.9876079609463012,0.0683258858983685,0.4718914978683926,7989.0,399450.0,50.0,103.0,104.0
0.971215124474788,0.03480223579685023,0.9722905606629548,0.06719914088193839,0.47072533532382266,7723.0,386150.0,50.0,104.0,105.0
0.9855287342876597,0.03557076560109927,0.9889001009081736,0.068671418275006,0.47405642378041024,6937.0,346850.0,50.0,105.0,106.0
0.9837874280504331,0.035427739352020385,0.9855522549284365,0.06839681208446757,0.473577332634377,7406.0,370300.0,50.0,106.0,107.0
0.9786840295039698,0.03525864281262602,0.9806270711190416,0.06806982155337916,0.4735071698829927,7846.0,392300.0,50.0,107.0,108.0
0.9764712783959995,0.03514450026234993,0.9787326388888888,0.06785253983139672,0.4727186592229484,6912.0,345600.0,50.0,108.0,109.0
0.9777700818576925,0.03521036193275767,0.9815620998719591,0.06798208664035826,0.472275363410409,7810.0,390500.0,50.0,109.0,110.0
0.9829337740185399,0.03546815143093217,0.9875816993464053,0.0684770096710747,0.47315647827758556,7650.0,382500.0,50.0,110.0,111.0
0.9755181923995538,0.03522518042657277,0.9832437163936476,0.0680137359548132,0.47163519653203284,7997.0,399850.0,50.0,111.0,112.0
0.8197659822574996,0.029304973603375282,0.8087984768012827,0.056560602397395875,0.470945849028057,9979.0,498950.0,50.0,112.0,113.0
0.9320297270420893,0.03381028832467146,0.9354321694333142,0.06526175386470826,0.47458388048980327,8735.0,436750.0,50.0,113.0,114.0
0.9633057176775638,0.03539394734791471,0.9819092046876777,0.06832504671121385,0.4749319001693293,8789.0,439450.0,50.0,114.0,115.0
0.9325396172258251,0.033757830308904564,0.9373286817842014,0.06516861719176362,0.4727136805382507,8026.0,401300.0,50.0,115.0,116.0
0.9562251747821027,0.03439943476212906,0.955514850189716,0.06640811482975134,0.47321527066930397,7643.0,382150.0,50.0,116.0,117.0
0.9576726953636282,0.03437998935604045,0.962947189097104,0.0663896759796221,0.4689598156127869,9392.0,469600.0,50.0,117.0,118.0
0.9717090191346183,0.03507223410500733,0.9761197440585009,0.0677115738997761,0.4729518406997168,8752.0,437600.0,50.0,118.0,119.0
0.9673605088698365,0.034818807751245316,0.9699895312318251,0.06722451973848621,0.47219162179237173,8597.0,429850.0,50.0,119.0,120.0
0.9815161628195973,0.03533919295832296,0.9851782143277261,0.06823088516843863,0.47240347733023336,8501.0,425050.0,50.0,120.0,121.0
0.9847721137006749,0.03546022004079996,0.9880966840762784,0.06846346441120159,0.47276979539538394,8233.0,411650.0,50.0,121.0,122.0
0.9730730145342112,0.03489625437887362,0.977589054022175,0.06738704458049775,0.4694318397328264,8478.0,423900.0,50.0,122.0,123.0
0.9710853913337754,0.03475545301829442,0.9726279612127163,0.06711272973659693,0.4698108530266163,8147.0,407350.0,50.0,123.0,124.0
0.9828037413408628,0.0352863335810924,0.9860727578340737,0.0681344936577596,0.4711226308268535,8329.0,416450.0,50.0,124.0,125.0
0.9796899527471469,0.03514667620012314,0.981475318912923,0.06786316919772971,0.47132991854534384,9015.0,450750.0,50.0,125.0,126.0
0.9838445096223152,0.035150004298117425,0.9870850935425468,0.06788271182220008,0.4684724342362171,8285.0,414250.0,50.0,126.0,127.0
0.9789576320707968,0.03513164431197218,0.9815405968077724,0.06783530370974317,0.4710617626648161,7205.0,360250.0,50.0,127.0,128.0
0.9752306632227983,0.03502783573550763,0.9770685262169774,0.06763110139559925,0.4717662309660353,7457.0,372850.0,50.0,128.0,129.0
0.9625826521189829,0.03444914040474599,0.9660372040586246,0.0665259480311522,0.46842463028052256,7096.0,354800.0,50.0,129.0,130.0
0.9624755112346285,0.03444992024379211,0.9629974710501797,0.0665201721157736,0.4700479952396239,7513.0,375650.0,50.0,130.0,131.0
0.9857039891517164,0.03540232033984566,0.9875416485585977,0.06835421460836956,0.4721618619923705,6903.0,345150.0,50.0,131.0,132.0
0.9822441277283557,0.03532654581574373,0.9844982698961938,0.0682056814095649,0.47255851821697537,7225.0,361250.0,50.0,132.0,133.0
0.9823068196418165,0.03539566398283378,0.9846732992739984,0.06833491947974397,0.47353547495900755,7438.0,371900.0,50.0,133.0,134.0
0.970475279216362,0.034852354707173905,0.976277143215765,0.06730207625780381,0.4694265807239175,7967.0,398350.0,50.0,134.0,135.0
0.9644744125718652,0.03455586983908155,0.9648261215821609,0.06672204654663613,0.4707626082022934,7534.0,376700.0,50.0,135.0,136.0
0.9454931556148746,0.033801584335317554,0.9487015479084048,0.06527738045463548,0.4672671678368162,7817.0,390850.0,50.0,136.0,137.0
0.9644523603597849,0.03474874312554582,0.9655036726128017,0.06708314537111716,0.4734455692035471,7624.0,381200.0,50.0,137.0,138.0
0.9745840396803521,0.03498445837812596,0.9834541227950225,0.06756540936633942,0.467759536468765,7313.0,365650.0,50.0,138.0,139.0
0.973129149685233,0.034726739261664884,0.972990690966304,0.067060056749381,0.4691665574057078,7627.0,381350.0,50.0,139.0,140.0
0.9741555958739945,0.03474376473507879,0.9766568285484304,0.06710048481943702,0.4675105352041541,7454.0,372700.0,50.0,140.0,141.0
0.9818661785616918,0.035176571243128424,0.9830974302597224,0.06792277273784601,0.47095468667060064,7277.0,363850.0,50.0,141.0,142.0
0.9724692764733444,0.03504574757565243,0.9790816326530613,0.06766930549923303,0.4709983993597439,7840.0,392000.0,50.0,142.0,143.0
0.9722977465300295,0.03490789255103736,0.9759005899334756,0.06740472309879668,0.4704971733892503,7967.0,398350.0,50.0,143.0,144.0
0.9633877302660373,0.03454886337004921,0.9683394640042039,0.06671735411518723,0.4687954004512998,7612.0,380600.0,50.0,144.0,145.0
0.9755867125403828,0.03494216407934839,0.9779274223718668,0.06747344555963294,0.46997694201761014,8019.0,400950.0,50.0,145.0,146.0
0.9736693301777528,0.034869555107343436,0.9755338707396408,0.0673323767411442,0.47008632331450473,7071.0,353550.0,50.0,146.0,147.0
0.976425332145174,0.035040934182203755,0.9797684183738389,0.06766197133592851,0.470565780708517,7859.0,392950.0,50.0,147.0,148.0
0.9710610501249155,0.03473555954814861,0.9749311693957398,0.06708110452508313,0.4682867785572423,6901.0,345050.0,50.0,148.0,149.0
0.9806997655449232,0.03539300508138113,0.9842275371687136,0.06832889056427655,0.4737239692256993,7735.0,386750.0,50.0,149.0,150.0
0.9733804502267003,0.03521716587564312,0.9785017730496454,0.06798740346635664,0.4739648518982061,9024.0,451200.0,50.0,150.0,151.0
0.9718706989011314,0.0351055929870318,0.9785434810046699,0.06777956996297607,0.47221170432075393,7923.0,396150.0,50.0,151.0,152.0
0.9860013474627911,0.03533753933595319,0.9891845737868222,0.0682373729936681,0.4703119898877439,7027.0,351350.0,50.0,152.0,153.0
0.9522217555132648,0.03416602948150872,0.9548282391127941,0.06597144352246392,0.469861626013673,7394.0,369700.0,50.0,153.0,154.0
0.9756268742991145,0.03520119494862626,0.9779929577464789,0.06795641422217562,0.47398114175247563,7952.0,397600.0,50.0,154.0,155.0
0.9785004979874569,0.03528045813249947,0.982101467937162,0.06811402647043063,0.47308276903344393,7766.0,388300.0,50.0,155.0,156.0
0.9753364444088608,0.03514999214700801,0.9812920198772289,0.06786891211612721,0.471476635085487,6842.0,342100.0,50.0,156.0,157.0
0.9810467655819758,0.03513742260234309,0.9839091929649495,0.06785172059335848,0.46992298229008456,8017.0,400850.0,50.0,157.0,158.0
0.982157531149685,0.03524920501271162,0.9835766423357665,0.0680593151452495,0.47183608844997854,8768.0,438400.0,50.0,158.0,159.0
0.9829533946813365,0.0352863086805834,0.9853215574076377,0.06813265266625666,0.4715102112495701,8039.0,401950.0,50.0,159.0,160.0
0.9693123448982396,0.03474878775860084,0.9746411483253589,0.06710508435491243,0.4686485599024299,8360.0,418000.0,50.0,160.0,161.0
0.9773355084970344,0.034906714432660586,0.978498632861049,0.06740870756453615,0.4691211806621729,8046.0,402300.0,50.0,161.0,162.0
0.9858303983458472,0.035634171023781414,0.9895784543325526,0.06879120879120879,0.47467970794875325,8540.0,427000.0,50.0,162.0,163.0
0.9738165485825068,0.03496580027359781,0.9761457109283196,0.06751325761423899,0.47127715951245364,8510.0,425500.0,50.0,163.0,164.0
0.9722290213846635,0.035026692225697355,0.9775954946131243,0.06763023160284072,0.47147404505386875,8168.0,408400.0,50.0,164.0,165.0
0.9735459874941753,0.03507106883044208,0.9757130402291693,0.06770842336346822,0.473145142974365,8029.0,401450.0,50.0,165.0,166.0
0.9674425161321778,0.0347162844514776,0.97143197238424,0.06703685753949022,0.46982035285248486,8401.0,420050.0,50.0,166.0,167.0
0.9706938353244637,0.03492839018489555,0.9745550428477258,0.06743971754144276,0.47152144971370225,7585.0,379250.0,50.0,167.0,168.0
0.9728929289200798,0.03493144947365482,0.9767078724788549,0.06745056455924839,0.4704453544592853,7685.0,384250.0,50.0,168.0,169.0
0.980954052781016,0.03526224182453495,0.9862660944206009,0.06809004173615638,0.4706483451749799,8155.0,407750.0,50.0,169.0,170.0
0.9614574336938115,0.034499649116196705,0.9640694919715714,0.06661543568313788,0.47027081430097706,7598.0,379900.0,50.0,170.0,171.0
0.9754888729244728,0.034949755371621115,0.9789488359124494,0.06749002835311645,0.46956314939191907,7173.0,358650.0,50.0,171.0,172.0
0.9611758075392058,0.03466775124435923,0.9669142471303174,0.066935593188649,0.4714302736624697,7405.0,370250.0,50.0,172.0,173.0
0.9730042336157337,0.03488973121984838,0.9739708586787381,0.06736625816393924,0.4712206568863222,7069.0,353450.0,50.0,173.0,174.0
0.9664311974700853,0.03467476230819919,0.9690870823467509,0.0669538584580709,0.4703973670499507,7602.0,380100.0,50.0,174.0,175.0
0.9675350849689119,0.034858330827264285,0.9672269923811827,0.06729151241838864,0.4742565547200861,8269.0,413450.0,50.0,175.0,176.0
0.9758117067206731,0.035145744968865626,0.9777805674114989,0.06785256940754227,0.47323182348510584,7966.0,398300.0,50.0,176.0,177.0
0.977742637569954,0.035248163478390576,0.9810586403736378,0.06805133096956498,0.47312189016758754,7708.0,385400.0,50.0,177.0,178.0
0.9769536690174833,0.03490337936115152,0.9795891318754142,0.06740507339227819,0.4684988110552372,7545.0,377250.0,50.0,178.0,179.0
0.9783978974435619,0.03524673164204473,0.9831042743664102,0.06805357353268483,0.4720419500545143,7931.0,396550.0,50.0,179.0,180.0
0.9800357960047268,0.03515788633779498,0.982989403234802,0.0678876819967645,0.47071946458449526,7172.0,358600.0,50.0,180.0,181.0
0.9772376807601209,0.03512684423236111,0.9817637452367991,0.0678268881805959,0.4708710920405179,7348.0,367400.0,50.0,181.0,182.0
0.9744585117041347,0.035179880435556185,0.9792001980933515,0.06791960256426771,0.4730255603541404,8077.0,403850.0,50.0,182.0,183.0
0.9684737126099112,0.03503430606980539,0.970470288005833,0.06762724566744434,0.4753013612785009,8229.0,411450.0,50.0,183.0,184.0
0.9513823156481611,0.03439675733226027,0.9616781905543186,0.06641791648792807,0.46990116801437554,8533.0,426650.0,50.0,184.0,185.0
0.9704788279175142,0.03471425901323001,0.970758581720582,0.06703147709205123,0.4701422877386581,7079.0,353950.0,50.0,185.0,186.0
0.9692100247578351,0.034896425624902444,0.9710846363862,0.0673718106012665,0.47283420690192185,8058.0,402900.0,50.0,186.0,187.0
0.9667259679395344,0.034595885587307695,0.9698344573881055,0.0668085789344754,0.4687536817302028,8155.0,407750.0,50.0,187.0,188.0
0.975371548663464,0.03532172615450025,0.981696014828545,0.06818995658663964,0.4739296552726744,8632.0,431600.0,50.0,188.0,189.0
0.9617386779609178,0.03472641062994683,0.9644375724777735,0.06703895603731252,0.4736553557127013,7761.0,388050.0,50.0,189.0,190.0
0.9804106691155654,0.03499192763956158,0.9847608296881615,0.06758242024276992,0.46719621953480134,7087.0,354350.0,50.0,190.0,191.0
0.9762099520037342,0.035202324205838346,0.9788366186963358,0.06796055365936599,0.4735617792890527,8269.0,413450.0,50.0,191.0,192.0
0.9490053765437121,0.03419763953816308,0.9563814531548758,0.06603407731342052,0.46953848460990516,8368.0,418400.0,50.0,192.0,193.0
0.9735172484450999,0.034757382770890466,0.9779364876928963,0.06712890009454775,0.46705477242548593,7841.0,392050.0,50.0,193.0,194.0
0.9708713877852252,0.034843823380009006,0.9776791717090224,0.0672894947503829,0.4685581103491551,7437.0,371850.0,50.0,194.0,195.0
0.9786146353066241,0.03487279523658758,0.9835805847616305,0.06735743629450261,0.4659284425278105,6943.0,347150.0,50.0,195.0,196.0
0.9729780359216798,0.03484238507764137,0.9751584283903676,0.0672808279371964,0.46985511568378935,7890.0,394500.0,50.0,196.0,197.0
0.982221336446663,0.03533487908735861,0.9846456209310895,0.06822156690028468,0.4726114005361388,8141.0,407050.0,50.0,197.0,198.0
0.9860000330096373,0.03558600259211257,0.9918577981651376,0.06870692908069033,0.4727761288001439,8720.0,436000.0,50.0,198.0,199.0
0.9696162200129443,0.03484686518254342,0.9726384364820847,0.06728316613939737,0.4712448106278342,7675.0,383750.0,50.0,199.0,200.0
0.9793013126995403,0.035124587211047734,0.9850853981236468,0.06783058090805189,0.46911186894772344,8314.0,415700.0,50.0,200.0,201.0
0.9651553839032792,0.03480435933389637,0.9700416713593873,0.06719771560534898,0.4719375305026842,8879.0,443950.0,50.0,201.0,202.0
0.9749198609502373,0.03507570825545499,0.9772966647162084,0.06772087742772574,0.47239413026767174,8545.0,427250.0,50.0,202.0,203.0
0.9811819764245672,0.03518696445028334,0.982749178532311,0.06794131566493138,0.4712969525159461,7304.0,365200.0,50.0,203.0,204.0
0.9688465354483584,0.03485286145431302,0.9760933605257195,0.06730258429424081,0.4695307536112111,8826.0,441300.0,50.0,204.0,205.0
0.9788966075258371,0.03518103565461809,0.9810467106872096,0.0679261896396263,0.4720867559545217,8178.0,408900.0,50.0,205.0,206.0
0.9763622132768836,0.035064422889719796,0.9788182831661093,0.06770348879239299,0.47142708811506767,7176.0,358800.0,50.0,206.0,207.0
0.9856488304949833,0.035441341184196916,0.9879623824451411,0.0684279548040263,0.472547790275985,7975.0,398750.0,50.0,207.0,208.0
0.9747324310865468,0.03508423260376848,0.9788815478999529,0.0677405659607126,0.4717032636556274,8476.0,423800.0,50.0,208.0,209.0
0.9721010273780546,0.035124769727970455,0.9811031664964249,0.06782144354465015,0.47118157784053355,7832.0,391600.0,50.0,209.0,210.0
0.971365039896244,0.03494924446326146,0.9777213761985336,0.06748615531353713,0.47019563606604514,7092.0,354600.0,50.0,210.0,211.0
0.9688916848998683,0.0349261859876324,0.9702719797596457,0.06742531130362928,0.47372350584762685,7905.0,395250.0,50.0,211.0,212.0
0.9653311147439321,0.03474402518786837,0.966375169355832,0.06707645484778278,0.4729139346340827,8119.0,405950.0,50.0,212.0,213.0
0.9790026473020252,0.03542699378804041,0.9872930753089298,0.06839960748365524,0.4726706257228935,8578.0,428900.0,50.0,213.0,214.0
0.9722410253328416,0.03496654249448124,0.9726553130247062,0.06750626368229605,0.4731091765082142,8338.0,416900.0,50.0,214.0,215.0
0.9601669006358144,0.03457260162294138,0.9648176380907705,0.06675321514057365,0.4710320389443452,8527.0,426350.0,50.0,215.0,216.0
0.9838051602884452,0.03554942925678294,0.9880027266530333,0.06862949354142202,0.4741890212117567,7335.0,366750.0,50.0,216.0,217.0
0.9795428322454736,0.035310839150168076,0.9851599562097069,0.06817799178395852,0.4719739738736998,8221.0,411050.0,50.0,217.0,218.0
0.9805977509784161,0.035193647174751,0.9840626688276607,0.06795690901459683,0.4707206491456658,7404.0,370200.0,50.0,218.0,219.0
0.9704099350303583,0.03471991748913726,0.9725400457665904,0.06704626685400182,0.4692954412886436,6992.0,349600.0,50.0,219.0,220.0
0.9678057877777695,0.034716536047101024,0.9704359673024523,0.06703495266238778,0.4703478121493829,7340.0,367000.0,50.0,220.0,221.0
0.9769077483061519,0.03496858168761221,0.9790148278461925,0.06752528623059656,0.46982442134933894,7958.0,397900.0,50.0,221.0,222.0
0.9675347685446769,0.03464118059250908,0.9713399320431378,0.06689660785869808,0.46867930212415887,6769.0,338450.0,50.0,222.0,223.0
0.9708393423514539,0.034881359061951805,0.9743391360412637,0.06735153203342618,0.47089670168518727,7755.0,387750.0,50.0,223.0,224.0
0.9747332300742205,0.03483905219346793,0.9766919404661611,0.0672782578838686,0.46899967512981044,7122.0,356100.0,50.0,224.0,225.0
0.9760876357105153,0.035100258090133014,0.9796370688461006,0.06777224615355129,0.4715606148263433,7219.0,360950.0,50.0,225.0,226.0
0.9700796461081168,0.03475973281273254,0.9691237490846961,0.0671123356208377,0.4717177083183774,8194.0,409700.0,50.0,226.0,227.0
0.973354537778651,0.03492968544117295,0.9747292418772563,0.06744254893979203,0.4714507811414444,7479.0,373950.0,50.0,227.0,228.0
0.9883019906163398,0.035272797564393756,0.9900976668475312,0.06811882296945432,0.46883278542019086,7372.0,368600.0,50.0,228.0,229.0
0.9676170563416562,0.034716965999829576,0.9753555837206027,0.06704743465634075,0.4677689692973373,7101.0,355050.0,50.0,229.0,230.0
0.9729185537395135,0.03500773997685522,0.9752965806001396,0.06758939539022527,0.47237524458492397,7165.0,358250.0,50.0,230.0,231.0
0.9749768476192726,0.03500428553936574,0.9774343544857768,0.06758807869987281,0.47120768438666494,7312.0,365600.0,50.0,231.0,232.0
0.9658005621408505,0.03474723135282845,0.9682520374650286,0.0670869433300745,0.471978744058139,8221.0,411050.0,50.0,232.0,233.0
0.8973897868094906,0.03229960893042042,0.8989045010716837,0.0623585388821887,0.4699531634516155,8398.0,419900.0,50.0,233.0,234.0
0.9815228634022353,0.03537380832915203,0.9843568196509372,0.0682934267352531,0.4733614712853467,7735.0,386750.0,50.0,234.0,235.0
0.9772766197735478,0.035039686885472265,0.9804156674660272,0.06766118836915297,0.4702094533523508,7506.0,375300.0,50.0,235.0,236.0
0.9624171964384903,0.034563210832663595,0.9686049686049686,0.06674473618616289,0.4688833218244983,7326.0,366300.0,50.0,236.0,237.0
0.9764228010659664,0.03493592475776433,0.9798113959357152,0.06746628743363803,0.4688954343857346,7529.0,376450.0,50.0,237.0,238.0
0.9729868822660384,0.03509050842816956,0.9790537210448497,0.06775267629892692,0.4717116516394631,8116.0,405800.0,50.0,238.0,239.0
0.9821107074815691,0.0352830260150762,0.9842667605964541,0.06812400958920808,0.47200408870839633,8517.0,425850.0,50.0,239.0,240.0
0.9726557970917168,0.035061447203827166,0.9772556860784803,0.0676941988149187,0.4721932262032531,8002.0,400100.0,50.0,240.0,241.0
0.9757253686106919,0.03504028648164727,0.9761815687741614,0.06765218067660823,0.4724221151236402,8019.0,400950.0,50.0,241.0,242.0
0.9760638089868294,0.03482888841058955,0.9793672627235214,0.06726563311887689,0.46743803436092457,7270.0,363500.0,50.0,242.0,243.0
0.9768575520559521,0.03502388582279983,0.9794627113369982,0.06762945960172888,0.4704580722445601,9641.0,482050.0,50.0,243.0,244.0
0.9589334729230499,0.034466008080525,0.9628131524008351,0.06654972289737959,0.47040146956486145,7664.0,383200.0,50.0,244.0,245.0
0.969217090081573,0.03474873249554474,0.9715462855671431,0.06709762321830291,0.4702726719630816,7767.0,388350.0,50.0,245.0,246.0
0.9766956829752527,0.034993717252661274,0.980600584639915,0.06757591989781202,0.46939238092260555,7526.0,376300.0,50.0,246.0,247.0
0.9834314678795486,0.03538743408704978,0.9860540405927033,0.06832290098399127,0.47269770814564155,8031.0,401550.0,50.0,247.0,248.0
0.9801686467532422,0.03497060830893199,0.9807359841936281,0.06753315221319456,0.46895868745127095,8098.0,404900.0,50.0,248.0,249.0
0.9851646559575664,0.035384122039488757,0.9883557261676263,0.06832223966741116,0.47146136765646757,7815.0,390750.0,50.0,249.0,250.0
0.9665513306369566,0.034593789715282916,0.9671218348137346,0.0667982181037364,0.4701515234225733,7543.0,377150.0,50.0,250.0,251.0
0.9754162904174933,0.034872695181944496,0.9787878787878788,0.06734595824532458,0.4684336975897078,7590.0,379500.0,50.0,251.0,252.0
0.9668408368585446,0.034568819301900346,0.9698485281509003,0.0667581431262326,0.4683158773655218,6998.0,349900.0,50.0,252.0,253.0
0.9673141417276403,0.03466104845705788,0.973816155988858,0.06693951796271032,0.46769075318149544,7180.0,359000.0,50.0,253.0,254.0
0.9730075173313408,0.03478785543341581,0.9766548042704626,0.06718270346488844,0.468210173749215,7025.0,351250.0,50.0,254.0,255.0
0.9777361874455881,0.03510472037356363,0.9828434632264929,0.06778821457400748,0.46996497761227113,7519.0,375950.0,50.0,255.0,256.0
0.9780568441364967,0.03508868873293916,0.9813264649066323,0.06775471370965949,0.47050237996035504,7765.0,388250.0,50.0,256.0,257.0
0.9674109084224716,0.03479224487350997,0.9721059972105998,0.06718007537276749,0.47066480706648073,7170.0,358500.0,50.0,257.0,258.0
0.9771283695380667,0.03507403328438571,0.9831356295555238,0.06773169230769231,0.4693327952876163,6997.0,349850.0,50.0,258.0,259.0
0.9624646138351783,0.03446140214462668,0.9659148504815003,0.06654852114397458,0.46868509187760254,7892.0,394600.0,50.0,259.0,260.0
0.9691321225642782,0.034784354630976344,0.9732803507810359,0.067168166279746,0.4699246100193983,7298.0,364900.0,50.0,260.0,261.0
0.9814322596637604,0.03524111616788489,0.9835771105978958,0.06804423851875521,0.47171026480902856,7794.0,389700.0,50.0,261.0,262.0
0.965000192739302,0.034615090451831754,0.9670688788335847,0.06683780062459552,0.4705167637693589,7956.0,397800.0,50.0,262.0,263.0
0.9739976169991413,0.035141201155751235,0.9768136727620413,0.0678417717053411,0.473662872583,8367.0,418350.0,50.0,263.0,264.0
0.9737375562375694,0.034945491957343255,0.9786674054578196,0.06748141037580412,0.4696430172013396,7219.0,360950.0,50.0,264.0,265.0
0.974868966400873,0.034960287828389114,0.9789545145960624,0.06750967935243142,0.46972564993410804,7365.0,368250.0,50.0,265.0,266.0
0.9816791672775176,0.03499155286130478,0.9842577607768133,0.06758053599749478,0.46745248047725785,6797.0,339850.0,50.0,266.0,267.0
0.9588129306274321,0.034367273544616765,0.9647905098435133,0.06637033693038277,0.4677772168938247,7924.0,396200.0,50.0,267.0,268.0
0.9808458759901627,0.03506969709940219,0.9858288770053476,0.0677299802063863,0.46786463248400967,7480.0,374000.0,50.0,268.0,269.0
0.9708803009653459,0.03493289725950152,0.9764875870221988,0.0674527381692307,0.47058308414657074,7613.0,380650.0,50.0,269.0,270.0
0.9782849856833156,0.0350685671519169,0.980182447310475,0.06771447353409356,0.4707825250263679,6358.0,317900.0,50.0,270.0,271.0
0.9784619496586106,0.03526190345323813,0.9804112253403723,0.06807537778120765,0.47366915646503116,7198.0,359900.0,50.0,271.0,272.0
0.9815229354513675,0.035239734447996066,0.9836650652024709,0.06804187338286609,0.471643317587845,7285.0,364250.0,50.0,272.0,273.0
0.9745605811054393,0.034815660703153874,0.9757266542980829,0.06723235164085929,0.46913613930420656,6468.0,323400.0,50.0,273.0,274.0
0.9616628054008364,0.0343256793928871,0.9631859860407828,0.06628897585510236,0.46796383806020014,7307.0,365350.0,50.0,274.0,275.0
0.9647979311930379,0.03470579668660329,0.9701010668163953,0.06701413299071537,0.4703542843302397,7124.0,356200.0,50.0,275.0,276.0
0.9726888552285221,0.03475728699028401,0.9743589743589743,0.06712026314603704,0.46893116220847314,7644.0,382200.0,50.0,276.0,277.0
0.9829531825874616,0.03516385066562146,0.9845832244577999,0.0679025972563242,0.4699862176383488,7654.0,382700.0,50.0,277.0,278.0
0.9792503412577804,0.03514026750821056,0.9815502882767457,0.06785140179880168,0.47119116704977954,7805.0,390250.0,50.0,278.0,279.0
0.9783768961311632,0.03480376324480887,0.9804813619019666,0.06722139493701453,0.46645602767082767,6814.0,340700.0,50.0,279.0,280.0
0.9763790591801315,0.03485923357547782,0.9771914132379249,0.06731707317073171,0.4690565552398658,6708.0,335400.0,50.0,280.0,281.0
0.974391270285025,0.03478830943619676,0.9762611275964391,0.0671826182842907,0.4684238086926165,6740.0,337000.0,50.0,281.0,282.0
0.9728182585224951,0.03478353420575147,0.9714083510261854,0.06716217075808212,0.47089352372229853,7065.0,353250.0,50.0,282.0,283.0
0.9816177577573286,0.03509387879713021,0.9844419069369112,0.06777179467023033,0.4689649767985984,7006.0,350300.0,50.0,283.0,284.0
0.9636553767151942,0.034771190099294864,0.9703815261044176,0.06713670464017783,0.4712378927474604,7968.0,398400.0,50.0,284.0,285.0
0.9688441323700971,0.034506749688418166,0.9731789949181253,0.066650231303566,0.4655644866642309,7084.0,354200.0,50.0,285.0,286.0
0.979838502095858,0.03523996670086926,0.981134617976014,0.06803623740264352,0.47295565578340215,7421.0,371050.0,50.0,286.0,287.0
0.9825537507400274,0.03525751488341131,0.9873083024854574,0.06808370977814447,0.47003608423803156,7564.0,378200.0,50.0,287.0,288.0
0.9880207969546799,0.035421719628307445,0.9900344488188977,0.06839633666942904,0.47117926895167517,8128.0,406400.0,50.0,288.0,289.0
0.9761628564367144,0.034957383869355554,0.977464434092912,0.06750071726032637,0.47045740113998513,7943.0,397150.0,50.0,289.0,290.0
0.9740109875441403,0.03489083624860009,0.9750483975048397,0.06737089289098118,0.4706746970674697,9298.0,464900.0,50.0,290.0,291.0
0.9662261381076964,0.03467796407680891,0.9696775022484903,0.06696123577062649,0.47013727757581253,7783.0,389150.0,50.0,291.0,292.0
0.9732191678804387,0.03472300644673465,0.9762562120375483,0.06706082602779345,0.46739153971914554,7244.0,362200.0,50.0,292.0,293.0
0.9816953003210966,0.03525643727085002,0.9841195153511352,0.06807409547135575,0.4716676930741712,8501.0,425050.0,50.0,293.0,294.0
0.9650320514135048,0.034595551803868314,0.963952447910009,0.06679391848502429,0.471851478671489,7823.0,391150.0,50.0,294.0,295.0
0.9817977976676631,0.035025766507247987,0.9843709299296692,0.06764461071681091,0.46793231489000914,7678.0,383900.0,50.0,295.0,296.0
0.9844983123717596,0.035182156133828996,0.9878914405010438,0.06794457606432623,0.46855786155798435,7185.0,359250.0,50.0,296.0,297.0
0.9744019629937083,0.03489297612636014,0.9783509287718829,0.06738274059347618,0.4689819800698577,7483.0,374150.0,50.0,297.0,298.0
0.9788203632054305,0.035065751701889164,0.9831365935919055,0.06771625274539618,0.4692024901329534,6523.0,326150.0,50.0,298.0,299.0
0.9801383039253219,0.03516410434927183,0.983435047951177,0.06790033659224183,0.47058538614515844,6882.0,344100.0,50.0,299.0,300.0
0.9786357669024794,0.035086624978558176,0.9818181818181818,0.06775203757979685,0.47021461675579324,6875.0,343750.0,50.0,300.0,301.0
0.9640975767095066,0.03449238864690867,0.9646478487256782,0.06660328002232724,0.4698493812433167,7298.0,364900.0,50.0,301.0,302.0
0.9725353289965842,0.034946997286075476,0.9745148771021992,0.0674743041404483,0.47183370113892903,7730.0,386500.0,50.0,302.0,303.0
0.9856419046835256,0.03544850228043896,0.9911682055399438,0.06844897053931172,0.471010671095683,7473.0,373650.0,50.0,303.0,304.0
0.9690450922422783,0.03474310969246824,0.9736667989943099,0.06709218564785265,0.4690703593863111,7557.0,377850.0,50.0,304.0,305.0
0.976522305023483,0.03511895051006209,0.9800482056775576,0.06780807322790146,0.4716384679206444,7468.0,373400.0,50.0,305.0,306.0
0.9630961567062073,0.0346483582939063,0.9636408607469701,0.06689158446865315,0.47284825382044976,8086.0,404300.0,50.0,306.0,307.0
0.9624352663890235,0.034709141392022386,0.9667219327333018,0.06701227696437587,0.4721835204948867,8444.0,422200.0,50.0,307.0,308.0
0.9728445457866107,0.03513097525587232,0.9776292456690765,0.06782467977987972,0.47308100705839556,7331.0,366550.0,50.0,308.0,309.0
0.9776745868747845,0.03521037368302852,0.9794920548689393,0.06797713359316458,0.473347127795842,7363.0,368150.0,50.0,309.0,310.0
0.9669027814180684,0.0346619637714468,0.9727524022640516,0.0669387089615442,0.46826533693640676,7597.0,379850.0,50.0,310.0,311.0
0.9744230503552671,0.035052250406591726,0.978061928043124,0.06767898889221415,0.47163044734002413,7977.0,398850.0,50.0,311.0,312.0
0.9777317980309042,0.03505780627610998,0.9809705042816366,0.06769629063348608,0.47020444714517584,7357.0,367850.0,50.0,312.0,313.0
0.9730156967662399,0.03472015516529521,0.9761101363206911,0.06705516381320611,0.4674230334595709,7409.0,370450.0,50.0,313.0,314.0
0.9639336518199467,0.034468533927106526,0.9678820587073845,0.06656648047727252,0.46775688029588564,7597.0,379850.0,50.0,314.0,315.0
0.9802601367893804,0.03543122149531114,0.9830568720379147,0.0683972763094983,0.4749140414459623,8440.0,422000.0,50.0,315.0,316.0
0.9673160529623226,0.034578895840891355,0.970703125,0.0667789566627797,0.4680251006652661,7168.0,358400.0,50.0,316.0,317.0
0.9832516529867609,0.03522654754307594,0.9865951742627346,0.06802427677993776,0.46992237466926,6714.0,335700.0,50.0,317.0,318.0
0.9778534062804786,0.03502529770016403,0.9824854045037531,0.06763927633247364,0.4689065506658599,7194.0,359700.0,50.0,318.0,319.0
0.9814763391749167,0.035289425230849145,0.985238896801761,0.06813826452941703,0.4716012521802713,7723.0,386150.0,50.0,319.0,320.0
0.9757885010996249,0.035199601701819495,0.9768873257128502,0.0679507734784907,0.4745290152237255,7961.0,398050.0,50.0,320.0,321.0
0.9781887845209827,0.035116148140895406,0.980319803198032,0.06780349935249691,0.4714537995053153,7317.0,365850.0,50.0,321.0,322.0
0.9844758141834233,0.03537651741009657,0.9876543209876543,0.06830638719806098,0.4717048906380553,7533.0,376650.0,50.0,322.0,323.0
0.9741851070496973,0.03501330411645015,0.9789934354485776,0.067608613524745,0.4705367486162955,6855.0,342750.0,50.0,323.0,324.0
0.9659354483240807,0.03510429367908635,0.980246913580247,0.06778122739465064,0.4713068073233192,7695.0,384750.0,50.0,324.0,325.0
0.9701766280680347,0.03451727395756198,0.9734984876854386,0.06667061225697629,0.4655641314569901,6943.0,347150.0,50.0,325.0,326.0
0.9754446064123539,0.03472633818828399,0.9789098877019995,0.06707328516468049,0.4660501286244435,7302.0,365100.0,50.0,326.0,327.0
0.9803034270287809,0.035090064155288696,0.9824409902130109,0.0677599317040243,0.469944800027092,6948.0,347400.0,50.0,327.0,328.0
0.9764791413295877,0.0349259724242441,0.9769492574257426,0.06744092911493793,0.4702333284799068,6464.0,323200.0,50.0,328.0,329.0
0.972995277375783,0.03493688694360858,0.9766489143793528,0.06746056075647888,0.47056145959681156,7323.0,366150.0,50.0,329.0,330.0
0.9838074011265481,0.03521230406946795,0.9858719646799117,0.0679960008323141,0.4700745934871373,6795.0,339750.0,50.0,330.0,331.0
0.9425185907154718,0.0336805831413363,0.9444444444444444,0.0650416638698975,0.46760146553748205,7182.0,359100.0,50.0,331.0,332.0
0.9649339953251905,0.034502078693742264,0.9670097651095276,0.06662696446349746,0.4687537194872671,7578.0,378900.0,50.0,332.0,333.0
0.9700684635905216,0.0347115035684045,0.9734056987788331,0.06703263332476815,0.4687072658099875,7370.0,368500.0,50.0,333.0,334.0
0.9780763004946991,0.03499007214540489,0.978886515018223,0.06756504729726799,0.4702284583558194,7957.0,397850.0,50.0,334.0,335.0
0.9803994781179675,0.03502666030415569,0.9845458521650386,0.06764669054118354,0.46785531532922253,6859.0,342950.0,50.0,335.0,336.0
0.9851951867666421,0.03537979597847332,0.9871507545196474,0.06831129354108294,0.4720149527015348,6693.0,334650.0,50.0,336.0,337.0
0.9641059797384066,0.034499724474533575,0.9671724137931035,0.06662296078822602,0.46863015551048004,7250.0,362500.0,50.0,337.0,338.0
0.9522353353590011,0.03413274722013559,0.9498064516129032,0.06589737162500896,0.47201518026565464,7750.0,387500.0,50.0,338.0,339.0
0.9714051936037902,0.034843672708948774,0.9751584939836978,0.06728322873798195,0.4698753611937724,7729.0,386450.0,50.0,339.0,340.0
0.9677078231648892,0.034558745527663394,0.968382650993109,0.06673588252547873,0.4689297418737796,7401.0,370050.0,50.0,340.0,341.0
0.9806461940533688,0.03506468051744414,0.9822923816060398,0.0677122513188087,0.46962466524015234,7285.0,364250.0,50.0,341.0,342.0
0.9816548421345527,0.035149752306503655,0.9847211611917495,0.06787663899176774,0.46969447315468077,7854.0,392700.0,50.0,342.0,343.0
0.9737977611968927,0.03490813648293963,0.9773216774357025,0.06740856282741957,0.46975851027095245,7893.0,394650.0,50.0,343.0,344.0
0.9812627602483661,0.03508374830239928,0.9852999602701629,0.06775493477221502,0.4683602483504327,7551.0,377550.0,50.0,344.0,345.0
0.9780661515660343,0.035024581627957664,0.9792795232936078,0.06763032000710816,0.4705643362437066,7384.0,369200.0,50.0,345.0,346.0
0.9631481108884701,0.03452092525056744,0.9661670235546038,0.06666010046291737,0.4694993771955606,7005.0,350250.0,50.0,346.0,347.0
0.9745898486673417,0.034923949960972936,0.9822011272619401,0.06744960632327328,0.4674588910022627,6742.0,337100.0,50.0,347.0,348.0
0.9704343560857227,0.035039931000977124,0.9771654741969859,0.06765387858347387,0.4719045785462914,6569.0,328450.0,50.0,348.0,349.0
0.9550234323055597,0.03423955545409063,0.962320819112628,0.06612632388671563,0.4670414240781637,7325.0,366250.0,50.0,349.0,350.0
0.9592741589397706,0.034553879188563036,0.9634978991596639,0.06671515592326575,0.47143269072334815,7616.0,380800.0,50.0,350.0,351.0
0.9796682161081511,0.03539882466764611,0.984797507788162,0.06834110886756803,0.4735202492211838,8025.0,401250.0,50.0,351.0,352.0
0.965817163361063,0.0347377745474368,0.9680972274971515,0.06706894585895086,0.4719113116825411,7899.0,394950.0,50.0,352.0,353.0
0.9674678854875284,0.034593039759286945,0.9671957671957672,0.06679699632762684,0.4701006328457309,7560.0,378000.0,50.0,353.0,354.0
0.9567964845771901,0.03456989515613162,0.9618783135571826,0.06674111541746042,0.4725410992470707,7922.0,396100.0,50.0,354.0,355.0
0.9833257490069081,0.035096472210379266,0.9854814060112074,0.06777909166557176,0.4684656338337678,7852.0,392600.0,50.0,355.0,356.0
0.9544751613931994,0.0341410633854206,0.966794926606812,0.06595308231496874,0.4630575046036656,7017.0,350850.0,50.0,356.0,357.0
0.9753422051199847,0.03503068381063706,0.9778230945704818,0.06763821665035662,0.4714179324546541,7846.0,392300.0,50.0,357.0,358.0
0.9739532564662737,0.03485353359526533,0.9772695579417097,0.06730663029854832,0.46892576581601825,7171.0,358550.0,50.0,358.0,359.0
0.9784691118852422,0.035247003578664345,0.9792214623882167,0.06804474174799868,0.4740539035182721,7604.0,380200.0,50.0,359.0,360.0
0.984127955556289,0.03516261585067136,0.985292057711164,0.06790197942861556,0.46959946606461606,7139.0,356950.0,50.0,360.0,361.0
0.9781437037753871,0.03510950444921755,0.9803212851405623,0.06779111855808485,0.47134945008793344,7470.0,373500.0,50.0,361.0,362.0
0.9799021009688456,0.03519870571641915,0.9816341287057122,0.06796053323187978,0.4720570513093162,6915.0,345750.0,50.0,362.0,363.0
0.9699578228858711,0.03452653835513576,0.9663993362831859,0.06667111840347999,0.4694657730348777,7232.0,361600.0,50.0,363.0,364.0
0.981939658112397,0.035066054293791844,0.985380980507974,0.06772212919267265,0.4680402580406055,6772.0,338600.0,50.0,364.0,365.0
0.9623052797578948,0.03433810209601421,0.9662524710533748,0.066319385554721,0.4665321084660919,7082.0,354100.0,50.0,365.0,366.0
0.980338279055789,0.03514003257104847,0.9834381820516113,0.06785546608555458,0.47020811148955666,7789.0,389450.0,50.0,366.0,367.0
0.9832959156055197,0.03524834177677965,0.9852554744525548,0.06806171843485276,0.47095463002719334,6850.0,342500.0,50.0,367.0,368.0
0.9753890236909613,0.03493199350385708,0.9763120567375887,0.06745063452398452,0.4706605479071061,7050.0,352500.0,50.0,368.0,369.0
0.9794190821888187,0.03516223529356974,0.9848682494129924,0.06790026305731052,0.46981323184113194,7666.0,383300.0,50.0,369.0,370.0
