PR_AUC,MRR,HitsAt10,HitsAt50,HitsAt100,PrecisionAt10,PrecisionAt50,PrecisionAt100,PosEdges,NegEdges,InputGraph,TargetGraph
0.8590852596645967,1.0,1.0,1.0,1.0,1.0,1.0,0.99,8900.0,445000.0,70.0,71.0
0.8812183574704437,1.0,1.0,1.0,1.0,0.9,0.94,0.97,9203.0,460150.0,71.0,72.0
0.904005985106606,1.0,1.0,1.0,1.0,1.0,0.92,0.96,8790.0,439500.0,72.0,73.0
0.9200033649102727,1.0,1.0,1.0,1.0,1.0,1.0,1.0,8768.0,438400.0,73.0,74.0
0.9020015717941924,1.0,1.0,1.0,1.0,1.0,0.98,0.99,9735.0,486750.0,74.0,75.0
0.8993565706433101,1.0,1.0,1.0,1.0,1.0,1.0,1.0,8592.0,429600.0,75.0,76.0
0.8921341208364407,1.0,1.0,1.0,1.0,1.0,0.98,0.98,7583.0,379150.0,76.0,77.0
0.9061465728843656,1.0,1.0,1.0,1.0,1.0,1.0,1.0,8094.0,404700.0,77.0,78.0
0.8880956597983473,1.0,1.0,1.0,1.0,1.0,1.0,0.99,8288.0,414400.0,78.0,79.0
0.8839263543453275,1.0,1.0,1.0,1.0,1.0,0.98,0.99,9709.0,485450.0,79.0,80.0
0.8818978668563285,1.0,1.0,1.0,1.0,1.0,0.96,0.98,8898.0,444900.0,80.0,81.0
0.8740510210613845,1.0,1.0,1.0,1.0,0.9,0.98,0.99,9467.0,473350.0,81.0,82.0
0.9048678942441815,1.0,1.0,1.0,1.0,0.9,0.98,0.99,8261.0,413050.0,82.0,83.0
0.9143940175702359,1.0,1.0,1.0,1.0,1.0,1.0,0.99,8189.0,409450.0,83.0,84.0
0.8906551463438458,1.0,1.0,1.0,1.0,1.0,1.0,1.0,7886.0,394300.0,84.0,85.0
0.9126222755816429,1.0,1.0,1.0,1.0,0.9,0.98,0.98,7197.0,359850.0,85.0,86.0
0.9057293445757617,1.0,1.0,1.0,1.0,1.0,1.0,1.0,7641.0,382050.0,86.0,87.0
0.9016123698089835,1.0,1.0,1.0,1.0,1.0,1.0,1.0,7078.0,353900.0,87.0,88.0
0.904991431935747,1.0,1.0,1.0,1.0,1.0,1.0,1.0,7332.0,366600.0,88.0,89.0
0.9047884964726526,1.0,1.0,1.0,1.0,1.0,1.0,1.0,7422.0,371100.0,89.0,90.0
0.8807664439616236,1.0,1.0,1.0,1.0,1.0,1.0,0.97,8142.0,407100.0,90.0,91.0
0.8698324085261195,1.0,1.0,1.0,1.0,1.0,1.0,1.0,7957.0,397850.0,91.0,92.0
0.8639158144548986,1.0,1.0,1.0,1.0,0.8,0.9,0.94,7862.0,393100.0,92.0,93.0
0.7893010806938137,1.0,1.0,1.0,1.0,1.0,0.98,0.99,8852.0,442600.0,93.0,94.0
0.8579884119853265,1.0,1.0,1.0,1.0,1.0,0.98,0.99,8034.0,401700.0,94.0,95.0
0.8773177704522375,1.0,1.0,1.0,1.0,1.0,1.0,1.0,8428.0,421400.0,95.0,96.0
0.8530409934082405,1.0,1.0,1.0,1.0,1.0,0.98,0.97,8362.0,418100.0,96.0,97.0
0.878998762170266,1.0,1.0,1.0,1.0,1.0,1.0,1.0,7753.0,387650.0,97.0,98.0
0.8672364435836728,1.0,1.0,1.0,1.0,1.0,1.0,1.0,8742.0,437100.0,98.0,99.0
0.8973718178371722,1.0,1.0,1.0,1.0,1.0,1.0,1.0,7816.0,390800.0,99.0,100.0
0.8696993731507451,0.5,1.0,1.0,1.0,0.9,0.98,0.99,8473.0,423650.0,100.0,101.0
0.8792223194991305,1.0,1.0,1.0,1.0,1.0,1.0,1.0,8260.0,413000.0,101.0,102.0
0.8957187393062919,1.0,1.0,1.0,1.0,1.0,1.0,1.0,7777.0,388850.0,102.0,103.0
0.9005665154591423,1.0,1.0,1.0,1.0,1.0,1.0,1.0,7989.0,399450.0,103.0,104.0
0.8898295620791663,0.5,1.0,1.0,1.0,0.9,0.98,0.99,7723.0,386150.0,104.0,105.0
0.8953534267929661,1.0,1.0,1.0,1.0,1.0,0.98,0.98,6937.0,346850.0,105.0,106.0
0.9048996415297375,1.0,1.0,1.0,1.0,1.0,1.0,0.99,7406.0,370300.0,106.0,107.0
0.8999494829089912,1.0,1.0,1.0,1.0,1.0,1.0,0.99,7846.0,392300.0,107.0,108.0
0.895117104484918,1.0,1.0,1.0,1.0,1.0,0.98,0.99,6912.0,345600.0,108.0,109.0
0.9006724790815278,1.0,1.0,1.0,1.0,1.0,1.0,1.0,7810.0,390500.0,109.0,110.0
0.9128619165463835,1.0,1.0,1.0,1.0,1.0,1.0,1.0,7650.0,382500.0,110.0,111.0
0.8672346572357689,0.5,1.0,1.0,1.0,0.8,0.96,0.96,7997.0,399850.0,111.0,112.0
0.826895214571704,1.0,1.0,1.0,1.0,1.0,1.0,1.0,9979.0,498950.0,112.0,113.0
0.8569220536729538,1.0,1.0,1.0,1.0,1.0,1.0,0.99,8735.0,436750.0,113.0,114.0
0.8466287997904733,1.0,1.0,1.0,1.0,1.0,1.0,1.0,8789.0,439450.0,114.0,115.0
0.8675941895957217,1.0,1.0,1.0,1.0,1.0,1.0,1.0,8026.0,401300.0,115.0,116.0
0.87462525322994,1.0,1.0,1.0,1.0,1.0,0.98,0.99,7643.0,382150.0,116.0,117.0
0.8815520029788229,1.0,1.0,1.0,1.0,0.9,0.94,0.97,9392.0,469600.0,117.0,118.0
0.8754433491423806,1.0,1.0,1.0,1.0,1.0,0.98,0.99,8752.0,437600.0,118.0,119.0
0.867288847958114,1.0,1.0,1.0,1.0,1.0,1.0,1.0,8597.0,429850.0,119.0,120.0
0.887418976746618,1.0,1.0,1.0,1.0,0.9,0.96,0.98,8501.0,425050.0,120.0,121.0
0.904633664941909,1.0,1.0,1.0,1.0,1.0,1.0,0.99,8233.0,411650.0,121.0,122.0
0.8774063975068171,1.0,1.0,1.0,1.0,1.0,1.0,1.0,8478.0,423900.0,122.0,123.0
0.8950231095234724,1.0,1.0,1.0,1.0,1.0,1.0,1.0,8147.0,407350.0,123.0,124.0
0.8961520321959211,1.0,1.0,1.0,1.0,1.0,0.98,0.99,8329.0,416450.0,124.0,125.0
0.9023345209776458,1.0,1.0,1.0,1.0,1.0,1.0,1.0,9015.0,450750.0,125.0,126.0
0.9066582223482812,1.0,1.0,1.0,1.0,1.0,1.0,0.99,8285.0,414250.0,126.0,127.0
0.9032196640238443,1.0,1.0,1.0,1.0,1.0,0.96,0.98,7205.0,360250.0,127.0,128.0
0.9053544610466587,1.0,1.0,1.0,1.0,1.0,1.0,1.0,7457.0,372850.0,128.0,129.0
0.8796933358357268,1.0,1.0,1.0,1.0,1.0,1.0,1.0,7096.0,354800.0,129.0,130.0
0.8800983990265993,1.0,1.0,1.0,1.0,0.9,0.98,0.99,7513.0,375650.0,130.0,131.0
0.9289272552624955,1.0,1.0,1.0,1.0,1.0,1.0,1.0,6903.0,345150.0,131.0,132.0
0.9091759065721322,1.0,1.0,1.0,1.0,1.0,1.0,1.0,7225.0,361250.0,132.0,133.0
0.8792345336940105,1.0,1.0,1.0,1.0,1.0,0.98,0.99,7438.0,371900.0,133.0,134.0
0.8758214058217351,1.0,1.0,1.0,1.0,1.0,1.0,1.0,7967.0,398350.0,134.0,135.0
0.8719746814581333,0.5,1.0,1.0,1.0,0.9,0.98,0.99,7534.0,376700.0,135.0,136.0
0.856460583765094,1.0,1.0,1.0,1.0,1.0,1.0,0.99,7817.0,390850.0,136.0,137.0
0.876003630030064,0.5,1.0,1.0,1.0,0.9,0.98,0.99,7624.0,381200.0,137.0,138.0
0.8771760753710613,1.0,1.0,1.0,1.0,0.8,0.92,0.95,7313.0,365650.0,138.0,139.0
0.8926590993532164,1.0,1.0,1.0,1.0,1.0,1.0,1.0,7627.0,381350.0,139.0,140.0
0.8929714832830604,1.0,1.0,1.0,1.0,0.8,0.96,0.98,7454.0,372700.0,140.0,141.0
0.9023677678872077,1.0,1.0,1.0,1.0,1.0,0.98,0.99,7277.0,363850.0,141.0,142.0
0.8558275157139638,1.0,1.0,1.0,1.0,1.0,1.0,1.0,7840.0,392000.0,142.0,143.0
0.8797125375045549,1.0,1.0,1.0,1.0,1.0,1.0,1.0,7967.0,398350.0,143.0,144.0
0.87280093647335,1.0,1.0,1.0,1.0,1.0,0.98,0.99,7612.0,380600.0,144.0,145.0
0.9087538923135147,1.0,1.0,1.0,1.0,1.0,1.0,1.0,8019.0,400950.0,145.0,146.0
0.8984375438800869,1.0,1.0,1.0,1.0,1.0,1.0,1.0,7071.0,353550.0,146.0,147.0
0.8797835495233232,1.0,1.0,1.0,1.0,1.0,1.0,1.0,7859.0,392950.0,147.0,148.0
0.8726960961440926,1.0,1.0,1.0,1.0,1.0,1.0,1.0,6901.0,345050.0,148.0,149.0
0.8907339401405537,0.5,1.0,1.0,1.0,0.9,0.96,0.97,7735.0,386750.0,149.0,150.0
0.875978323451768,1.0,1.0,1.0,1.0,1.0,0.98,0.99,9024.0,451200.0,150.0,151.0
0.887986220502312,1.0,1.0,1.0,1.0,1.0,1.0,1.0,7923.0,396150.0,151.0,152.0
0.9165236015475658,1.0,1.0,1.0,1.0,1.0,1.0,1.0,7027.0,351350.0,152.0,153.0
0.8590549037343207,1.0,1.0,1.0,1.0,0.9,0.96,0.98,7394.0,369700.0,153.0,154.0
0.8710182956793524,1.0,1.0,1.0,1.0,1.0,1.0,1.0,7952.0,397600.0,154.0,155.0
0.8996340409210697,1.0,1.0,1.0,1.0,0.9,0.96,0.97,7766.0,388300.0,155.0,156.0
0.8869795592193572,1.0,1.0,1.0,1.0,1.0,1.0,1.0,6842.0,342100.0,156.0,157.0
0.8986657244865474,1.0,1.0,1.0,1.0,1.0,0.98,0.98,8017.0,400850.0,157.0,158.0
0.8932648127265754,1.0,1.0,1.0,1.0,1.0,1.0,1.0,8768.0,438400.0,158.0,159.0
0.8819270561597988,1.0,1.0,1.0,1.0,1.0,1.0,1.0,8039.0,401950.0,159.0,160.0
0.8606946420919962,1.0,1.0,1.0,1.0,1.0,1.0,1.0,8360.0,418000.0,160.0,161.0
0.8971078542738262,1.0,1.0,1.0,1.0,1.0,0.96,0.98,8046.0,402300.0,161.0,162.0
0.895883377228537,0.5,1.0,1.0,1.0,0.9,0.96,0.98,8540.0,427000.0,162.0,163.0
0.8803527315275886,1.0,1.0,1.0,1.0,1.0,0.98,0.99,8510.0,425500.0,163.0,164.0
0.8637579980757025,1.0,1.0,1.0,1.0,1.0,1.0,1.0,8168.0,408400.0,164.0,165.0
0.8779385081603871,1.0,1.0,1.0,1.0,1.0,1.0,1.0,8029.0,401450.0,165.0,166.0
0.8684545799587107,1.0,1.0,1.0,1.0,1.0,1.0,1.0,8401.0,420050.0,166.0,167.0
0.883476985994797,1.0,1.0,1.0,1.0,1.0,1.0,1.0,7585.0,379250.0,167.0,168.0
0.8570549995917319,1.0,1.0,1.0,1.0,1.0,1.0,1.0,7685.0,384250.0,168.0,169.0
0.8821795158523039,1.0,1.0,1.0,1.0,1.0,1.0,1.0,8155.0,407750.0,169.0,170.0
0.878840117297737,1.0,1.0,1.0,1.0,1.0,1.0,1.0,7598.0,379900.0,170.0,171.0
0.8944221167337106,1.0,1.0,1.0,1.0,1.0,0.98,0.99,7173.0,358650.0,171.0,172.0
0.8758075743252279,1.0,1.0,1.0,1.0,1.0,0.98,0.99,7405.0,370250.0,172.0,173.0
0.8837499943471194,1.0,1.0,1.0,1.0,1.0,1.0,1.0,7069.0,353450.0,173.0,174.0
0.8481383910246086,1.0,1.0,1.0,1.0,1.0,1.0,0.99,7602.0,380100.0,174.0,175.0
0.8744699790165051,1.0,1.0,1.0,1.0,1.0,1.0,1.0,8269.0,413450.0,175.0,176.0
0.8765491610844329,1.0,1.0,1.0,1.0,1.0,1.0,0.98,7966.0,398300.0,176.0,177.0
0.8755112091981582,1.0,1.0,1.0,1.0,1.0,1.0,0.99,7708.0,385400.0,177.0,178.0
0.8809150699111556,1.0,1.0,1.0,1.0,0.9,0.94,0.97,7545.0,377250.0,178.0,179.0
0.888582161328209,1.0,1.0,1.0,1.0,1.0,0.98,0.98,7931.0,396550.0,179.0,180.0
0.885565985731839,1.0,1.0,1.0,1.0,1.0,1.0,1.0,7172.0,358600.0,180.0,181.0
0.8913486440792078,1.0,1.0,1.0,1.0,1.0,1.0,0.99,7348.0,367400.0,181.0,182.0
0.8763431460406178,1.0,1.0,1.0,1.0,0.9,0.98,0.99,8077.0,403850.0,182.0,183.0
0.8606609481330424,1.0,1.0,1.0,1.0,1.0,1.0,1.0,8229.0,411450.0,183.0,184.0
0.7723157631871721,1.0,1.0,1.0,1.0,1.0,1.0,1.0,8533.0,426650.0,184.0,185.0
0.8791403300265896,1.0,1.0,1.0,1.0,1.0,0.98,0.99,7079.0,353950.0,185.0,186.0
0.8778044589273915,1.0,1.0,1.0,1.0,1.0,1.0,1.0,8058.0,402900.0,186.0,187.0
0.8792124742720134,1.0,1.0,1.0,1.0,0.9,0.98,0.99,8155.0,407750.0,187.0,188.0
0.8759831836554263,1.0,1.0,1.0,1.0,1.0,1.0,1.0,8632.0,431600.0,188.0,189.0
0.8628762433744308,1.0,1.0,1.0,1.0,1.0,1.0,0.99,7761.0,388050.0,189.0,190.0
0.8835005685932664,1.0,1.0,1.0,1.0,1.0,1.0,1.0,7087.0,354350.0,190.0,191.0
0.8793144182688938,1.0,1.0,1.0,1.0,1.0,1.0,1.0,8269.0,413450.0,191.0,192.0
0.8456678190045835,1.0,1.0,1.0,1.0,1.0,0.98,0.99,8368.0,418400.0,192.0,193.0
0.8642828782596367,1.0,1.0,1.0,1.0,1.0,1.0,1.0,7841.0,392050.0,193.0,194.0
0.8665643572214545,1.0,1.0,1.0,1.0,1.0,1.0,1.0,7437.0,371850.0,194.0,195.0
0.876141715114628,1.0,1.0,1.0,1.0,1.0,1.0,1.0,6943.0,347150.0,195.0,196.0
0.8772027098488095,1.0,1.0,1.0,1.0,0.9,0.98,0.99,7890.0,394500.0,196.0,197.0
0.8736219952670509,1.0,1.0,1.0,1.0,1.0,1.0,1.0,8141.0,407050.0,197.0,198.0
0.9010627423903252,1.0,1.0,1.0,1.0,1.0,1.0,1.0,8720.0,436000.0,198.0,199.0
0.8850581189876094,1.0,1.0,1.0,1.0,1.0,1.0,1.0,7675.0,383750.0,199.0,200.0
0.8848625913198166,1.0,1.0,1.0,1.0,1.0,1.0,1.0,8314.0,415700.0,200.0,201.0
0.8904807137303539,1.0,1.0,1.0,1.0,0.9,0.98,0.99,8879.0,443950.0,201.0,202.0
0.9036402912111221,1.0,1.0,1.0,1.0,0.9,0.96,0.98,8545.0,427250.0,202.0,203.0
0.9127739224671177,1.0,1.0,1.0,1.0,1.0,1.0,1.0,7304.0,365200.0,203.0,204.0
0.8092061533015079,1.0,1.0,1.0,1.0,1.0,1.0,0.99,8826.0,441300.0,204.0,205.0
0.8980312867775433,1.0,1.0,1.0,1.0,1.0,1.0,1.0,8178.0,408900.0,205.0,206.0
0.900086454757715,1.0,1.0,1.0,1.0,1.0,0.98,0.98,7176.0,358800.0,206.0,207.0
0.9096294972288338,1.0,1.0,1.0,1.0,0.9,0.96,0.98,7975.0,398750.0,207.0,208.0
0.8878085460372509,1.0,1.0,1.0,1.0,0.9,0.94,0.97,8476.0,423800.0,208.0,209.0
0.8684547820476713,1.0,1.0,1.0,1.0,1.0,1.0,1.0,7832.0,391600.0,209.0,210.0
0.8781537127936538,1.0,1.0,1.0,1.0,1.0,0.98,0.99,7092.0,354600.0,210.0,211.0
0.8662368415944007,1.0,1.0,1.0,1.0,1.0,1.0,1.0,7905.0,395250.0,211.0,212.0
0.8690489319303356,1.0,1.0,1.0,1.0,1.0,1.0,1.0,8119.0,405950.0,212.0,213.0
0.8503740404969233,1.0,1.0,1.0,1.0,1.0,0.98,0.99,8578.0,428900.0,213.0,214.0
0.8574545874344556,1.0,1.0,1.0,1.0,1.0,1.0,1.0,8338.0,416900.0,214.0,215.0
0.8530680088740779,1.0,1.0,1.0,1.0,1.0,0.98,0.98,8527.0,426350.0,215.0,216.0
0.8897779221391205,1.0,1.0,1.0,1.0,1.0,1.0,0.99,7335.0,366750.0,216.0,217.0
0.8898403210798228,1.0,1.0,1.0,1.0,1.0,1.0,0.99,8221.0,411050.0,217.0,218.0
0.87358429454306,1.0,1.0,1.0,1.0,1.0,1.0,1.0,7404.0,370200.0,218.0,219.0
0.8848797524930215,1.0,1.0,1.0,1.0,1.0,1.0,1.0,6992.0,349600.0,219.0,220.0
0.8883035039514438,1.0,1.0,1.0,1.0,1.0,0.98,0.99,7340.0,367000.0,220.0,221.0
0.8873555154750571,1.0,1.0,1.0,1.0,1.0,1.0,1.0,7958.0,397900.0,221.0,222.0
0.8821619511100045,0.5,1.0,1.0,1.0,0.9,0.94,0.97,6769.0,338450.0,222.0,223.0
0.8848384754307201,1.0,1.0,1.0,1.0,1.0,0.98,0.99,7755.0,387750.0,223.0,224.0
0.895604634236956,1.0,1.0,1.0,1.0,1.0,1.0,1.0,7122.0,356100.0,224.0,225.0
0.893768459492085,1.0,1.0,1.0,1.0,1.0,1.0,0.99,7219.0,360950.0,225.0,226.0
0.8846801814756303,1.0,1.0,1.0,1.0,1.0,1.0,1.0,8194.0,409700.0,226.0,227.0
0.8923100604839505,0.5,1.0,1.0,1.0,0.7,0.94,0.97,7479.0,373950.0,227.0,228.0
0.9230634077446073,1.0,1.0,1.0,1.0,1.0,0.98,0.99,7372.0,368600.0,228.0,229.0
0.8775949059838299,1.0,1.0,1.0,1.0,1.0,1.0,1.0,7101.0,355050.0,229.0,230.0
0.8943872594178062,1.0,1.0,1.0,1.0,1.0,1.0,1.0,7165.0,358250.0,230.0,231.0
0.8907748404703232,1.0,1.0,1.0,1.0,1.0,1.0,1.0,7312.0,365600.0,231.0,232.0
0.871631433384614,1.0,1.0,1.0,1.0,1.0,1.0,1.0,8221.0,411050.0,232.0,233.0
0.8175754683566339,1.0,1.0,1.0,1.0,1.0,1.0,1.0,8398.0,419900.0,233.0,234.0
0.8898690285593559,1.0,1.0,1.0,1.0,1.0,0.92,0.96,7735.0,386750.0,234.0,235.0
0.9037888332970593,1.0,1.0,1.0,1.0,0.9,0.98,0.99,7506.0,375300.0,235.0,236.0
0.8737578516528209,1.0,1.0,1.0,1.0,1.0,0.98,0.98,7326.0,366300.0,236.0,237.0
0.8870957833255214,1.0,1.0,1.0,1.0,1.0,1.0,1.0,7529.0,376450.0,237.0,238.0
0.8720018208020108,1.0,1.0,1.0,1.0,1.0,1.0,1.0,8116.0,405800.0,238.0,239.0
0.8924604398130825,1.0,1.0,1.0,1.0,1.0,1.0,0.99,8517.0,425850.0,239.0,240.0
0.8860018365329925,1.0,1.0,1.0,1.0,1.0,1.0,1.0,8002.0,400100.0,240.0,241.0
0.889849404351654,1.0,1.0,1.0,1.0,1.0,0.96,0.98,8019.0,400950.0,241.0,242.0
0.8906144026250351,1.0,1.0,1.0,1.0,1.0,1.0,1.0,7270.0,363500.0,242.0,243.0
0.8777967612102769,1.0,1.0,1.0,1.0,1.0,0.92,0.9,9641.0,482050.0,243.0,244.0
0.8375176424935441,1.0,1.0,1.0,1.0,1.0,1.0,1.0,7664.0,383200.0,244.0,245.0
0.8931722239360403,1.0,1.0,1.0,1.0,1.0,1.0,1.0,7767.0,388350.0,245.0,246.0
0.8959133638786164,0.5,1.0,1.0,1.0,0.9,0.98,0.99,7526.0,376300.0,246.0,247.0
0.9108226904400766,1.0,1.0,1.0,1.0,1.0,0.98,0.98,8031.0,401550.0,247.0,248.0
0.8960371019791945,1.0,1.0,1.0,1.0,1.0,0.98,0.99,8098.0,404900.0,248.0,249.0
0.913123445762868,1.0,1.0,1.0,1.0,1.0,1.0,0.98,7815.0,390750.0,249.0,250.0
0.8888419839919778,1.0,1.0,1.0,1.0,1.0,1.0,1.0,7543.0,377150.0,250.0,251.0
0.8846757538197373,1.0,1.0,1.0,1.0,1.0,1.0,1.0,7590.0,379500.0,251.0,252.0
0.8793228834941238,1.0,1.0,1.0,1.0,1.0,1.0,1.0,6998.0,349900.0,252.0,253.0
0.8619727595177119,1.0,1.0,1.0,1.0,1.0,0.92,0.96,7180.0,359000.0,253.0,254.0
0.8952501783474796,1.0,1.0,1.0,1.0,1.0,1.0,1.0,7025.0,351250.0,254.0,255.0
0.9034760527379321,1.0,1.0,1.0,1.0,1.0,1.0,0.99,7519.0,375950.0,255.0,256.0
0.8946579784340124,1.0,1.0,1.0,1.0,1.0,1.0,0.99,7765.0,388250.0,256.0,257.0
0.8893147437825304,1.0,1.0,1.0,1.0,0.9,0.98,0.99,7170.0,358500.0,257.0,258.0
0.8944878510599759,1.0,1.0,1.0,1.0,1.0,1.0,1.0,6997.0,349850.0,258.0,259.0
0.8821887182118165,1.0,1.0,1.0,1.0,1.0,0.98,0.99,7892.0,394600.0,259.0,260.0
0.8656227663961029,1.0,1.0,1.0,1.0,1.0,0.98,0.96,7298.0,364900.0,260.0,261.0
0.9075226099718086,1.0,1.0,1.0,1.0,1.0,1.0,1.0,7794.0,389700.0,261.0,262.0
0.8808678917372788,1.0,1.0,1.0,1.0,1.0,0.98,0.95,7956.0,397800.0,262.0,263.0
0.8943819836666399,1.0,1.0,1.0,1.0,1.0,1.0,1.0,8367.0,418350.0,263.0,264.0
0.8623181793669615,1.0,1.0,1.0,1.0,1.0,1.0,1.0,7219.0,360950.0,264.0,265.0
0.8851128601184277,1.0,1.0,1.0,1.0,1.0,0.98,0.99,7365.0,368250.0,265.0,266.0
0.9025472781838821,1.0,1.0,1.0,1.0,1.0,1.0,1.0,6797.0,339850.0,266.0,267.0
0.8736526500347173,1.0,1.0,1.0,1.0,1.0,1.0,0.98,7924.0,396200.0,267.0,268.0
0.9041199069450677,1.0,1.0,1.0,1.0,1.0,1.0,1.0,7480.0,374000.0,268.0,269.0
0.8727347987888537,1.0,1.0,1.0,1.0,1.0,1.0,1.0,7613.0,380650.0,269.0,270.0
0.9031003871847424,1.0,1.0,1.0,1.0,1.0,1.0,0.99,6358.0,317900.0,270.0,271.0
0.9060918524293632,1.0,1.0,1.0,1.0,1.0,1.0,0.99,7198.0,359900.0,271.0,272.0
0.9071195043990291,1.0,1.0,1.0,1.0,1.0,1.0,1.0,7285.0,364250.0,272.0,273.0
0.8930885736475508,1.0,1.0,1.0,1.0,1.0,1.0,1.0,6468.0,323400.0,273.0,274.0
0.8565995271745523,1.0,1.0,1.0,1.0,1.0,0.98,0.99,7307.0,365350.0,274.0,275.0
0.8552246237093162,1.0,1.0,1.0,1.0,1.0,1.0,1.0,7124.0,356200.0,275.0,276.0
0.8879459170378112,1.0,1.0,1.0,1.0,1.0,1.0,0.99,7644.0,382200.0,276.0,277.0
0.9058667822445762,1.0,1.0,1.0,1.0,1.0,1.0,1.0,7654.0,382700.0,277.0,278.0
0.8970725865896234,1.0,1.0,1.0,1.0,1.0,1.0,1.0,7805.0,390250.0,278.0,279.0
0.9017186293385683,1.0,1.0,1.0,1.0,1.0,1.0,1.0,6814.0,340700.0,279.0,280.0
0.8897807064295356,1.0,1.0,1.0,1.0,1.0,1.0,1.0,6708.0,335400.0,280.0,281.0
0.8966992247371668,1.0,1.0,1.0,1.0,1.0,1.0,1.0,6740.0,337000.0,281.0,282.0
0.8989154534774201,1.0,1.0,1.0,1.0,1.0,1.0,0.99,7065.0,353250.0,282.0,283.0
0.9015932851002627,1.0,1.0,1.0,1.0,1.0,1.0,1.0,7006.0,350300.0,283.0,284.0
0.8766817718378169,1.0,1.0,1.0,1.0,1.0,1.0,1.0,7968.0,398400.0,284.0,285.0
0.8857761195776627,1.0,1.0,1.0,1.0,1.0,1.0,1.0,7084.0,354200.0,285.0,286.0
0.8981822779671963,1.0,1.0,1.0,1.0,0.9,0.98,0.99,7421.0,371050.0,286.0,287.0
0.8956449592159531,1.0,1.0,1.0,1.0,1.0,1.0,0.99,7564.0,378200.0,287.0,288.0
0.9127981093354403,1.0,1.0,1.0,1.0,1.0,0.96,0.97,8128.0,406400.0,288.0,289.0
0.9008241828063688,1.0,1.0,1.0,1.0,1.0,1.0,0.99,7943.0,397150.0,289.0,290.0
0.9000795900580921,1.0,1.0,1.0,1.0,1.0,1.0,1.0,9298.0,464900.0,290.0,291.0
0.8819906797111732,1.0,1.0,1.0,1.0,1.0,1.0,1.0,7783.0,389150.0,291.0,292.0
0.9014020409775592,1.0,1.0,1.0,1.0,1.0,1.0,1.0,7244.0,362200.0,292.0,293.0
0.8961304873145829,1.0,1.0,1.0,1.0,1.0,1.0,1.0,8501.0,425050.0,293.0,294.0
0.873500528045868,1.0,1.0,1.0,1.0,0.8,0.92,0.94,7823.0,391150.0,294.0,295.0
0.91416273469745,1.0,1.0,1.0,1.0,1.0,0.98,0.99,7678.0,383900.0,295.0,296.0
0.9057485923065492,1.0,1.0,1.0,1.0,1.0,1.0,1.0,7185.0,359250.0,296.0,297.0
0.8895242911514768,1.0,1.0,1.0,1.0,1.0,1.0,1.0,7483.0,374150.0,297.0,298.0
0.8958975532074164,1.0,1.0,1.0,1.0,1.0,1.0,1.0,6523.0,326150.0,298.0,299.0
0.888650924836436,1.0,1.0,1.0,1.0,1.0,1.0,1.0,6882.0,344100.0,299.0,300.0
0.9102377001443607,1.0,1.0,1.0,1.0,1.0,1.0,1.0,6875.0,343750.0,300.0,301.0
0.8757715812092101,1.0,1.0,1.0,1.0,1.0,1.0,1.0,7298.0,364900.0,301.0,302.0
0.891344422851975,0.5,1.0,1.0,1.0,0.9,0.98,0.99,7730.0,386500.0,302.0,303.0
0.8951217022397145,1.0,1.0,1.0,1.0,1.0,1.0,1.0,7473.0,373650.0,303.0,304.0
0.8799766845815818,1.0,1.0,1.0,1.0,1.0,0.98,0.99,7557.0,377850.0,304.0,305.0
0.8962326724879379,1.0,1.0,1.0,1.0,1.0,1.0,1.0,7468.0,373400.0,305.0,306.0
0.8815660332910481,1.0,1.0,1.0,1.0,0.9,0.98,0.99,8086.0,404300.0,306.0,307.0
0.871491495597621,1.0,1.0,1.0,1.0,1.0,1.0,1.0,8444.0,422200.0,307.0,308.0
0.860656167675812,1.0,1.0,1.0,1.0,1.0,0.98,0.99,7331.0,366550.0,308.0,309.0
0.894682004904455,1.0,1.0,1.0,1.0,0.9,0.98,0.99,7363.0,368150.0,309.0,310.0
0.8757902446428447,1.0,1.0,1.0,1.0,1.0,1.0,0.99,7597.0,379850.0,310.0,311.0
0.882169218483826,1.0,1.0,1.0,1.0,1.0,1.0,1.0,7977.0,398850.0,311.0,312.0
0.892251143833826,1.0,1.0,1.0,1.0,1.0,1.0,1.0,7357.0,367850.0,312.0,313.0
0.8811180623814526,1.0,1.0,1.0,1.0,1.0,1.0,1.0,7409.0,370450.0,313.0,314.0
0.8787252701214753,1.0,1.0,1.0,1.0,1.0,1.0,1.0,7597.0,379850.0,314.0,315.0
0.8736480489040053,1.0,1.0,1.0,1.0,1.0,1.0,0.99,8440.0,422000.0,315.0,316.0
0.8832841739788457,1.0,1.0,1.0,1.0,1.0,1.0,1.0,7168.0,358400.0,316.0,317.0
0.8803903780925039,1.0,1.0,1.0,1.0,1.0,0.98,0.99,6714.0,335700.0,317.0,318.0
0.8995229364971863,1.0,1.0,1.0,1.0,1.0,0.98,0.99,7194.0,359700.0,318.0,319.0
0.9064796928928941,1.0,1.0,1.0,1.0,1.0,1.0,1.0,7723.0,386150.0,319.0,320.0
0.8966538520215617,1.0,1.0,1.0,1.0,1.0,0.92,0.96,7961.0,398050.0,320.0,321.0
0.896609933331925,1.0,1.0,1.0,1.0,1.0,1.0,1.0,7317.0,365850.0,321.0,322.0
0.9019621979180632,0.5,1.0,1.0,1.0,0.9,0.96,0.97,7533.0,376650.0,322.0,323.0
0.887756062708821,1.0,1.0,1.0,1.0,1.0,1.0,0.98,6855.0,342750.0,323.0,324.0
0.8575955309879943,1.0,1.0,1.0,1.0,1.0,0.98,0.98,7695.0,384750.0,324.0,325.0
0.8750768985871197,0.16666666666666666,1.0,1.0,1.0,0.5,0.9,0.95,6943.0,347150.0,325.0,326.0
0.9015858736084909,1.0,1.0,1.0,1.0,0.8,0.96,0.98,7302.0,365100.0,326.0,327.0
0.8954852896787264,0.5,1.0,1.0,1.0,0.9,0.98,0.97,6948.0,347400.0,327.0,328.0
0.9033149121476236,1.0,1.0,1.0,1.0,0.9,0.98,0.99,6464.0,323200.0,328.0,329.0
0.8730359489153415,1.0,1.0,1.0,1.0,1.0,1.0,0.99,7323.0,366150.0,329.0,330.0
0.9148590564434499,1.0,1.0,1.0,1.0,1.0,1.0,1.0,6795.0,339750.0,330.0,331.0
0.8937905905328984,1.0,1.0,1.0,1.0,1.0,0.98,0.99,7182.0,359100.0,331.0,332.0
0.8977915878842033,1.0,1.0,1.0,1.0,1.0,0.98,0.99,7578.0,378900.0,332.0,333.0
0.9073750935495128,1.0,1.0,1.0,1.0,1.0,1.0,0.99,7370.0,368500.0,333.0,334.0
0.9176792942132703,0.5,1.0,1.0,1.0,0.9,0.98,0.99,7957.0,397850.0,334.0,335.0
0.8992259623270649,1.0,1.0,1.0,1.0,1.0,1.0,1.0,6859.0,342950.0,335.0,336.0
0.906508279075949,1.0,1.0,1.0,1.0,1.0,0.98,0.99,6693.0,334650.0,336.0,337.0
0.8733135063026659,1.0,1.0,1.0,1.0,1.0,1.0,1.0,7250.0,362500.0,337.0,338.0
0.8642907761017896,1.0,1.0,1.0,1.0,1.0,1.0,1.0,7750.0,387500.0,338.0,339.0
0.8747558253407408,1.0,1.0,1.0,1.0,1.0,1.0,0.99,7729.0,386450.0,339.0,340.0
0.8875434839101185,1.0,1.0,1.0,1.0,1.0,1.0,1.0,7401.0,370050.0,340.0,341.0
0.9150127406562301,1.0,1.0,1.0,1.0,0.9,0.96,0.98,7285.0,364250.0,341.0,342.0
0.9068817160237906,1.0,1.0,1.0,1.0,1.0,1.0,1.0,7854.0,392700.0,342.0,343.0
0.8923127563795648,1.0,1.0,1.0,1.0,1.0,1.0,0.99,7893.0,394650.0,343.0,344.0
0.9010974448553992,1.0,1.0,1.0,1.0,0.9,0.96,0.98,7551.0,377550.0,344.0,345.0
0.8969561174721924,1.0,1.0,1.0,1.0,1.0,1.0,1.0,7384.0,369200.0,345.0,346.0
0.8692419444745993,1.0,1.0,1.0,1.0,1.0,1.0,1.0,7005.0,350250.0,346.0,347.0
0.8844248541296216,1.0,1.0,1.0,1.0,1.0,1.0,0.99,6742.0,337100.0,347.0,348.0
0.876969728920526,1.0,1.0,1.0,1.0,1.0,1.0,0.99,6569.0,328450.0,348.0,349.0
0.8702413682417323,1.0,1.0,1.0,1.0,0.9,0.98,0.99,7325.0,366250.0,349.0,350.0
0.8702803667366719,1.0,1.0,1.0,1.0,1.0,1.0,1.0,7616.0,380800.0,350.0,351.0
0.8871524289361988,1.0,1.0,1.0,1.0,1.0,1.0,1.0,8025.0,401250.0,351.0,352.0
0.8660518485540943,1.0,1.0,1.0,1.0,1.0,1.0,0.98,7899.0,394950.0,352.0,353.0
0.8936335343485745,1.0,1.0,1.0,1.0,0.9,0.98,0.99,7560.0,378000.0,353.0,354.0
0.8709809137330171,1.0,1.0,1.0,1.0,1.0,1.0,1.0,7922.0,396100.0,354.0,355.0
0.9127774887996615,1.0,1.0,1.0,1.0,1.0,1.0,0.99,7852.0,392600.0,355.0,356.0
0.8485254780272024,1.0,1.0,1.0,1.0,1.0,0.98,0.99,7017.0,350850.0,356.0,357.0
0.884790444288924,1.0,1.0,1.0,1.0,1.0,1.0,0.99,7846.0,392300.0,357.0,358.0
0.8894745664863738,1.0,1.0,1.0,1.0,1.0,1.0,0.99,7171.0,358550.0,358.0,359.0
0.8963790253053439,1.0,1.0,1.0,1.0,1.0,1.0,1.0,7604.0,380200.0,359.0,360.0
0.9105856401003545,1.0,1.0,1.0,1.0,1.0,0.98,0.99,7139.0,356950.0,360.0,361.0
0.8996069013805983,0.5,1.0,1.0,1.0,0.9,0.96,0.98,7470.0,373500.0,361.0,362.0
0.8982010524400057,1.0,1.0,1.0,1.0,0.9,0.96,0.98,6915.0,345750.0,362.0,363.0
0.8895071929042371,1.0,1.0,1.0,1.0,1.0,1.0,1.0,7232.0,361600.0,363.0,364.0
0.9013254667165148,1.0,1.0,1.0,1.0,1.0,0.98,0.99,6772.0,338600.0,364.0,365.0
0.8783245589015627,1.0,1.0,1.0,1.0,1.0,1.0,1.0,7082.0,354100.0,365.0,366.0
0.8764621688033248,1.0,1.0,1.0,1.0,1.0,0.98,0.98,7789.0,389450.0,366.0,367.0
0.9139289424883819,1.0,1.0,1.0,1.0,1.0,1.0,1.0,6850.0,342500.0,367.0,368.0
0.8911843182349796,1.0,1.0,1.0,1.0,1.0,1.0,1.0,7050.0,352500.0,368.0,369.0
0.8849127089576102,1.0,1.0,1.0,1.0,1.0,1.0,1.0,7666.0,383300.0,369.0,370.0
0.9002087843777614,1.0,1.0,1.0,1.0,0.9,0.98,0.99,7317.0,365850.0,370.0,371.0
0.8841643335651529,1.0,1.0,1.0,1.0,1.0,0.98,0.99,7142.0,357100.0,371.0,372.0
0.8673304788209214,1.0,1.0,1.0,1.0,1.0,1.0,1.0,6677.0,333850.0,372.0,373.0
0.9047730291631912,1.0,1.0,1.0,1.0,1.0,1.0,1.0,6902.0,345100.0,373.0,374.0
0.8856033376290241,1.0,1.0,1.0,1.0,0.9,0.98,0.99,6665.0,333250.0,374.0,375.0
0.8485019759625034,0.5,1.0,1.0,1.0,0.9,0.98,0.99,6923.0,346150.0,375.0,376.0
0.8822632949875537,1.0,1.0,1.0,1.0,1.0,0.96,0.98,6810.0,340500.0,376.0,377.0
0.8987529636523018,1.0,1.0,1.0,1.0,1.0,1.0,0.99,7209.0,360450.0,377.0,378.0
0.8919568115395458,1.0,1.0,1.0,1.0,1.0,1.0,0.98,7594.0,379700.0,378.0,379.0
0.8672562563801233,1.0,1.0,1.0,1.0,1.0,1.0,1.0,7112.0,355600.0,379.0,380.0
0.8746207786649719,1.0,1.0,1.0,1.0,1.0,1.0,1.0,6893.0,344650.0,380.0,381.0
0.8645907653063082,1.0,1.0,1.0,1.0,1.0,0.98,0.99,7871.0,393550.0,381.0,382.0
0.8459284966900557,1.0,1.0,1.0,1.0,1.0,1.0,0.99,7623.0,381150.0,382.0,383.0
0.8847525229413983,1.0,1.0,1.0,1.0,1.0,1.0,1.0,7541.0,377050.0,383.0,384.0
0.886547028372833,1.0,1.0,1.0,1.0,1.0,1.0,1.0,7360.0,368000.0,384.0,385.0
0.8957135322970178,1.0,1.0,1.0,1.0,1.0,1.0,1.0,7535.0,376750.0,385.0,386.0
0.8506513226754806,1.0,1.0,1.0,1.0,1.0,0.98,0.99,7875.0,393750.0,386.0,387.0
0.8903601621227152,1.0,1.0,1.0,1.0,1.0,0.98,0.99,7068.0,353400.0,387.0,388.0
0.8816821616756397,1.0,1.0,1.0,1.0,1.0,1.0,1.0,7490.0,374500.0,388.0,389.0
0.8567171676779798,1.0,1.0,1.0,1.0,1.0,1.0,1.0,7913.0,395650.0,389.0,390.0
0.8836687653916598,1.0,1.0,1.0,1.0,1.0,1.0,1.0,7941.0,397050.0,390.0,391.0
0.8989340625285199,1.0,1.0,1.0,1.0,1.0,1.0,1.0,6986.0,349300.0,391.0,392.0
0.8762779712257303,1.0,1.0,1.0,1.0,1.0,1.0,0.99,6882.0,344100.0,392.0,393.0
0.8944504708478314,1.0,1.0,1.0,1.0,1.0,1.0,1.0,7498.0,374900.0,393.0,394.0
0.8950571637150527,1.0,1.0,1.0,1.0,1.0,0.94,0.97,7728.0,386400.0,394.0,395.0
0.89087632877143,1.0,1.0,1.0,1.0,1.0,1.0,1.0,7336.0,366800.0,395.0,396.0
0.9125260751679954,1.0,1.0,1.0,1.0,1.0,1.0,1.0,6892.0,344600.0,396.0,397.0
0.9128633891097305,1.0,1.0,1.0,1.0,1.0,1.0,1.0,6785.0,339250.0,397.0,398.0
0.8905376592305388,1.0,1.0,1.0,1.0,1.0,1.0,1.0,7524.0,376200.0,398.0,399.0
0.8915519869257368,1.0,1.0,1.0,1.0,1.0,1.0,0.99,8079.0,403950.0,399.0,400.0
0.8718237219877681,1.0,1.0,1.0,1.0,0.8,0.96,0.98,6908.0,345400.0,400.0,401.0
0.887252528874731,1.0,1.0,1.0,1.0,1.0,1.0,1.0,6447.0,322350.0,401.0,402.0
0.8950344540649602,1.0,1.0,1.0,1.0,1.0,1.0,0.99,7806.0,390300.0,402.0,403.0
0.8912219301823118,1.0,1.0,1.0,1.0,1.0,1.0,1.0,6964.0,348200.0,403.0,404.0
0.8773676085997298,1.0,1.0,1.0,1.0,1.0,1.0,1.0,7364.0,368200.0,404.0,405.0
0.8854601579087034,1.0,1.0,1.0,1.0,1.0,1.0,1.0,6677.0,333850.0,405.0,406.0
0.89323083876535,0.5,1.0,1.0,1.0,0.9,0.98,0.98,7336.0,366800.0,406.0,407.0
0.8847204438678561,0.5,1.0,1.0,1.0,0.9,0.98,0.99,7670.0,383500.0,407.0,408.0
0.8916254569502906,0.5,1.0,1.0,1.0,0.8,0.96,0.98,6919.0,345950.0,408.0,409.0
0.8797049013659861,1.0,1.0,1.0,1.0,1.0,1.0,1.0,6648.0,332400.0,409.0,410.0
0.893031549142751,1.0,1.0,1.0,1.0,1.0,1.0,0.99,7140.0,357000.0,410.0,411.0
0.9055264872427302,1.0,1.0,1.0,1.0,1.0,0.98,0.99,6574.0,328700.0,411.0,412.0
0.893745318336936,1.0,1.0,1.0,1.0,1.0,1.0,1.0,6546.0,327300.0,412.0,413.0
0.9057075063842372,1.0,1.0,1.0,1.0,1.0,1.0,1.0,6698.0,334900.0,413.0,414.0
0.8635239872199152,1.0,1.0,1.0,1.0,1.0,1.0,1.0,7259.0,362950.0,414.0,415.0
0.9143880028783753,1.0,1.0,1.0,1.0,1.0,1.0,1.0,6913.0,345650.0,415.0,416.0
0.8743833277749357,1.0,1.0,1.0,1.0,1.0,1.0,0.99,7723.0,386150.0,416.0,417.0
0.8694861140329786,1.0,1.0,1.0,1.0,1.0,1.0,1.0,7342.0,367100.0,417.0,418.0
0.896192524519031,1.0,1.0,1.0,1.0,1.0,0.96,0.98,6900.0,345000.0,418.0,419.0
0.9107046244934187,1.0,1.0,1.0,1.0,1.0,0.98,0.98,7221.0,361050.0,419.0,420.0
0.9054903459312598,1.0,1.0,1.0,1.0,1.0,1.0,0.98,7348.0,367400.0,420.0,421.0
0.8911538483977737,1.0,1.0,1.0,1.0,1.0,0.98,0.99,7592.0,379600.0,421.0,422.0
0.8993642268912787,1.0,1.0,1.0,1.0,0.9,0.98,0.99,7401.0,370050.0,422.0,423.0
0.8869090190659201,1.0,1.0,1.0,1.0,1.0,1.0,1.0,6978.0,348900.0,423.0,424.0
0.894039125395503,1.0,1.0,1.0,1.0,1.0,1.0,1.0,7762.0,388100.0,424.0,425.0
0.8772955720515583,1.0,1.0,1.0,1.0,1.0,1.0,1.0,7696.0,384800.0,425.0,426.0
0.9027396911908913,1.0,1.0,1.0,1.0,1.0,0.98,0.99,7104.0,355200.0,426.0,427.0
0.8887542740122303,1.0,1.0,1.0,1.0,1.0,0.98,0.99,6910.0,345500.0,427.0,428.0
0.9065816211361095,1.0,1.0,1.0,1.0,1.0,1.0,1.0,6770.0,338500.0,428.0,429.0
0.8927473892707907,0.2,1.0,1.0,1.0,0.6,0.92,0.96,7304.0,365200.0,429.0,430.0
0.8912594440985533,0.5,1.0,1.0,1.0,0.9,0.98,0.99,7782.0,389100.0,430.0,431.0
0.8678081008283649,1.0,1.0,1.0,1.0,1.0,1.0,1.0,7782.0,389100.0,431.0,432.0
0.8623529180087139,1.0,1.0,1.0,1.0,1.0,1.0,0.99,7948.0,397400.0,432.0,433.0
0.8608151716975043,1.0,1.0,1.0,1.0,1.0,1.0,1.0,6676.0,333800.0,433.0,434.0
0.8383400542094426,1.0,1.0,1.0,1.0,0.9,0.98,0.98,7653.0,382650.0,434.0,435.0
0.888019268814117,1.0,1.0,1.0,1.0,1.0,1.0,0.99,7443.0,372150.0,435.0,436.0
0.8822148607028246,1.0,1.0,1.0,1.0,0.8,0.94,0.96,7432.0,371600.0,436.0,437.0
0.8421858366178075,1.0,1.0,1.0,1.0,1.0,0.98,0.99,6772.0,338600.0,437.0,438.0
0.8710071398329102,1.0,1.0,1.0,1.0,1.0,1.0,0.99,7142.0,357100.0,438.0,439.0
0.8567992650022801,1.0,1.0,1.0,1.0,1.0,0.98,0.99,7075.0,353750.0,439.0,440.0
0.8769244592032494,1.0,1.0,1.0,1.0,1.0,0.92,0.96,7416.0,370800.0,440.0,441.0
0.8462272532827256,1.0,1.0,1.0,1.0,1.0,1.0,1.0,7707.0,385350.0,441.0,442.0
0.8701833451629365,1.0,1.0,1.0,1.0,1.0,0.98,0.99,7796.0,389800.0,442.0,443.0
0.8629039695708515,1.0,1.0,1.0,1.0,1.0,1.0,1.0,7578.0,378900.0,443.0,444.0
0.8596339687747186,1.0,1.0,1.0,1.0,1.0,0.98,0.98,7395.0,369750.0,444.0,445.0
0.8562071462288146,1.0,1.0,1.0,1.0,1.0,0.98,0.98,8255.0,412750.0,445.0,446.0
0.8768418749719282,1.0,1.0,1.0,1.0,0.9,0.98,0.99,8955.0,447750.0,446.0,447.0
0.883801253945079,1.0,1.0,1.0,1.0,1.0,1.0,1.0,7366.0,368300.0,447.0,448.0
0.8921739961486626,1.0,1.0,1.0,1.0,1.0,1.0,1.0,7283.0,364150.0,448.0,449.0
0.8900668771180413,1.0,1.0,1.0,1.0,0.9,0.98,0.98,7434.0,371700.0,449.0,450.0
0.9009006951812509,1.0,1.0,1.0,1.0,1.0,1.0,1.0,7068.0,353400.0,450.0,451.0
0.9029063912466695,1.0,1.0,1.0,1.0,1.0,1.0,1.0,7607.0,380350.0,451.0,452.0
0.9103160618538622,1.0,1.0,1.0,1.0,0.9,0.98,0.99,7588.0,379400.0,452.0,453.0
0.8803742835360967,1.0,1.0,1.0,1.0,1.0,1.0,1.0,7010.0,350500.0,453.0,454.0
0.8591590823610722,1.0,1.0,1.0,1.0,1.0,1.0,0.98,6940.0,347000.0,454.0,455.0
0.8786848502848978,1.0,1.0,1.0,1.0,1.0,0.98,0.98,7742.0,387100.0,455.0,456.0
0.9102205408322538,1.0,1.0,1.0,1.0,1.0,1.0,1.0,6886.0,344300.0,456.0,457.0
0.8872152901285542,1.0,1.0,1.0,1.0,1.0,1.0,1.0,6918.0,345900.0,457.0,458.0
0.8688324227940277,1.0,1.0,1.0,1.0,1.0,1.0,1.0,7249.0,362450.0,458.0,459.0
0.8797876240603277,1.0,1.0,1.0,1.0,1.0,1.0,1.0,8325.0,416250.0,459.0,460.0
0.8798238790616094,1.0,1.0,1.0,1.0,1.0,0.98,0.99,7435.0,371750.0,460.0,461.0
0.8907603020229254,1.0,1.0,1.0,1.0,1.0,1.0,1.0,8249.0,412450.0,461.0,462.0
0.9024573119204532,1.0,1.0,1.0,1.0,1.0,1.0,1.0,7548.0,377400.0,462.0,463.0
0.8666900303060632,1.0,1.0,1.0,1.0,1.0,1.0,0.99,8431.0,421550.0,463.0,464.0
0.8716918503812842,1.0,1.0,1.0,1.0,1.0,1.0,0.99,7018.0,350900.0,464.0,465.0
0.8940637514365264,1.0,1.0,1.0,1.0,1.0,1.0,0.99,6794.0,339700.0,465.0,466.0
0.8888203089336759,1.0,1.0,1.0,1.0,1.0,0.98,0.99,6665.0,333250.0,466.0,467.0
0.8996952646734957,1.0,1.0,1.0,1.0,1.0,0.98,0.96,7313.0,365650.0,467.0,468.0
0.895194062268013,1.0,1.0,1.0,1.0,1.0,0.98,0.98,7323.0,366150.0,468.0,469.0
0.8909147655089212,1.0,1.0,1.0,1.0,0.8,0.96,0.98,8358.0,417900.0,469.0,470.0
0.8891852804159733,1.0,1.0,1.0,1.0,1.0,1.0,1.0,8536.0,426800.0,470.0,471.0
0.850467008629409,1.0,1.0,1.0,1.0,1.0,0.98,0.99,8383.0,419150.0,471.0,472.0
0.8725548799868807,1.0,1.0,1.0,1.0,1.0,1.0,0.99,8047.0,402350.0,472.0,473.0
0.8198825610925637,1.0,1.0,1.0,1.0,1.0,1.0,0.98,7634.0,381700.0,473.0,474.0
0.8776954579786965,1.0,1.0,1.0,1.0,1.0,1.0,0.99,6748.0,337400.0,474.0,475.0
0.8827446156684569,1.0,1.0,1.0,1.0,1.0,1.0,1.0,6895.0,344750.0,475.0,476.0
0.9038070263936165,1.0,1.0,1.0,1.0,1.0,1.0,1.0,6219.0,310950.0,476.0,477.0
0.9141870070549535,1.0,1.0,1.0,1.0,1.0,1.0,1.0,6268.0,313400.0,477.0,478.0
0.8831943987395197,1.0,1.0,1.0,1.0,1.0,1.0,1.0,7170.0,358500.0,478.0,479.0
0.8836573551056933,1.0,1.0,1.0,1.0,1.0,1.0,1.0,7307.0,365350.0,479.0,480.0
0.8623327517108962,1.0,1.0,1.0,1.0,1.0,1.0,1.0,8238.0,411900.0,480.0,481.0
0.8730549245508664,1.0,1.0,1.0,1.0,1.0,1.0,0.99,7762.0,388100.0,481.0,482.0
0.8817938002816654,1.0,1.0,1.0,1.0,1.0,1.0,0.99,7379.0,368950.0,482.0,483.0
0.8113013956378444,1.0,1.0,1.0,1.0,0.9,0.94,0.97,8097.0,404850.0,483.0,484.0
0.8345002888083568,1.0,1.0,1.0,1.0,1.0,1.0,1.0,7224.0,361200.0,484.0,485.0
0.8644589014520969,1.0,1.0,1.0,1.0,1.0,0.94,0.97,8076.0,403800.0,485.0,486.0
0.8879898265489797,1.0,1.0,1.0,1.0,1.0,1.0,1.0,7526.0,376300.0,486.0,487.0
0.8554625963990543,1.0,1.0,1.0,1.0,1.0,1.0,1.0,7121.0,356050.0,487.0,488.0
0.889723781071684,1.0,1.0,1.0,1.0,1.0,1.0,1.0,7320.0,366000.0,488.0,489.0
0.8949836074956629,1.0,1.0,1.0,1.0,1.0,1.0,1.0,7160.0,358000.0,489.0,490.0
0.8817958690704331,1.0,1.0,1.0,1.0,0.9,0.98,0.99,7240.0,362000.0,490.0,491.0
0.8916462009024668,1.0,1.0,1.0,1.0,1.0,0.98,0.99,7524.0,376200.0,491.0,492.0
0.8755321350722464,1.0,1.0,1.0,1.0,1.0,1.0,1.0,7195.0,359750.0,492.0,493.0
0.8722588142063408,1.0,1.0,1.0,1.0,1.0,1.0,1.0,6799.0,339950.0,493.0,494.0
0.849254389898684,1.0,1.0,1.0,1.0,1.0,0.98,0.99,6654.0,332700.0,494.0,495.0
0.8916431942128841,1.0,1.0,1.0,1.0,1.0,1.0,1.0,7151.0,357550.0,495.0,496.0
0.8832947305708249,1.0,1.0,1.0,1.0,1.0,1.0,1.0,6870.0,343500.0,496.0,497.0
0.8596020727452571,1.0,1.0,1.0,1.0,1.0,1.0,1.0,7696.0,384800.0,497.0,498.0
0.8859506088740284,1.0,1.0,1.0,1.0,1.0,1.0,1.0,6884.0,344200.0,498.0,499.0
0.8742110854494825,1.0,1.0,1.0,1.0,1.0,1.0,1.0,7919.0,395950.0,499.0,500.0
0.8955977134637864,1.0,1.0,1.0,1.0,1.0,1.0,1.0,6789.0,339450.0,500.0,501.0
0.8514827727033263,1.0,1.0,1.0,1.0,1.0,0.98,0.99,8057.0,402850.0,501.0,502.0
0.885970287656529,1.0,1.0,1.0,1.0,1.0,1.0,0.99,7317.0,365850.0,502.0,503.0
0.8681430357732242,1.0,1.0,1.0,1.0,0.9,0.98,0.99,7941.0,397050.0,503.0,504.0
0.8832317099455828,1.0,1.0,1.0,1.0,1.0,0.98,0.97,7382.0,369100.0,504.0,505.0
0.8493496014535438,1.0,1.0,1.0,1.0,0.9,0.98,0.98,7159.0,357950.0,505.0,506.0
0.8829352112501707,1.0,1.0,1.0,1.0,0.9,0.98,0.99,7229.0,361450.0,506.0,507.0
0.8586371563867321,1.0,1.0,1.0,1.0,1.0,1.0,0.98,8448.0,422400.0,507.0,508.0
0.8849843538058647,1.0,1.0,1.0,1.0,1.0,1.0,1.0,7978.0,398900.0,508.0,509.0
0.8940755896031237,1.0,1.0,1.0,1.0,1.0,1.0,1.0,7690.0,384500.0,509.0,510.0
0.8817486614048953,1.0,1.0,1.0,1.0,1.0,1.0,1.0,7511.0,375550.0,510.0,511.0
0.8779590886179798,1.0,1.0,1.0,1.0,0.8,0.96,0.98,7643.0,382150.0,511.0,512.0
0.882533670157186,1.0,1.0,1.0,1.0,1.0,1.0,1.0,6825.0,341250.0,512.0,513.0
0.8810561301460289,1.0,1.0,1.0,1.0,1.0,1.0,1.0,6828.0,341400.0,513.0,514.0
0.8633231772407274,1.0,1.0,1.0,1.0,1.0,1.0,1.0,6631.0,331550.0,514.0,515.0
0.8963553061944041,1.0,1.0,1.0,1.0,1.0,0.98,0.99,6373.0,318650.0,515.0,516.0
0.8873320085824538,1.0,1.0,1.0,1.0,1.0,1.0,0.99,6849.0,342450.0,516.0,517.0
0.8414841348038454,1.0,1.0,1.0,1.0,1.0,1.0,1.0,7351.0,367550.0,517.0,518.0
0.8283474029147152,1.0,1.0,1.0,1.0,0.9,0.98,0.99,6900.0,345000.0,518.0,519.0
0.8855398184918468,1.0,1.0,1.0,1.0,1.0,1.0,1.0,6696.0,334800.0,519.0,520.0
0.9000954439474087,1.0,1.0,1.0,1.0,1.0,1.0,1.0,7316.0,365800.0,520.0,521.0
0.895119166526175,1.0,1.0,1.0,1.0,1.0,0.98,0.99,7798.0,389900.0,521.0,522.0
0.9004610927789624,1.0,1.0,1.0,1.0,1.0,1.0,0.99,7021.0,351050.0,522.0,523.0
0.8916967933108938,1.0,1.0,1.0,1.0,1.0,1.0,1.0,7709.0,385450.0,523.0,524.0
0.9040770554947968,1.0,1.0,1.0,1.0,1.0,1.0,1.0,7550.0,377500.0,524.0,525.0
0.9085318898930539,1.0,1.0,1.0,1.0,1.0,1.0,1.0,7965.0,398250.0,525.0,526.0
0.8712560088238124,1.0,1.0,1.0,1.0,1.0,0.98,0.99,7325.0,366250.0,526.0,527.0
0.8924353073538884,1.0,1.0,1.0,1.0,1.0,0.98,0.99,7391.0,369550.0,527.0,528.0
0.8742497956319515,1.0,1.0,1.0,1.0,1.0,0.96,0.98,7643.0,382150.0,528.0,529.0
0.8831580563173352,1.0,1.0,1.0,1.0,1.0,1.0,1.0,7069.0,353450.0,529.0,530.0
0.8774773699619912,1.0,1.0,1.0,1.0,1.0,1.0,1.0,6539.0,326950.0,530.0,531.0
0.8947491191416173,1.0,1.0,1.0,1.0,1.0,1.0,1.0,6761.0,338050.0,531.0,532.0
0.8799997117508176,1.0,1.0,1.0,1.0,1.0,1.0,1.0,6436.0,321800.0,532.0,533.0
0.8830726123445559,1.0,1.0,1.0,1.0,0.8,0.96,0.98,7061.0,353050.0,533.0,534.0
0.8756947605443465,1.0,1.0,1.0,1.0,1.0,1.0,1.0,7198.0,359900.0,534.0,535.0
0.8904686699855655,1.0,1.0,1.0,1.0,1.0,1.0,1.0,7040.0,352000.0,535.0,536.0
0.8922661368312593,1.0,1.0,1.0,1.0,1.0,0.98,0.99,6889.0,344450.0,536.0,537.0
0.8832493080073109,1.0,1.0,1.0,1.0,1.0,1.0,1.0,6568.0,328400.0,537.0,538.0
0.892301556472583,1.0,1.0,1.0,1.0,1.0,0.98,0.99,7737.0,386850.0,538.0,539.0
0.8925431425352881,1.0,1.0,1.0,1.0,1.0,0.98,0.99,8021.0,401050.0,539.0,540.0
0.9106566607434385,1.0,1.0,1.0,1.0,1.0,1.0,1.0,8257.0,412850.0,540.0,541.0
0.8604570221383839,1.0,1.0,1.0,1.0,0.9,0.98,0.99,7151.0,357550.0,541.0,542.0
0.9119034965250085,1.0,1.0,1.0,1.0,1.0,0.98,0.99,7902.0,395100.0,542.0,543.0
0.8902271515105606,1.0,1.0,1.0,1.0,1.0,1.0,1.0,7641.0,382050.0,543.0,544.0
0.868450822708008,1.0,1.0,1.0,1.0,1.0,0.98,0.98,6729.0,336450.0,544.0,545.0
0.8700851156314944,1.0,1.0,1.0,1.0,1.0,1.0,1.0,6850.0,342500.0,545.0,546.0
0.8790492662965523,1.0,1.0,1.0,1.0,1.0,1.0,1.0,6887.0,344350.0,546.0,547.0
0.8830870302027373,1.0,1.0,1.0,1.0,1.0,0.98,0.99,6093.0,304650.0,547.0,548.0
0.8816658034551772,1.0,1.0,1.0,1.0,1.0,1.0,0.99,6355.0,317750.0,548.0,549.0
0.8409660097013185,1.0,1.0,1.0,1.0,1.0,1.0,1.0,7267.0,363350.0,549.0,550.0
0.8671100249283155,1.0,1.0,1.0,1.0,1.0,0.98,0.99,7260.0,363000.0,550.0,551.0
0.8497796074771125,1.0,1.0,1.0,1.0,1.0,0.98,0.98,8254.0,412700.0,551.0,552.0
0.8707406922099501,1.0,1.0,1.0,1.0,1.0,1.0,1.0,6615.0,330750.0,552.0,553.0
0.8617949333332484,1.0,1.0,1.0,1.0,1.0,1.0,0.99,7104.0,355200.0,553.0,554.0
0.8684666937014153,1.0,1.0,1.0,1.0,1.0,1.0,0.98,6953.0,347650.0,554.0,555.0
0.8989107248098369,1.0,1.0,1.0,1.0,1.0,0.98,0.99,7264.0,363200.0,555.0,556.0
0.8869044933804247,1.0,1.0,1.0,1.0,1.0,0.94,0.97,6826.0,341300.0,556.0,557.0
0.8730239661239847,1.0,1.0,1.0,1.0,1.0,1.0,1.0,6234.0,311700.0,557.0,558.0
0.8864276533538876,1.0,1.0,1.0,1.0,1.0,0.94,0.97,7163.0,358150.0,558.0,559.0
0.9096248180012338,1.0,1.0,1.0,1.0,0.9,0.98,0.98,7085.0,354250.0,559.0,560.0
0.8851781147205321,1.0,1.0,1.0,1.0,1.0,0.98,0.99,6626.0,331300.0,560.0,561.0
0.9063156294268634,1.0,1.0,1.0,1.0,1.0,1.0,0.99,8110.0,405500.0,561.0,562.0
0.8790234162459524,0.5,1.0,1.0,1.0,0.9,0.98,0.99,7903.0,395150.0,562.0,563.0
0.8927728132240513,1.0,1.0,1.0,1.0,1.0,1.0,0.99,7019.0,350950.0,563.0,564.0
0.8872707888574087,0.5,1.0,1.0,1.0,0.9,0.98,0.99,7399.0,369950.0,564.0,565.0
0.8497866603344202,1.0,1.0,1.0,1.0,1.0,1.0,0.96,8018.0,400900.0,565.0,566.0
0.8860157798129044,1.0,1.0,1.0,1.0,1.0,1.0,1.0,6578.0,328900.0,566.0,567.0
0.8949915304282893,1.0,1.0,1.0,1.0,1.0,1.0,1.0,6619.0,330950.0,567.0,568.0
0.8899342548877084,1.0,1.0,1.0,1.0,1.0,1.0,1.0,7268.0,363400.0,568.0,569.0
0.8640694110262894,1.0,1.0,1.0,1.0,1.0,1.0,0.99,8184.0,409200.0,569.0,570.0
0.8871634226394868,1.0,1.0,1.0,1.0,1.0,1.0,1.0,6908.0,345400.0,570.0,571.0
0.9068842886867347,1.0,1.0,1.0,1.0,0.9,0.98,0.97,6518.0,325900.0,571.0,572.0
0.8574246093471162,1.0,1.0,1.0,1.0,1.0,0.98,0.97,7054.0,352700.0,572.0,573.0
0.8542735489033388,1.0,1.0,1.0,1.0,1.0,0.98,0.99,7028.0,351400.0,573.0,574.0
0.8907599852308788,1.0,1.0,1.0,1.0,1.0,1.0,1.0,8997.0,449850.0,574.0,575.0
0.8846431038461413,1.0,1.0,1.0,1.0,1.0,1.0,0.99,7143.0,357150.0,575.0,576.0
0.9015517211085428,0.5,1.0,1.0,1.0,0.9,0.98,0.99,6496.0,324800.0,576.0,577.0
0.8926494191319149,1.0,1.0,1.0,1.0,1.0,1.0,0.99,7541.0,377050.0,577.0,578.0
0.8793584861484812,1.0,1.0,1.0,1.0,1.0,1.0,1.0,6960.0,348000.0,578.0,579.0
0.8914482986992379,1.0,1.0,1.0,1.0,1.0,1.0,1.0,6284.0,314200.0,579.0,580.0
0.8625258764948756,1.0,1.0,1.0,1.0,1.0,1.0,0.99,6254.0,312700.0,580.0,581.0
0.8989629230228392,1.0,1.0,1.0,1.0,1.0,1.0,1.0,7632.0,381600.0,581.0,582.0
0.8775302376136589,0.3333333333333333,1.0,1.0,1.0,0.7,0.94,0.97,7140.0,357000.0,582.0,583.0
0.8877883993507774,1.0,1.0,1.0,1.0,1.0,1.0,1.0,7580.0,379000.0,583.0,584.0
0.8909102744515578,1.0,1.0,1.0,1.0,1.0,1.0,1.0,7041.0,352050.0,584.0,585.0
0.8689616773471653,1.0,1.0,1.0,1.0,1.0,1.0,0.99,8204.0,410200.0,585.0,586.0
0.894632230926787,1.0,1.0,1.0,1.0,1.0,0.98,0.99,6990.0,349500.0,586.0,587.0
0.8592477082215678,1.0,1.0,1.0,1.0,1.0,1.0,1.0,7967.0,398350.0,587.0,588.0
0.8647202338298426,1.0,1.0,1.0,1.0,1.0,1.0,0.99,6861.0,343050.0,588.0,589.0
0.864589977866552,0.5,1.0,1.0,1.0,0.9,0.96,0.98,7153.0,357650.0,589.0,590.0
0.8360978094518929,1.0,1.0,1.0,1.0,1.0,0.98,0.96,8440.0,422000.0,590.0,591.0
0.8743463223025734,1.0,1.0,1.0,1.0,1.0,0.96,0.97,7656.0,382800.0,591.0,592.0
0.8327729523221648,1.0,1.0,1.0,1.0,1.0,1.0,1.0,7470.0,373500.0,592.0,593.0
0.882815098187671,1.0,1.0,1.0,1.0,1.0,1.0,1.0,7869.0,393450.0,593.0,594.0
0.8700149589520758,1.0,1.0,1.0,1.0,1.0,1.0,1.0,8140.0,407000.0,594.0,595.0
0.8685822616673091,1.0,1.0,1.0,1.0,1.0,1.0,0.99,6671.0,333550.0,595.0,596.0
0.9029018706860348,1.0,1.0,1.0,1.0,1.0,1.0,0.98,7829.0,391450.0,596.0,597.0
0.8666625314144389,1.0,1.0,1.0,1.0,1.0,0.98,0.98,7236.0,361800.0,597.0,598.0
0.8475842348338014,1.0,1.0,1.0,1.0,0.9,0.98,0.98,7286.0,364300.0,598.0,599.0
0.8490382887819726,1.0,1.0,1.0,1.0,0.9,0.98,0.97,6662.0,333100.0,599.0,600.0
0.865204999913414,1.0,1.0,1.0,1.0,1.0,1.0,1.0,7809.0,390450.0,600.0,601.0
0.8635704659462589,1.0,1.0,1.0,1.0,0.8,0.96,0.98,7060.0,353000.0,601.0,602.0
0.8591911980605492,1.0,1.0,1.0,1.0,1.0,1.0,1.0,7221.0,361050.0,602.0,603.0
0.8668832653917816,1.0,1.0,1.0,1.0,1.0,0.98,0.99,7980.0,399000.0,603.0,604.0
0.8281470927527064,1.0,1.0,1.0,1.0,1.0,1.0,1.0,7395.0,369750.0,604.0,605.0
0.8398361712641712,1.0,1.0,1.0,1.0,1.0,1.0,1.0,7257.0,362850.0,605.0,606.0
0.8511910954444563,1.0,1.0,1.0,1.0,1.0,1.0,1.0,7534.0,376700.0,606.0,607.0
0.8719393101989227,1.0,1.0,1.0,1.0,1.0,1.0,1.0,7371.0,368550.0,607.0,608.0
0.8823531626808456,1.0,1.0,1.0,1.0,1.0,1.0,1.0,7184.0,359200.0,608.0,609.0
0.8691740040314556,1.0,1.0,1.0,1.0,1.0,1.0,1.0,6866.0,343300.0,609.0,610.0
0.884013275217746,1.0,1.0,1.0,1.0,1.0,1.0,0.99,7307.0,365350.0,610.0,611.0
0.8674749372392045,1.0,1.0,1.0,1.0,1.0,1.0,1.0,7757.0,387850.0,611.0,612.0
0.8484905716320088,1.0,1.0,1.0,1.0,1.0,1.0,1.0,6772.0,338600.0,612.0,613.0
0.8827771425246085,1.0,1.0,1.0,1.0,1.0,1.0,1.0,6445.0,322250.0,613.0,614.0
0.8791183662546412,1.0,1.0,1.0,1.0,1.0,1.0,1.0,7179.0,358950.0,614.0,615.0
0.8964919164414535,1.0,1.0,1.0,1.0,1.0,1.0,0.99,6575.0,328750.0,615.0,616.0
0.8884732086601389,1.0,1.0,1.0,1.0,1.0,1.0,1.0,5929.0,296450.0,616.0,617.0
0.8715220903382431,1.0,1.0,1.0,1.0,1.0,1.0,1.0,7689.0,384450.0,617.0,618.0
0.8941305107074738,1.0,1.0,1.0,1.0,1.0,1.0,1.0,7708.0,385400.0,618.0,619.0
0.8611838362771856,1.0,1.0,1.0,1.0,1.0,1.0,1.0,6906.0,345300.0,619.0,620.0
0.8745927861901932,1.0,1.0,1.0,1.0,1.0,1.0,1.0,7569.0,378450.0,620.0,621.0
0.9048770742371984,1.0,1.0,1.0,1.0,1.0,1.0,0.99,8680.0,434000.0,621.0,622.0
0.8986694421457526,1.0,1.0,1.0,1.0,1.0,0.98,0.99,7604.0,380200.0,622.0,623.0
0.9008580215127893,1.0,1.0,1.0,1.0,1.0,1.0,1.0,7065.0,353250.0,623.0,624.0
0.9049373753909633,1.0,1.0,1.0,1.0,1.0,0.98,0.99,7292.0,364600.0,624.0,625.0
0.8880118233501216,1.0,1.0,1.0,1.0,1.0,1.0,0.98,6404.0,320200.0,625.0,626.0
0.8589872940762959,1.0,1.0,1.0,1.0,1.0,0.98,0.99,6919.0,345950.0,626.0,627.0
0.8736116109764903,1.0,1.0,1.0,1.0,1.0,0.96,0.97,7864.0,393200.0,627.0,628.0
0.8648190429822,1.0,1.0,1.0,1.0,1.0,0.98,0.99,7204.0,360200.0,628.0,629.0
0.867688212970525,1.0,1.0,1.0,1.0,0.9,0.92,0.96,7890.0,394500.0,629.0,630.0
0.89878521261294,1.0,1.0,1.0,1.0,1.0,1.0,1.0,8131.0,406550.0,630.0,631.0
0.8911636429704916,1.0,1.0,1.0,1.0,1.0,1.0,0.99,6887.0,344350.0,631.0,632.0
0.8935176851988633,1.0,1.0,1.0,1.0,1.0,1.0,1.0,8248.0,412400.0,632.0,633.0
0.8983140462052669,1.0,1.0,1.0,1.0,1.0,0.98,0.99,7267.0,363350.0,633.0,634.0
0.8914429574698545,1.0,1.0,1.0,1.0,1.0,0.98,0.99,7742.0,387100.0,634.0,635.0
0.8897715105903905,1.0,1.0,1.0,1.0,0.9,0.98,0.99,7780.0,389000.0,635.0,636.0
0.8671235327417026,1.0,1.0,1.0,1.0,1.0,0.94,0.97,7865.0,393250.0,636.0,637.0
0.8741357569822269,1.0,1.0,1.0,1.0,1.0,1.0,1.0,8344.0,417200.0,637.0,638.0
0.867997348317556,1.0,1.0,1.0,1.0,1.0,1.0,0.99,7071.0,353550.0,638.0,639.0
0.8943844947946102,1.0,1.0,1.0,1.0,1.0,1.0,1.0,7038.0,351900.0,639.0,640.0
0.8878127055493598,1.0,1.0,1.0,1.0,0.9,0.98,0.98,6624.0,331200.0,640.0,641.0
0.8906812550292758,1.0,1.0,1.0,1.0,1.0,0.98,0.99,6952.0,347600.0,641.0,642.0
0.8733212327982918,1.0,1.0,1.0,1.0,1.0,0.98,0.99,7544.0,377200.0,642.0,643.0
0.8524854800148186,1.0,1.0,1.0,1.0,1.0,0.98,0.99,7245.0,362250.0,643.0,644.0
0.8373967467338908,1.0,1.0,1.0,1.0,1.0,1.0,1.0,7421.0,371050.0,644.0,645.0
0.8773586117461412,1.0,1.0,1.0,1.0,0.9,0.98,0.99,7244.0,362200.0,645.0,646.0
0.8626708070817737,1.0,1.0,1.0,1.0,1.0,1.0,1.0,8306.0,415300.0,646.0,647.0
0.8831565583288551,1.0,1.0,1.0,1.0,1.0,0.98,0.96,7340.0,367000.0,647.0,648.0
0.893270132596305,1.0,1.0,1.0,1.0,1.0,0.96,0.97,7011.0,350550.0,648.0,649.0
0.8739413610499778,0.5,1.0,1.0,1.0,0.9,0.96,0.98,7827.0,391350.0,649.0,650.0
0.889133404990217,1.0,1.0,1.0,1.0,1.0,1.0,1.0,8043.0,402150.0,650.0,651.0
0.8752051108648238,1.0,1.0,1.0,1.0,1.0,1.0,1.0,8900.0,445000.0,651.0,652.0
0.8717645081200037,1.0,1.0,1.0,1.0,1.0,1.0,1.0,7089.0,354450.0,652.0,653.0
0.8908705705198933,1.0,1.0,1.0,1.0,1.0,1.0,1.0,7165.0,358250.0,653.0,654.0
0.8857147030784831,1.0,1.0,1.0,1.0,1.0,1.0,0.99,7370.0,368500.0,654.0,655.0
0.8779741133400134,1.0,1.0,1.0,1.0,1.0,1.0,1.0,7737.0,386850.0,655.0,656.0
0.9019460317169277,1.0,1.0,1.0,1.0,1.0,1.0,1.0,6574.0,328700.0,656.0,657.0
0.8563911396122986,1.0,1.0,1.0,1.0,0.9,0.98,0.99,8116.0,405800.0,657.0,658.0
0.8782023960667898,1.0,1.0,1.0,1.0,1.0,0.94,0.97,7091.0,354550.0,658.0,659.0
0.8448821616642906,1.0,1.0,1.0,1.0,1.0,0.98,0.99,6877.0,343850.0,659.0,660.0
0.8681067860552504,1.0,1.0,1.0,1.0,1.0,1.0,1.0,7353.0,367650.0,660.0,661.0
0.8763973799020263,1.0,1.0,1.0,1.0,1.0,1.0,1.0,6976.0,348800.0,661.0,662.0
0.8332450142091101,1.0,1.0,1.0,1.0,1.0,1.0,1.0,7813.0,390650.0,662.0,663.0
0.8243569398299316,1.0,1.0,1.0,1.0,1.0,1.0,1.0,7472.0,373600.0,663.0,664.0
0.8401268490931688,1.0,1.0,1.0,1.0,0.9,0.96,0.98,8135.0,406750.0,664.0,665.0
0.8676079458997344,1.0,1.0,1.0,1.0,1.0,1.0,1.0,7357.0,367850.0,665.0,666.0
0.8726076744816654,1.0,1.0,1.0,1.0,1.0,1.0,1.0,7226.0,361300.0,666.0,667.0
0.8715341302131948,1.0,1.0,1.0,1.0,1.0,0.98,0.99,7513.0,375650.0,667.0,668.0
0.8554772104878183,1.0,1.0,1.0,1.0,1.0,1.0,1.0,7118.0,355900.0,668.0,669.0
0.8845917971822186,1.0,1.0,1.0,1.0,1.0,1.0,1.0,6784.0,339200.0,669.0,670.0
0.8841600009637927,1.0,1.0,1.0,1.0,1.0,1.0,0.99,7918.0,395900.0,670.0,671.0
0.8969983116266379,1.0,1.0,1.0,1.0,1.0,0.98,0.99,9060.0,453000.0,671.0,672.0
0.8884237082527283,1.0,1.0,1.0,1.0,1.0,0.98,0.99,7430.0,371500.0,672.0,673.0
0.8887738421304344,1.0,1.0,1.0,1.0,1.0,1.0,1.0,6750.0,337500.0,673.0,674.0
0.8770075880514641,1.0,1.0,1.0,1.0,1.0,1.0,1.0,6809.0,340450.0,674.0,675.0
0.8682186955225211,1.0,1.0,1.0,1.0,1.0,1.0,1.0,7111.0,355550.0,675.0,676.0
0.8781808834547579,1.0,1.0,1.0,1.0,1.0,1.0,0.98,7295.0,364750.0,676.0,677.0
0.8430353878659113,1.0,1.0,1.0,1.0,1.0,1.0,1.0,7565.0,378250.0,677.0,678.0
0.8625817374418234,1.0,1.0,1.0,1.0,1.0,1.0,1.0,8060.0,403000.0,678.0,679.0
0.8666865467095578,1.0,1.0,1.0,1.0,1.0,1.0,1.0,7223.0,361150.0,679.0,680.0
0.8466715585463257,1.0,1.0,1.0,1.0,1.0,1.0,1.0,7635.0,381750.0,680.0,681.0
0.8811601772031313,1.0,1.0,1.0,1.0,1.0,1.0,0.99,8322.0,416100.0,681.0,682.0
0.8863078222580109,1.0,1.0,1.0,1.0,1.0,1.0,0.98,7601.0,380050.0,682.0,683.0
0.9052393726752465,1.0,1.0,1.0,1.0,1.0,1.0,0.99,8703.0,435150.0,683.0,684.0
0.8868781859453981,1.0,1.0,1.0,1.0,0.9,0.98,0.99,8625.0,431250.0,684.0,685.0
0.8946552252414222,1.0,1.0,1.0,1.0,1.0,0.98,0.99,9136.0,456800.0,685.0,686.0
0.863447594657699,1.0,1.0,1.0,1.0,1.0,1.0,0.99,7891.0,394550.0,686.0,687.0
0.8551933945701008,1.0,1.0,1.0,1.0,1.0,1.0,1.0,7130.0,356500.0,687.0,688.0
0.8546179852230353,1.0,1.0,1.0,1.0,1.0,1.0,1.0,7252.0,362600.0,688.0,689.0
0.8775045433615046,1.0,1.0,1.0,1.0,1.0,0.98,0.99,8029.0,401450.0,689.0,690.0
0.8987538310209856,1.0,1.0,1.0,1.0,1.0,1.0,0.99,6785.0,339250.0,690.0,691.0
0.886374420537892,1.0,1.0,1.0,1.0,1.0,1.0,1.0,8706.0,435300.0,691.0,692.0
0.8998767019343482,1.0,1.0,1.0,1.0,1.0,1.0,1.0,7068.0,353400.0,692.0,693.0
0.8670957402347186,1.0,1.0,1.0,1.0,0.8,0.96,0.98,6754.0,337700.0,693.0,694.0
0.8723999976872124,1.0,1.0,1.0,1.0,1.0,1.0,1.0,7275.0,363750.0,694.0,695.0
0.8915872228664807,1.0,1.0,1.0,1.0,1.0,0.96,0.98,6405.0,320250.0,695.0,696.0
0.9023444790048831,1.0,1.0,1.0,1.0,1.0,1.0,1.0,8958.0,447900.0,696.0,697.0
0.8912392938468117,0.5,1.0,1.0,1.0,0.9,0.98,0.99,7875.0,393750.0,697.0,698.0
0.8829537825035447,1.0,1.0,1.0,1.0,1.0,1.0,1.0,7387.0,369350.0,698.0,699.0
0.9120792487076449,1.0,1.0,1.0,1.0,1.0,1.0,1.0,7683.0,384150.0,699.0,700.0
0.8864630521852025,1.0,1.0,1.0,1.0,1.0,1.0,0.99,7778.0,388900.0,700.0,701.0
0.889930577286526,1.0,1.0,1.0,1.0,1.0,1.0,1.0,8467.0,423350.0,701.0,702.0
0.8807433288324721,1.0,1.0,1.0,1.0,0.8,0.96,0.97,8038.0,401900.0,702.0,703.0
0.8702096465474101,1.0,1.0,1.0,1.0,1.0,1.0,1.0,7699.0,384950.0,703.0,704.0
0.8936409399943006,1.0,1.0,1.0,1.0,1.0,1.0,1.0,6895.0,344750.0,704.0,705.0
0.8790325338215272,1.0,1.0,1.0,1.0,1.0,1.0,1.0,7838.0,391900.0,705.0,706.0
0.9039077351919281,1.0,1.0,1.0,1.0,1.0,1.0,1.0,7786.0,389300.0,706.0,707.0
0.9040638028761596,1.0,1.0,1.0,1.0,1.0,1.0,0.98,6477.0,323850.0,707.0,708.0
0.8920261875251443,1.0,1.0,1.0,1.0,1.0,1.0,1.0,6428.0,321400.0,708.0,709.0
0.8665214166698453,1.0,1.0,1.0,1.0,1.0,1.0,1.0,7497.0,374850.0,709.0,710.0
0.899501249034632,1.0,1.0,1.0,1.0,0.9,0.98,0.99,6685.0,334250.0,710.0,711.0
0.8905687317776266,1.0,1.0,1.0,1.0,1.0,1.0,0.98,7265.0,363250.0,711.0,712.0
0.8554070833324453,1.0,1.0,1.0,1.0,1.0,0.96,0.97,8187.0,409350.0,712.0,713.0
0.8660209285057067,1.0,1.0,1.0,1.0,1.0,1.0,1.0,7199.0,359950.0,713.0,714.0
0.8726322503221781,0.5,1.0,1.0,1.0,0.9,0.96,0.98,7253.0,362650.0,714.0,715.0
0.8933545821901574,1.0,1.0,1.0,1.0,1.0,1.0,1.0,6888.0,344400.0,715.0,716.0
0.8827822062487248,1.0,1.0,1.0,1.0,1.0,1.0,1.0,7246.0,362300.0,716.0,717.0
0.8772655709769642,1.0,1.0,1.0,1.0,1.0,1.0,1.0,6639.0,331950.0,717.0,718.0
0.8875685881609757,0.5,1.0,1.0,1.0,0.9,0.98,0.99,6693.0,334650.0,718.0,719.0
0.8638917861556589,1.0,1.0,1.0,1.0,1.0,1.0,0.99,7657.0,382850.0,719.0,720.0
0.8936521080539356,1.0,1.0,1.0,1.0,1.0,1.0,1.0,7642.0,382100.0,720.0,721.0
0.8799645377187701,1.0,1.0,1.0,1.0,0.9,0.98,0.99,7065.0,353250.0,721.0,722.0
0.8858363958155986,1.0,1.0,1.0,1.0,1.0,1.0,1.0,7109.0,355450.0,722.0,723.0
0.892855399555305,1.0,1.0,1.0,1.0,1.0,0.98,0.99,6238.0,311900.0,723.0,724.0
0.8757290716311871,1.0,1.0,1.0,1.0,0.8,0.96,0.98,6954.0,347700.0,724.0,725.0
0.8957148182074197,1.0,1.0,1.0,1.0,1.0,1.0,1.0,7028.0,351400.0,725.0,726.0
0.8917511886664253,1.0,1.0,1.0,1.0,1.0,0.96,0.98,6340.0,317000.0,726.0,727.0
0.872635471377817,1.0,1.0,1.0,1.0,1.0,0.98,0.99,6375.0,318750.0,727.0,728.0
0.8670846624489619,1.0,1.0,1.0,1.0,0.9,0.98,0.99,6438.0,321900.0,728.0,729.0
0.8760479669366916,1.0,1.0,1.0,1.0,1.0,1.0,1.0,7110.0,355500.0,729.0,730.0
0.8628043203974428,1.0,1.0,1.0,1.0,1.0,1.0,1.0,7226.0,361300.0,730.0,731.0
0.8921060164786211,1.0,1.0,1.0,1.0,1.0,1.0,1.0,7129.0,356450.0,731.0,732.0
0.9125292701311307,1.0,1.0,1.0,1.0,1.0,1.0,0.99,7178.0,358900.0,732.0,733.0
0.8961481169868477,1.0,1.0,1.0,1.0,1.0,0.98,0.99,8236.0,411800.0,733.0,734.0
0.9004988521219943,1.0,1.0,1.0,1.0,1.0,1.0,1.0,7782.0,389100.0,734.0,735.0
0.8966628648907568,1.0,1.0,1.0,1.0,1.0,1.0,0.99,6218.0,310900.0,735.0,736.0
0.8880164484867409,1.0,1.0,1.0,1.0,1.0,0.98,0.98,8128.0,406400.0,736.0,737.0
0.8099869423077902,1.0,1.0,1.0,1.0,1.0,0.98,0.99,8567.0,428350.0,737.0,738.0
0.8978949711324598,1.0,1.0,1.0,1.0,1.0,1.0,0.99,8501.0,425050.0,738.0,739.0
0.9080464420537527,0.5,1.0,1.0,1.0,0.9,0.98,0.99,8252.0,412600.0,739.0,740.0
0.9036856816890579,1.0,1.0,1.0,1.0,1.0,1.0,1.0,8112.0,405600.0,740.0,741.0
0.8976923176419456,1.0,1.0,1.0,1.0,1.0,1.0,1.0,7746.0,387300.0,741.0,742.0
0.8970505471972895,1.0,1.0,1.0,1.0,1.0,1.0,0.99,7341.0,367050.0,742.0,743.0
0.8697443696922541,1.0,1.0,1.0,1.0,1.0,1.0,1.0,7593.0,379650.0,743.0,744.0
0.904038873603293,1.0,1.0,1.0,1.0,1.0,1.0,1.0,7373.0,368650.0,744.0,745.0
0.8885869111661249,1.0,1.0,1.0,1.0,1.0,1.0,0.99,7573.0,378650.0,745.0,746.0
0.8922422947387693,1.0,1.0,1.0,1.0,1.0,1.0,1.0,9075.0,453750.0,746.0,747.0
0.8656790609265523,1.0,1.0,1.0,1.0,1.0,0.98,0.99,9051.0,452550.0,747.0,748.0
0.886578062236198,1.0,1.0,1.0,1.0,1.0,1.0,1.0,8188.0,409400.0,748.0,749.0
0.8501782577746293,1.0,1.0,1.0,1.0,1.0,1.0,1.0,7796.0,389800.0,749.0,750.0
0.8713608619791153,1.0,1.0,1.0,1.0,1.0,1.0,1.0,7967.0,398350.0,750.0,751.0
0.8779741040173643,1.0,1.0,1.0,1.0,1.0,1.0,1.0,9085.0,454250.0,751.0,752.0
0.8931631572804576,1.0,1.0,1.0,1.0,1.0,1.0,1.0,6963.0,348150.0,752.0,753.0
0.8907093399249539,1.0,1.0,1.0,1.0,1.0,1.0,1.0,6934.0,346700.0,753.0,754.0
0.8903014976076861,1.0,1.0,1.0,1.0,1.0,1.0,1.0,9496.0,474800.0,754.0,755.0
0.8769386065348302,1.0,1.0,1.0,1.0,1.0,0.96,0.98,7806.0,390300.0,755.0,756.0
0.857806169653249,1.0,1.0,1.0,1.0,1.0,1.0,0.99,7576.0,378800.0,756.0,757.0
0.890798886465206,1.0,1.0,1.0,1.0,1.0,1.0,1.0,7233.0,361650.0,757.0,758.0
0.8654424607828762,0.5,1.0,1.0,1.0,0.8,0.96,0.98,7318.0,365900.0,758.0,759.0
0.8763569208923885,1.0,1.0,1.0,1.0,1.0,1.0,1.0,7398.0,369900.0,759.0,760.0
0.8457384976906217,1.0,1.0,1.0,1.0,1.0,1.0,1.0,7478.0,373900.0,760.0,761.0
0.8800024625826344,1.0,1.0,1.0,1.0,1.0,1.0,0.99,6615.0,330750.0,761.0,762.0
0.8997626796472478,1.0,1.0,1.0,1.0,1.0,1.0,1.0,6613.0,330650.0,762.0,763.0
0.8982631602603274,1.0,1.0,1.0,1.0,1.0,1.0,0.99,7131.0,356550.0,763.0,764.0
0.8507663341455475,1.0,1.0,1.0,1.0,1.0,0.96,0.98,8208.0,410400.0,764.0,765.0
0.8714888258025514,1.0,1.0,1.0,1.0,1.0,0.98,0.99,7649.0,382450.0,765.0,766.0
0.8708023907671312,1.0,1.0,1.0,1.0,1.0,1.0,1.0,7338.0,366900.0,766.0,767.0
0.8241659715737063,1.0,1.0,1.0,1.0,1.0,1.0,1.0,7755.0,387750.0,767.0,768.0
0.8483099157038446,1.0,1.0,1.0,1.0,1.0,1.0,1.0,7625.0,381250.0,768.0,769.0
0.8706234571439284,1.0,1.0,1.0,1.0,0.9,0.94,0.97,7174.0,358700.0,769.0,770.0
0.8936813951448203,1.0,1.0,1.0,1.0,1.0,1.0,0.99,6878.0,343900.0,770.0,771.0
0.8782322247153267,1.0,1.0,1.0,1.0,1.0,1.0,1.0,7454.0,372700.0,771.0,772.0
0.8653339625236574,1.0,1.0,1.0,1.0,1.0,1.0,0.99,7371.0,368550.0,772.0,773.0
0.8663073753582544,1.0,1.0,1.0,1.0,1.0,0.98,0.99,6949.0,347450.0,773.0,774.0
0.8435917044726414,1.0,1.0,1.0,1.0,1.0,1.0,1.0,6871.0,343550.0,774.0,775.0
0.8611751450063437,1.0,1.0,1.0,1.0,1.0,1.0,1.0,7255.0,362750.0,775.0,776.0
0.859342765177637,1.0,1.0,1.0,1.0,1.0,0.98,0.99,6885.0,344250.0,776.0,777.0
0.8893079717132873,1.0,1.0,1.0,1.0,1.0,1.0,0.99,8332.0,416600.0,777.0,778.0
0.8904514022779001,1.0,1.0,1.0,1.0,1.0,0.98,0.99,8442.0,422100.0,778.0,779.0
0.8818467283449734,1.0,1.0,1.0,1.0,1.0,1.0,1.0,7538.0,376900.0,779.0,780.0
0.8848315373991719,1.0,1.0,1.0,1.0,1.0,1.0,1.0,6927.0,346350.0,780.0,781.0
0.8995434303531007,1.0,1.0,1.0,1.0,1.0,1.0,1.0,6585.0,329250.0,781.0,782.0
0.8975356763647999,1.0,1.0,1.0,1.0,1.0,1.0,1.0,6290.0,314500.0,782.0,783.0
0.879347817731802,1.0,1.0,1.0,1.0,1.0,1.0,0.99,6725.0,336250.0,783.0,784.0
0.8813646166636576,1.0,1.0,1.0,1.0,1.0,1.0,1.0,6678.0,333900.0,784.0,785.0
0.8612447569167532,1.0,1.0,1.0,1.0,1.0,1.0,0.99,7668.0,383400.0,785.0,786.0
0.8780104945178315,1.0,1.0,1.0,1.0,1.0,1.0,1.0,7998.0,399900.0,786.0,787.0
0.8984578081410494,1.0,1.0,1.0,1.0,1.0,0.96,0.98,7780.0,389000.0,787.0,788.0
0.8862305924648319,1.0,1.0,1.0,1.0,1.0,1.0,0.99,7351.0,367550.0,788.0,789.0
0.8674877688628502,1.0,1.0,1.0,1.0,1.0,0.98,0.99,6225.0,311250.0,789.0,790.0
0.8881798114973625,1.0,1.0,1.0,1.0,1.0,1.0,1.0,6570.0,328500.0,790.0,791.0
0.8727911838787159,1.0,1.0,1.0,1.0,1.0,1.0,0.98,7030.0,351500.0,791.0,792.0
0.8571553624294422,1.0,1.0,1.0,1.0,1.0,0.98,0.99,7645.0,382250.0,792.0,793.0
0.885438552428988,1.0,1.0,1.0,1.0,1.0,1.0,0.99,6855.0,342750.0,793.0,794.0
0.8704497653531116,1.0,1.0,1.0,1.0,1.0,1.0,1.0,6998.0,349900.0,794.0,795.0
0.9108841976291469,0.5,1.0,1.0,1.0,0.9,0.98,0.99,7664.0,383200.0,795.0,796.0
0.8539286894673265,1.0,1.0,1.0,1.0,1.0,1.0,1.0,7708.0,385400.0,796.0,797.0
0.8644717143077698,1.0,1.0,1.0,1.0,1.0,0.98,0.98,7190.0,359500.0,797.0,798.0
0.8858824414074146,0.5,1.0,1.0,1.0,0.9,0.98,0.99,7085.0,354250.0,798.0,799.0
0.8628585404292384,1.0,1.0,1.0,1.0,1.0,0.98,0.99,7015.0,350750.0,799.0,800.0
0.8756893546649804,1.0,1.0,1.0,1.0,1.0,1.0,1.0,7951.0,397550.0,800.0,801.0
0.8839952893142762,0.5,1.0,1.0,1.0,0.9,0.96,0.98,7909.0,395450.0,801.0,802.0
0.8912114934245983,1.0,1.0,1.0,1.0,1.0,1.0,0.99,6607.0,330350.0,802.0,803.0
0.8925741314544081,1.0,1.0,1.0,1.0,1.0,1.0,1.0,6496.0,324800.0,803.0,804.0
0.8838475612215608,1.0,1.0,1.0,1.0,1.0,0.98,0.99,7300.0,365000.0,804.0,805.0
0.888394019783972,1.0,1.0,1.0,1.0,1.0,1.0,0.99,7537.0,376850.0,805.0,806.0
0.8816683581602038,1.0,1.0,1.0,1.0,1.0,0.98,0.99,7761.0,388050.0,806.0,807.0
0.8691280183478184,1.0,1.0,1.0,1.0,1.0,1.0,1.0,7786.0,389300.0,807.0,808.0
0.8307509857549817,1.0,1.0,1.0,1.0,1.0,0.96,0.96,7472.0,373600.0,808.0,809.0
0.8604451418020692,1.0,1.0,1.0,1.0,1.0,1.0,1.0,7810.0,390500.0,809.0,810.0
0.9111919564494131,0.3333333333333333,1.0,1.0,1.0,0.8,0.96,0.98,8348.0,417400.0,810.0,811.0
0.8915053118096905,1.0,1.0,1.0,1.0,1.0,1.0,1.0,7488.0,374400.0,811.0,812.0
0.9022080200818026,1.0,1.0,1.0,1.0,1.0,1.0,1.0,7241.0,362050.0,812.0,813.0
0.852057807299684,1.0,1.0,1.0,1.0,1.0,1.0,0.99,7161.0,358050.0,813.0,814.0
0.8119747932966233,1.0,1.0,1.0,1.0,1.0,0.98,0.99,7380.0,369000.0,814.0,815.0
0.8477613069698132,1.0,1.0,1.0,1.0,1.0,1.0,1.0,7321.0,366050.0,815.0,816.0
0.8999717342439199,1.0,1.0,1.0,1.0,1.0,1.0,1.0,7730.0,386500.0,816.0,817.0
0.8653594460969871,1.0,1.0,1.0,1.0,1.0,1.0,1.0,7408.0,370400.0,817.0,818.0
0.8438912993812383,1.0,1.0,1.0,1.0,1.0,0.98,0.99,7464.0,373200.0,818.0,819.0
0.8299571265837865,1.0,1.0,1.0,1.0,0.9,0.98,0.99,7468.0,373400.0,819.0,820.0
0.877687974456706,1.0,1.0,1.0,1.0,1.0,1.0,1.0,8055.0,402750.0,820.0,821.0
0.8698090884566855,1.0,1.0,1.0,1.0,0.8,0.96,0.98,7089.0,354450.0,821.0,822.0
0.8595011048432122,1.0,1.0,1.0,1.0,1.0,1.0,1.0,7129.0,356450.0,822.0,823.0
0.8805007196380283,1.0,1.0,1.0,1.0,1.0,1.0,1.0,8012.0,400600.0,823.0,824.0
0.8844550480456311,1.0,1.0,1.0,1.0,1.0,1.0,1.0,6132.0,306600.0,824.0,825.0
0.8999755317985179,1.0,1.0,1.0,1.0,1.0,1.0,1.0,6867.0,343350.0,825.0,826.0
0.9010212521428723,0.5,1.0,1.0,1.0,0.6,0.92,0.96,6190.0,309500.0,826.0,827.0
0.9110230056387884,1.0,1.0,1.0,1.0,0.9,0.98,0.99,6225.0,311250.0,827.0,828.0
0.8997129065026537,1.0,1.0,1.0,1.0,0.8,0.96,0.98,6953.0,347650.0,828.0,829.0
0.869843417605691,1.0,1.0,1.0,1.0,0.9,0.9,0.94,6269.0,313450.0,829.0,830.0
0.8810373430909502,1.0,1.0,1.0,1.0,1.0,1.0,1.0,7009.0,350450.0,830.0,831.0
0.9128356034054731,1.0,1.0,1.0,1.0,1.0,1.0,1.0,6422.0,321100.0,831.0,832.0
0.8919693238854287,1.0,1.0,1.0,1.0,1.0,1.0,1.0,6923.0,346150.0,832.0,833.0
0.8834541552284907,1.0,1.0,1.0,1.0,1.0,1.0,1.0,6617.0,330850.0,833.0,834.0
0.8732958013140529,1.0,1.0,1.0,1.0,1.0,0.98,0.98,7234.0,361700.0,834.0,835.0
0.8789471369854888,1.0,1.0,1.0,1.0,1.0,0.98,0.99,6830.0,341500.0,835.0,836.0
0.8388746460983654,1.0,1.0,1.0,1.0,1.0,1.0,1.0,7834.0,391700.0,836.0,837.0
0.8820475550946897,1.0,1.0,1.0,1.0,1.0,1.0,0.99,7168.0,358400.0,837.0,838.0
0.8596859399726156,1.0,1.0,1.0,1.0,1.0,1.0,1.0,6667.0,333350.0,838.0,839.0
0.8912307604081865,1.0,1.0,1.0,1.0,1.0,1.0,1.0,6811.0,340550.0,839.0,840.0
0.8890547767189912,1.0,1.0,1.0,1.0,1.0,0.98,0.99,7473.0,373650.0,840.0,841.0
0.862147646832086,1.0,1.0,1.0,1.0,0.9,0.98,0.99,8081.0,404050.0,841.0,842.0
0.8884287400249729,1.0,1.0,1.0,1.0,1.0,1.0,1.0,8216.0,410800.0,842.0,843.0
0.8731468931800053,1.0,1.0,1.0,1.0,1.0,1.0,1.0,8428.0,421400.0,843.0,844.0
0.8890828750092915,1.0,1.0,1.0,1.0,1.0,1.0,1.0,8361.0,418050.0,844.0,845.0
0.875135727079393,1.0,1.0,1.0,1.0,1.0,1.0,0.99,7180.0,359000.0,845.0,846.0
0.8441866300697938,1.0,1.0,1.0,1.0,1.0,1.0,1.0,7881.0,394050.0,846.0,847.0
0.8350087235388004,1.0,1.0,1.0,1.0,1.0,1.0,1.0,7165.0,358250.0,847.0,848.0
0.8554006055470568,1.0,1.0,1.0,1.0,1.0,1.0,1.0,6968.0,348400.0,848.0,849.0
0.8541872420311167,1.0,1.0,1.0,1.0,1.0,1.0,1.0,7016.0,350800.0,849.0,850.0
0.8713208459621332,1.0,1.0,1.0,1.0,1.0,1.0,1.0,7020.0,351000.0,850.0,851.0
0.8946565942102133,1.0,1.0,1.0,1.0,1.0,1.0,1.0,7435.0,371750.0,851.0,852.0
0.8896780179840218,1.0,1.0,1.0,1.0,1.0,0.96,0.95,6652.0,332600.0,852.0,853.0
0.8584926487771094,1.0,1.0,1.0,1.0,1.0,1.0,1.0,7184.0,359200.0,853.0,854.0
0.8615547113150195,1.0,1.0,1.0,1.0,1.0,0.98,0.99,7473.0,373650.0,854.0,855.0
0.8621828609079173,1.0,1.0,1.0,1.0,1.0,0.96,0.97,6733.0,336650.0,855.0,856.0
0.8796161409850907,1.0,1.0,1.0,1.0,1.0,1.0,0.99,7308.0,365400.0,856.0,857.0
0.8821439571254187,1.0,1.0,1.0,1.0,1.0,1.0,1.0,7974.0,398700.0,857.0,858.0
0.8614090535385793,1.0,1.0,1.0,1.0,1.0,1.0,0.99,6641.0,332050.0,858.0,859.0
0.8735424609851944,0.5,1.0,1.0,1.0,0.9,0.98,0.99,6681.0,334050.0,859.0,860.0
0.7316330899400424,1.0,1.0,1.0,1.0,1.0,1.0,1.0,9651.0,482550.0,860.0,861.0
0.7279270893017753,1.0,1.0,1.0,1.0,1.0,1.0,1.0,7365.0,368250.0,861.0,862.0
0.7961466887094806,1.0,1.0,1.0,1.0,1.0,1.0,1.0,7762.0,388100.0,862.0,863.0
0.8208274296311222,1.0,1.0,1.0,1.0,1.0,0.96,0.97,7708.0,385400.0,863.0,864.0
0.8702480468320619,1.0,1.0,1.0,1.0,1.0,0.96,0.98,7814.0,390700.0,864.0,865.0
0.8959479467643701,1.0,1.0,1.0,1.0,1.0,1.0,1.0,7631.0,381550.0,865.0,866.0
0.8846889164415355,1.0,1.0,1.0,1.0,1.0,1.0,1.0,7022.0,351100.0,866.0,867.0
0.895472940434657,1.0,1.0,1.0,1.0,0.9,0.98,0.99,7459.0,372950.0,867.0,868.0
0.816834815950246,1.0,1.0,1.0,1.0,1.0,1.0,1.0,9240.0,462000.0,868.0,869.0
0.8506785720842636,1.0,1.0,1.0,1.0,1.0,1.0,1.0,8760.0,438000.0,869.0,870.0
0.8900317940458731,1.0,1.0,1.0,1.0,1.0,1.0,1.0,7494.0,374700.0,870.0,871.0
0.8833548421971734,1.0,1.0,1.0,1.0,1.0,1.0,1.0,7569.0,378450.0,871.0,872.0
0.903129836112144,1.0,1.0,1.0,1.0,1.0,1.0,1.0,6993.0,349650.0,872.0,873.0
0.903299740916407,1.0,1.0,1.0,1.0,1.0,1.0,1.0,7889.0,394450.0,873.0,874.0
0.8821922075515862,1.0,1.0,1.0,1.0,1.0,1.0,1.0,7461.0,373050.0,874.0,875.0
0.8887580781190451,1.0,1.0,1.0,1.0,1.0,1.0,1.0,8942.0,447100.0,875.0,876.0
0.8855702886586659,1.0,1.0,1.0,1.0,1.0,1.0,1.0,8371.0,418550.0,876.0,877.0
0.8824093544058144,1.0,1.0,1.0,1.0,1.0,1.0,1.0,8053.0,402650.0,877.0,878.0
0.8971999688839625,1.0,1.0,1.0,1.0,1.0,0.98,0.99,7483.0,374150.0,878.0,879.0
0.8979397498825135,1.0,1.0,1.0,1.0,0.8,0.96,0.98,7134.0,356700.0,879.0,880.0
0.8818049280137391,1.0,1.0,1.0,1.0,1.0,1.0,1.0,7127.0,356350.0,880.0,881.0
0.8897739696319217,1.0,1.0,1.0,1.0,1.0,1.0,1.0,6705.0,335250.0,881.0,882.0
0.9139705848889929,1.0,1.0,1.0,1.0,1.0,1.0,1.0,8149.0,407450.0,882.0,883.0
0.8992630231503838,1.0,1.0,1.0,1.0,0.9,0.98,0.98,7119.0,355950.0,883.0,884.0
0.8922706582677279,1.0,1.0,1.0,1.0,0.9,0.98,0.99,7093.0,354650.0,884.0,885.0
0.8751815400494548,1.0,1.0,1.0,1.0,1.0,1.0,0.99,7348.0,367400.0,885.0,886.0
0.8532189361999593,0.5,1.0,1.0,1.0,0.8,0.96,0.98,7986.0,399300.0,886.0,887.0
0.8754696084423317,1.0,1.0,1.0,1.0,1.0,1.0,0.99,7008.0,350400.0,887.0,888.0
0.8509674990576056,1.0,1.0,1.0,1.0,1.0,1.0,1.0,7143.0,357150.0,888.0,889.0
0.8677251275861957,1.0,1.0,1.0,1.0,1.0,1.0,1.0,7021.0,351050.0,889.0,890.0
0.8508222413963382,1.0,1.0,1.0,1.0,1.0,1.0,0.99,7171.0,358550.0,890.0,891.0
0.8709603485739918,1.0,1.0,1.0,1.0,0.9,0.98,0.99,7586.0,379300.0,891.0,892.0
0.8769342840365354,1.0,1.0,1.0,1.0,1.0,0.98,0.99,7199.0,359950.0,892.0,893.0
0.8903829717311811,1.0,1.0,1.0,1.0,1.0,1.0,1.0,7228.0,361400.0,893.0,894.0
0.8622928620722885,1.0,1.0,1.0,1.0,1.0,1.0,1.0,8227.0,411350.0,894.0,895.0
0.8797612149862435,1.0,1.0,1.0,1.0,1.0,1.0,0.99,8209.0,410450.0,895.0,896.0
0.878732976228729,1.0,1.0,1.0,1.0,1.0,1.0,1.0,7818.0,390900.0,896.0,897.0
0.8758277619842477,1.0,1.0,1.0,1.0,1.0,1.0,1.0,7535.0,376750.0,897.0,898.0
0.8586528221017816,1.0,1.0,1.0,1.0,1.0,1.0,1.0,7036.0,351800.0,898.0,899.0
0.8745437856958901,1.0,1.0,1.0,1.0,1.0,1.0,0.99,7437.0,371850.0,899.0,900.0
0.8619747861165612,1.0,1.0,1.0,1.0,1.0,0.94,0.97,7576.0,378800.0,900.0,901.0
0.8722703594424689,1.0,1.0,1.0,1.0,1.0,1.0,1.0,6431.0,321550.0,901.0,902.0
0.8769118958375942,1.0,1.0,1.0,1.0,1.0,1.0,0.98,7486.0,374300.0,902.0,903.0
0.8760632291775039,1.0,1.0,1.0,1.0,1.0,1.0,1.0,6453.0,322650.0,903.0,904.0
0.8533603431453437,1.0,1.0,1.0,1.0,1.0,1.0,1.0,6980.0,349000.0,904.0,905.0
0.8817765748817856,1.0,1.0,1.0,1.0,1.0,1.0,0.98,7148.0,357400.0,905.0,906.0
0.877041548513499,1.0,1.0,1.0,1.0,1.0,1.0,1.0,6642.0,332100.0,906.0,907.0
0.8897275244896987,1.0,1.0,1.0,1.0,1.0,1.0,0.99,7242.0,362100.0,907.0,908.0
0.9104790932023588,1.0,1.0,1.0,1.0,1.0,1.0,1.0,6431.0,321550.0,908.0,909.0
0.8917722623840928,1.0,1.0,1.0,1.0,1.0,1.0,0.99,7160.0,358000.0,909.0,910.0
0.8784813164453796,1.0,1.0,1.0,1.0,1.0,1.0,1.0,6856.0,342800.0,910.0,911.0
0.8922982776642319,1.0,1.0,1.0,1.0,1.0,1.0,0.99,7337.0,366850.0,911.0,912.0
0.8631534220476188,1.0,1.0,1.0,1.0,1.0,1.0,1.0,6730.0,336500.0,912.0,913.0
0.8766377003098956,1.0,1.0,1.0,1.0,0.9,0.98,0.99,7284.0,364200.0,913.0,914.0
0.8950867981934507,1.0,1.0,1.0,1.0,1.0,1.0,1.0,6941.0,347050.0,914.0,915.0
0.876955982420986,1.0,1.0,1.0,1.0,1.0,1.0,1.0,7552.0,377600.0,915.0,916.0
0.8753304700816968,1.0,1.0,1.0,1.0,1.0,0.94,0.97,7152.0,357600.0,916.0,917.0
0.8603713297648032,1.0,1.0,1.0,1.0,1.0,1.0,1.0,7273.0,363650.0,917.0,918.0
0.886034719592678,1.0,1.0,1.0,1.0,0.9,0.98,0.99,6983.0,349150.0,918.0,919.0
0.9114528158719686,1.0,1.0,1.0,1.0,1.0,1.0,0.99,7106.0,355300.0,919.0,920.0
0.8660095898619945,1.0,1.0,1.0,1.0,1.0,1.0,1.0,6864.0,343200.0,920.0,921.0
0.8477894152517959,1.0,1.0,1.0,1.0,1.0,1.0,1.0,7004.0,350200.0,921.0,922.0
0.8938387892072864,1.0,1.0,1.0,1.0,0.9,0.98,0.98,7315.0,365750.0,922.0,923.0
0.8784480139833617,1.0,1.0,1.0,1.0,0.9,0.98,0.99,6602.0,330100.0,923.0,924.0
0.9148834617393155,1.0,1.0,1.0,1.0,1.0,1.0,1.0,6898.0,344900.0,924.0,925.0
0.8849244458539534,1.0,1.0,1.0,1.0,1.0,1.0,1.0,6842.0,342100.0,925.0,926.0
0.8517185124441475,1.0,1.0,1.0,1.0,1.0,1.0,1.0,7030.0,351500.0,926.0,927.0
0.8751489571939376,1.0,1.0,1.0,1.0,1.0,1.0,1.0,6952.0,347600.0,927.0,928.0
0.9167113825854594,1.0,1.0,1.0,1.0,1.0,0.96,0.97,7609.0,380450.0,928.0,929.0
0.8977680645757795,1.0,1.0,1.0,1.0,0.9,0.98,0.98,6581.0,329050.0,929.0,930.0
0.913305187957027,1.0,1.0,1.0,1.0,1.0,0.98,0.99,6814.0,340700.0,930.0,931.0
0.8773447763464481,1.0,1.0,1.0,1.0,0.9,0.98,0.99,7288.0,364400.0,931.0,932.0
0.90306377632243,1.0,1.0,1.0,1.0,1.0,1.0,1.0,6491.0,324550.0,932.0,933.0
0.8923435043601207,1.0,1.0,1.0,1.0,1.0,1.0,1.0,6712.0,335600.0,933.0,934.0
0.8994525570538261,1.0,1.0,1.0,1.0,1.0,1.0,1.0,7451.0,372550.0,934.0,935.0
0.9015124257532836,1.0,1.0,1.0,1.0,1.0,1.0,1.0,7141.0,357050.0,935.0,936.0
0.9128708149955963,1.0,1.0,1.0,1.0,1.0,0.98,0.98,6876.0,343800.0,936.0,937.0
0.9070722487980483,1.0,1.0,1.0,1.0,1.0,0.98,0.99,8109.0,405450.0,937.0,938.0
0.8679015217382364,1.0,1.0,1.0,1.0,0.9,0.98,0.98,7826.0,391300.0,938.0,939.0
0.8727546417723763,1.0,1.0,1.0,1.0,1.0,1.0,1.0,7063.0,353150.0,939.0,940.0
0.8914872539467953,1.0,1.0,1.0,1.0,1.0,0.96,0.98,7048.0,352400.0,940.0,941.0
0.88390505972761,1.0,1.0,1.0,1.0,1.0,0.98,0.97,7092.0,354600.0,941.0,942.0
0.8299697188175906,1.0,1.0,1.0,1.0,1.0,1.0,1.0,7496.0,374800.0,942.0,943.0
0.9031056402361438,1.0,1.0,1.0,1.0,1.0,1.0,1.0,7495.0,374750.0,943.0,944.0
0.8910907098189261,1.0,1.0,1.0,1.0,1.0,1.0,1.0,6362.0,318100.0,944.0,945.0
0.8818566279425485,0.5,1.0,1.0,1.0,0.9,0.96,0.98,8242.0,412100.0,945.0,946.0
0.8775381297837069,1.0,1.0,1.0,1.0,1.0,0.98,0.99,7365.0,368250.0,946.0,947.0
0.8973046041947589,1.0,1.0,1.0,1.0,1.0,1.0,1.0,7658.0,382900.0,947.0,948.0
0.9019096502099795,1.0,1.0,1.0,1.0,1.0,1.0,1.0,6564.0,328200.0,948.0,949.0
0.8728996526521741,1.0,1.0,1.0,1.0,1.0,0.98,0.99,8059.0,402950.0,949.0,950.0
0.8999299980177308,1.0,1.0,1.0,1.0,1.0,1.0,1.0,8059.0,402950.0,950.0,951.0
0.9106448356665746,0.5,1.0,1.0,1.0,0.8,0.96,0.98,7838.0,391900.0,951.0,952.0
0.8958848137254245,1.0,1.0,1.0,1.0,1.0,1.0,1.0,7655.0,382750.0,952.0,953.0
0.8854633845300324,1.0,1.0,1.0,1.0,1.0,1.0,0.98,7439.0,371950.0,953.0,954.0
0.8935086650950979,1.0,1.0,1.0,1.0,1.0,1.0,1.0,8233.0,411650.0,954.0,955.0
0.8713066253780907,1.0,1.0,1.0,1.0,1.0,1.0,1.0,7901.0,395050.0,955.0,956.0
0.8729887666950985,1.0,1.0,1.0,1.0,1.0,1.0,1.0,7373.0,368650.0,956.0,957.0
0.8925202752129865,1.0,1.0,1.0,1.0,1.0,1.0,0.99,7065.0,353250.0,957.0,958.0
0.8988854294118829,1.0,1.0,1.0,1.0,1.0,1.0,0.99,6510.0,325500.0,958.0,959.0
0.8865915369332137,1.0,1.0,1.0,1.0,1.0,1.0,1.0,6999.0,349950.0,959.0,960.0
0.8896410827736692,1.0,1.0,1.0,1.0,1.0,0.98,0.99,7362.0,368100.0,960.0,961.0
0.8860513029134529,1.0,1.0,1.0,1.0,1.0,1.0,1.0,7473.0,373650.0,961.0,962.0
0.9034860000975408,1.0,1.0,1.0,1.0,1.0,1.0,1.0,7160.0,358000.0,962.0,963.0
0.8830571611477467,1.0,1.0,1.0,1.0,1.0,1.0,1.0,7562.0,378100.0,963.0,964.0
0.8977784754979978,1.0,1.0,1.0,1.0,1.0,1.0,1.0,6609.0,330450.0,964.0,965.0
0.8919416107278919,1.0,1.0,1.0,1.0,1.0,1.0,1.0,6486.0,324300.0,965.0,966.0
0.8497512617087615,1.0,1.0,1.0,1.0,1.0,1.0,1.0,7460.0,373000.0,966.0,967.0
0.6907153115493831,1.0,1.0,1.0,1.0,1.0,0.98,0.99,8898.0,444900.0,967.0,968.0
0.7168570901257842,1.0,1.0,1.0,1.0,1.0,1.0,1.0,8364.0,418200.0,968.0,969.0
0.8855529261567023,1.0,1.0,1.0,1.0,1.0,1.0,1.0,6700.0,335000.0,969.0,970.0
0.89347913658711,1.0,1.0,1.0,1.0,1.0,0.98,0.99,7444.0,372200.0,970.0,971.0
0.8562602650234332,1.0,1.0,1.0,1.0,1.0,0.98,0.99,7701.0,385050.0,971.0,972.0
0.8623043677780605,1.0,1.0,1.0,1.0,1.0,1.0,1.0,7535.0,376750.0,972.0,973.0
0.8706095685768719,0.5,1.0,1.0,1.0,0.9,0.98,0.99,7143.0,357150.0,973.0,974.0
0.8746180718829273,1.0,1.0,1.0,1.0,1.0,0.98,0.96,7037.0,351850.0,974.0,975.0
0.8877162960381663,1.0,1.0,1.0,1.0,1.0,1.0,0.98,7718.0,385900.0,975.0,976.0
0.8834491968842341,1.0,1.0,1.0,1.0,1.0,1.0,1.0,6894.0,344700.0,976.0,977.0
0.8926881230547393,1.0,1.0,1.0,1.0,1.0,1.0,1.0,7134.0,356700.0,977.0,978.0
0.8722849777857226,1.0,1.0,1.0,1.0,1.0,1.0,1.0,7642.0,382100.0,978.0,979.0
0.8857763255429488,1.0,1.0,1.0,1.0,1.0,1.0,0.99,8050.0,402500.0,979.0,980.0
0.8708105002001966,1.0,1.0,1.0,1.0,1.0,1.0,1.0,8053.0,402650.0,980.0,981.0
0.8830063825251676,1.0,1.0,1.0,1.0,1.0,1.0,1.0,8359.0,417950.0,981.0,982.0
0.8576973546537696,1.0,1.0,1.0,1.0,0.9,0.96,0.98,7831.0,391550.0,982.0,983.0
0.861176864571066,1.0,1.0,1.0,1.0,1.0,1.0,1.0,7526.0,376300.0,983.0,984.0
0.8521582388304663,1.0,1.0,1.0,1.0,1.0,1.0,1.0,7866.0,393300.0,984.0,985.0
0.8679600810721526,1.0,1.0,1.0,1.0,1.0,1.0,1.0,6749.0,337450.0,985.0,986.0
0.8975820646466895,1.0,1.0,1.0,1.0,1.0,0.98,0.98,6408.0,320400.0,986.0,987.0
0.9115602557885872,1.0,1.0,1.0,1.0,1.0,1.0,1.0,6577.0,328850.0,987.0,988.0
0.9193616111219783,1.0,1.0,1.0,1.0,1.0,1.0,0.98,6430.0,321500.0,988.0,989.0
0.9070068265718377,1.0,1.0,1.0,1.0,1.0,1.0,1.0,6986.0,349300.0,989.0,990.0
0.8777574068729881,1.0,1.0,1.0,1.0,1.0,1.0,1.0,7796.0,389800.0,990.0,991.0
0.8874305714860858,1.0,1.0,1.0,1.0,1.0,1.0,1.0,7363.0,368150.0,991.0,992.0
0.884842720877991,1.0,1.0,1.0,1.0,1.0,1.0,0.99,6434.0,321700.0,992.0,993.0
0.8644024929699463,1.0,1.0,1.0,1.0,1.0,1.0,1.0,6908.0,345400.0,993.0,994.0
0.855800094216821,1.0,1.0,1.0,1.0,1.0,1.0,1.0,7493.0,374650.0,994.0,995.0
0.888125105789347,1.0,1.0,1.0,1.0,1.0,1.0,0.98,6741.0,337050.0,995.0,996.0
0.8994400257648395,1.0,1.0,1.0,1.0,1.0,0.98,0.99,6464.0,323200.0,996.0,997.0
0.8985213033250589,1.0,1.0,1.0,1.0,1.0,1.0,1.0,6085.0,304250.0,997.0,998.0
0.8933476130393886,1.0,1.0,1.0,1.0,1.0,1.0,1.0,6036.0,301800.0,998.0,999.0
0.888951857096643,1.0,1.0,1.0,1.0,1.0,1.0,1.0,6867.0,343350.0,999.0,1000.0
0.8887275289210311,1.0,1.0,1.0,1.0,1.0,1.0,1.0,7436.0,371800.0,1000.0,1001.0
0.896168423345079,1.0,1.0,1.0,1.0,0.9,0.98,0.99,7088.0,354400.0,1001.0,1002.0
0.9156971793413123,1.0,1.0,1.0,1.0,1.0,1.0,1.0,6061.0,303050.0,1002.0,1003.0
0.871773757818682,1.0,1.0,1.0,1.0,1.0,0.98,0.99,7009.0,350450.0,1003.0,1004.0
0.8799090257670246,1.0,1.0,1.0,1.0,1.0,1.0,1.0,7227.0,361350.0,1004.0,1005.0
0.9101982252249807,1.0,1.0,1.0,1.0,1.0,1.0,1.0,7509.0,375450.0,1005.0,1006.0
0.9088473729080856,1.0,1.0,1.0,1.0,1.0,1.0,1.0,6500.0,325000.0,1006.0,1007.0
0.9142615888480992,1.0,1.0,1.0,1.0,0.8,0.96,0.98,6838.0,341900.0,1007.0,1008.0
0.8666433937892615,1.0,1.0,1.0,1.0,0.9,0.96,0.97,7610.0,380500.0,1008.0,1009.0
0.9040553783614114,1.0,1.0,1.0,1.0,1.0,1.0,1.0,7311.0,365550.0,1009.0,1010.0
0.8792415489499629,1.0,1.0,1.0,1.0,1.0,1.0,1.0,7000.0,350000.0,1010.0,1011.0
0.8758125806812934,1.0,1.0,1.0,1.0,1.0,1.0,1.0,7290.0,364500.0,1011.0,1012.0
0.8916720610744696,1.0,1.0,1.0,1.0,1.0,1.0,1.0,6917.0,345850.0,1012.0,1013.0
0.8564762146775745,1.0,1.0,1.0,1.0,0.9,0.98,0.99,7511.0,375550.0,1013.0,1014.0
0.8861530065710616,1.0,1.0,1.0,1.0,1.0,1.0,1.0,7386.0,369300.0,1014.0,1015.0
0.8810957574952006,1.0,1.0,1.0,1.0,1.0,1.0,1.0,6878.0,343900.0,1015.0,1016.0
0.8818341749461687,1.0,1.0,1.0,1.0,1.0,0.98,0.99,7027.0,351350.0,1016.0,1017.0
0.8809117857928697,1.0,1.0,1.0,1.0,1.0,1.0,1.0,7368.0,368400.0,1017.0,1018.0
0.8941038749265646,1.0,1.0,1.0,1.0,0.9,0.98,0.98,7330.0,366500.0,1018.0,1019.0
0.896726197018333,1.0,1.0,1.0,1.0,1.0,0.98,0.98,7046.0,352300.0,1019.0,1020.0
0.8935567556823449,1.0,1.0,1.0,1.0,1.0,0.96,0.98,7330.0,366500.0,1020.0,1021.0
0.8976193820732734,1.0,1.0,1.0,1.0,1.0,1.0,1.0,6996.0,349800.0,1021.0,1022.0
0.8860092417386725,1.0,1.0,1.0,1.0,0.8,0.96,0.98,6493.0,324650.0,1022.0,1023.0
0.9090606189666358,1.0,1.0,1.0,1.0,1.0,0.96,0.98,7041.0,352050.0,1023.0,1024.0
0.887227945029419,0.5,1.0,1.0,1.0,0.9,0.98,0.99,6260.0,313000.0,1024.0,1025.0
0.8893630131187945,1.0,1.0,1.0,1.0,1.0,1.0,0.99,7584.0,379200.0,1025.0,1026.0
0.89698929693046,1.0,1.0,1.0,1.0,1.0,1.0,1.0,7411.0,370550.0,1026.0,1027.0
0.8956065598562515,1.0,1.0,1.0,1.0,1.0,1.0,1.0,7334.0,366700.0,1027.0,1028.0
0.8889356443560994,1.0,1.0,1.0,1.0,1.0,0.98,0.98,6889.0,344450.0,1028.0,1029.0
0.8903099318693732,1.0,1.0,1.0,1.0,1.0,0.98,0.99,6871.0,343550.0,1029.0,1030.0
0.7921709662106969,1.0,1.0,1.0,1.0,1.0,1.0,1.0,8180.0,409000.0,1030.0,1031.0
0.8804675701593319,1.0,1.0,1.0,1.0,1.0,1.0,1.0,7057.0,352850.0,1031.0,1032.0
0.9052505148827257,1.0,1.0,1.0,1.0,1.0,1.0,1.0,7023.0,351150.0,1032.0,1033.0
0.8852667510719854,1.0,1.0,1.0,1.0,0.9,0.98,0.99,6646.0,332300.0,1033.0,1034.0
0.8796412912812522,1.0,1.0,1.0,1.0,0.9,0.98,0.99,6657.0,332850.0,1034.0,1035.0
0.8786681488490757,1.0,1.0,1.0,1.0,1.0,1.0,0.99,6170.0,308500.0,1035.0,1036.0
0.8764351797671815,1.0,1.0,1.0,1.0,1.0,1.0,0.99,6796.0,339800.0,1036.0,1037.0
0.8657729177371821,1.0,1.0,1.0,1.0,1.0,0.98,0.99,7054.0,352700.0,1037.0,1038.0
0.8596048315101411,1.0,1.0,1.0,1.0,1.0,1.0,1.0,7578.0,378900.0,1038.0,1039.0
0.8613413782720214,1.0,1.0,1.0,1.0,1.0,1.0,1.0,6938.0,346900.0,1039.0,1040.0
0.8706100591042174,1.0,1.0,1.0,1.0,0.9,0.92,0.96,7414.0,370700.0,1040.0,1041.0
0.8457336756134277,1.0,1.0,1.0,1.0,1.0,0.98,0.98,7193.0,359650.0,1041.0,1042.0
0.8842180348236085,1.0,1.0,1.0,1.0,1.0,1.0,1.0,6973.0,348650.0,1042.0,1043.0
0.8839102827699735,0.5,1.0,1.0,1.0,0.9,0.98,0.99,6686.0,334300.0,1043.0,1044.0
0.8040352678004826,1.0,1.0,1.0,1.0,1.0,1.0,1.0,7932.0,396600.0,1044.0,1045.0
0.8826114846066896,1.0,1.0,1.0,1.0,1.0,0.88,0.94,6857.0,342850.0,1045.0,1046.0
0.8719758214346893,0.5,1.0,1.0,1.0,0.9,0.98,0.99,7739.0,386950.0,1046.0,1047.0
0.8860790878745736,1.0,1.0,1.0,1.0,1.0,1.0,0.99,7238.0,361900.0,1047.0,1048.0
0.8612450352453395,1.0,1.0,1.0,1.0,1.0,1.0,1.0,6994.0,349700.0,1048.0,1049.0
0.8676765584183124,1.0,1.0,1.0,1.0,1.0,1.0,1.0,6931.0,346550.0,1049.0,1050.0
0.8483177049385562,1.0,1.0,1.0,1.0,1.0,0.94,0.96,7188.0,359400.0,1050.0,1051.0
0.8717864012378683,1.0,1.0,1.0,1.0,1.0,1.0,0.99,7571.0,378550.0,1051.0,1052.0
0.8825917210274609,1.0,1.0,1.0,1.0,1.0,1.0,1.0,6585.0,329250.0,1052.0,1053.0
0.9018916774420573,1.0,1.0,1.0,1.0,1.0,1.0,1.0,8233.0,411650.0,1053.0,1054.0
0.8912318951583131,1.0,1.0,1.0,1.0,1.0,0.98,0.98,7204.0,360200.0,1054.0,1055.0
0.8814717954074583,1.0,1.0,1.0,1.0,1.0,1.0,1.0,6730.0,336500.0,1055.0,1056.0
0.8794741532661876,1.0,1.0,1.0,1.0,1.0,1.0,1.0,6659.0,332950.0,1056.0,1057.0
0.8947709667589022,1.0,1.0,1.0,1.0,1.0,1.0,1.0,7245.0,362250.0,1057.0,1058.0
0.8945651584206289,1.0,1.0,1.0,1.0,1.0,0.98,0.99,7929.0,396450.0,1058.0,1059.0
0.879200834197463,1.0,1.0,1.0,1.0,1.0,1.0,1.0,8235.0,411750.0,1059.0,1060.0
0.882352230023245,1.0,1.0,1.0,1.0,1.0,0.96,0.98,6965.0,348250.0,1060.0,1061.0
0.9080597123926617,0.5,1.0,1.0,1.0,0.9,0.98,0.99,6324.0,316200.0,1061.0,1062.0
0.8950737320533324,1.0,1.0,1.0,1.0,1.0,1.0,1.0,6528.0,326400.0,1062.0,1063.0
0.8972857971715315,1.0,1.0,1.0,1.0,1.0,1.0,1.0,6845.0,342250.0,1063.0,1064.0
0.9071658556310299,1.0,1.0,1.0,1.0,0.9,0.98,0.99,7460.0,373000.0,1064.0,1065.0
0.9131671611489394,1.0,1.0,1.0,1.0,1.0,1.0,0.99,6752.0,337600.0,1065.0,1066.0
0.8736521194135817,1.0,1.0,1.0,1.0,1.0,1.0,1.0,6938.0,346900.0,1066.0,1067.0
0.8503960877579836,1.0,1.0,1.0,1.0,1.0,1.0,1.0,6832.0,341600.0,1067.0,1068.0
0.8324313759852515,1.0,1.0,1.0,1.0,1.0,1.0,1.0,7681.0,384050.0,1068.0,1069.0
0.8496888210529019,1.0,1.0,1.0,1.0,1.0,0.9,0.95,7885.0,394250.0,1069.0,1070.0
0.8735588539846472,1.0,1.0,1.0,1.0,1.0,1.0,1.0,7207.0,360350.0,1070.0,1071.0
0.8761349760777676,1.0,1.0,1.0,1.0,1.0,1.0,1.0,7792.0,389600.0,1071.0,1072.0
0.8306099221987494,1.0,1.0,1.0,1.0,1.0,1.0,0.99,8595.0,429750.0,1072.0,1073.0
0.8336286180847917,1.0,1.0,1.0,1.0,1.0,1.0,1.0,7803.0,390150.0,1073.0,1074.0
0.8552578473465698,1.0,1.0,1.0,1.0,1.0,1.0,1.0,7485.0,374250.0,1074.0,1075.0
0.8507917753773325,1.0,1.0,1.0,1.0,1.0,1.0,1.0,7449.0,372450.0,1075.0,1076.0
0.830971545927773,1.0,1.0,1.0,1.0,1.0,1.0,1.0,7190.0,359500.0,1076.0,1077.0
0.8671203539027961,1.0,1.0,1.0,1.0,1.0,1.0,1.0,6948.0,347400.0,1077.0,1078.0
0.8666599231362722,1.0,1.0,1.0,1.0,1.0,1.0,1.0,7168.0,358400.0,1078.0,1079.0
0.8665028126872699,1.0,1.0,1.0,1.0,0.8,0.96,0.98,6972.0,348600.0,1079.0,1080.0
0.8726598444063908,1.0,1.0,1.0,1.0,1.0,1.0,1.0,7414.0,370700.0,1080.0,1081.0
0.8785179023316437,1.0,1.0,1.0,1.0,0.9,0.98,0.99,6496.0,324800.0,1081.0,1082.0
0.857868791562077,1.0,1.0,1.0,1.0,1.0,0.98,0.98,7577.0,378850.0,1082.0,1083.0
0.9046970466506965,1.0,1.0,1.0,1.0,1.0,0.98,0.98,7388.0,369400.0,1083.0,1084.0
0.8980636697638099,1.0,1.0,1.0,1.0,1.0,1.0,1.0,6868.0,343400.0,1084.0,1085.0
0.8865164353033486,1.0,1.0,1.0,1.0,1.0,1.0,1.0,6307.0,315350.0,1085.0,1086.0
0.8958377215425951,1.0,1.0,1.0,1.0,1.0,1.0,0.99,6746.0,337300.0,1086.0,1087.0
0.8852457304281395,1.0,1.0,1.0,1.0,1.0,0.98,0.99,7049.0,352450.0,1087.0,1088.0
0.8552878953581796,1.0,1.0,1.0,1.0,1.0,1.0,1.0,7438.0,371900.0,1088.0,1089.0
0.8616474736575843,1.0,1.0,1.0,1.0,1.0,1.0,1.0,6819.0,340950.0,1089.0,1090.0
0.8570951993754363,1.0,1.0,1.0,1.0,1.0,1.0,1.0,6878.0,343900.0,1090.0,1091.0
0.8748887924693419,1.0,1.0,1.0,1.0,1.0,0.98,0.99,8001.0,400050.0,1091.0,1092.0
0.8666978684951997,1.0,1.0,1.0,1.0,1.0,1.0,1.0,7687.0,384350.0,1092.0,1093.0
0.8756931909848928,1.0,1.0,1.0,1.0,1.0,1.0,1.0,6653.0,332650.0,1093.0,1094.0
0.8680925654783441,1.0,1.0,1.0,1.0,1.0,0.98,0.99,7267.0,363350.0,1094.0,1095.0
0.8959289087237503,1.0,1.0,1.0,1.0,1.0,1.0,1.0,6961.0,348050.0,1095.0,1096.0
0.8839321779069056,1.0,1.0,1.0,1.0,1.0,1.0,1.0,6895.0,344750.0,1096.0,1097.0
0.8472847936579381,1.0,1.0,1.0,1.0,1.0,1.0,1.0,7001.0,350050.0,1097.0,1098.0
0.886667105622935,1.0,1.0,1.0,1.0,1.0,1.0,1.0,6778.0,338900.0,1098.0,1099.0
0.8921112564078303,1.0,1.0,1.0,1.0,1.0,1.0,1.0,6904.0,345200.0,1099.0,1100.0
0.8797746614826758,1.0,1.0,1.0,1.0,0.9,0.98,0.98,6294.0,314700.0,1100.0,1101.0
0.8833541193501476,1.0,1.0,1.0,1.0,0.9,0.96,0.96,6562.0,328100.0,1101.0,1102.0
0.867561094183119,1.0,1.0,1.0,1.0,1.0,1.0,0.99,6811.0,340550.0,1102.0,1103.0
0.8839542980794606,1.0,1.0,1.0,1.0,1.0,1.0,1.0,6903.0,345150.0,1103.0,1104.0
0.8677534118957947,1.0,1.0,1.0,1.0,1.0,1.0,0.98,7662.0,383100.0,1104.0,1105.0
0.9077982168713046,1.0,1.0,1.0,1.0,1.0,1.0,0.99,8537.0,426850.0,1105.0,1106.0
0.8759319310086736,1.0,1.0,1.0,1.0,1.0,1.0,1.0,7384.0,369200.0,1106.0,1107.0
0.8815471540913987,1.0,1.0,1.0,1.0,1.0,1.0,1.0,6228.0,311400.0,1107.0,1108.0
0.8881975083473693,1.0,1.0,1.0,1.0,1.0,1.0,1.0,6321.0,316050.0,1108.0,1109.0
0.8694350459643166,1.0,1.0,1.0,1.0,1.0,1.0,1.0,6291.0,314550.0,1109.0,1110.0
0.8926727400007087,0.5,1.0,1.0,1.0,0.9,0.98,0.99,6837.0,341850.0,1110.0,1111.0
0.8702155942797254,1.0,1.0,1.0,1.0,1.0,1.0,1.0,7518.0,375900.0,1111.0,1112.0
0.8547622453457034,1.0,1.0,1.0,1.0,1.0,1.0,1.0,7308.0,365400.0,1112.0,1113.0
0.8858002897928259,1.0,1.0,1.0,1.0,1.0,1.0,1.0,7613.0,380650.0,1113.0,1114.0
0.8741837883319638,1.0,1.0,1.0,1.0,1.0,1.0,1.0,7427.0,371350.0,1114.0,1115.0
0.8663697410953171,1.0,1.0,1.0,1.0,1.0,1.0,0.99,7089.0,354450.0,1115.0,1116.0
0.8917284466784382,1.0,1.0,1.0,1.0,1.0,1.0,1.0,7337.0,366850.0,1116.0,1117.0
0.8688282839020158,1.0,1.0,1.0,1.0,1.0,1.0,1.0,7079.0,353950.0,1117.0,1118.0
0.8740664313866461,1.0,1.0,1.0,1.0,1.0,1.0,1.0,6615.0,330750.0,1118.0,1119.0
0.8959263701908191,1.0,1.0,1.0,1.0,1.0,1.0,0.98,6791.0,339550.0,1119.0,1120.0
0.8871750681195161,1.0,1.0,1.0,1.0,1.0,1.0,1.0,7378.0,368900.0,1120.0,1121.0
0.9072221111696361,1.0,1.0,1.0,1.0,1.0,1.0,1.0,7692.0,384600.0,1121.0,1122.0
0.8972641196750312,1.0,1.0,1.0,1.0,1.0,1.0,1.0,6630.0,331500.0,1122.0,1123.0
0.9041306548463008,1.0,1.0,1.0,1.0,1.0,1.0,0.99,6963.0,348150.0,1123.0,1124.0
0.867305288937745,1.0,1.0,1.0,1.0,1.0,1.0,1.0,7896.0,394800.0,1124.0,1125.0
0.8773461143861979,1.0,1.0,1.0,1.0,1.0,1.0,1.0,6999.0,349950.0,1125.0,1126.0
0.8485032568654411,1.0,1.0,1.0,1.0,1.0,1.0,1.0,6561.0,328050.0,1126.0,1127.0
0.8711757180435614,1.0,1.0,1.0,1.0,1.0,1.0,1.0,7129.0,356450.0,1127.0,1128.0
0.904580104073555,1.0,1.0,1.0,1.0,1.0,1.0,1.0,6810.0,340500.0,1128.0,1129.0
0.8866102478794186,1.0,1.0,1.0,1.0,1.0,1.0,1.0,7124.0,356200.0,1129.0,1130.0
0.8899297288361545,1.0,1.0,1.0,1.0,1.0,1.0,1.0,7183.0,359150.0,1130.0,1131.0
0.8687885351571895,1.0,1.0,1.0,1.0,1.0,0.98,0.99,7136.0,356800.0,1131.0,1132.0
0.8761378780061674,1.0,1.0,1.0,1.0,1.0,1.0,0.99,6751.0,337550.0,1132.0,1133.0
0.8909684648648255,1.0,1.0,1.0,1.0,1.0,1.0,1.0,7142.0,357100.0,1133.0,1134.0
0.8674284431244863,1.0,1.0,1.0,1.0,1.0,1.0,1.0,6267.0,313350.0,1134.0,1135.0
0.8792810400551717,1.0,1.0,1.0,1.0,1.0,0.98,0.99,6991.0,349550.0,1135.0,1136.0
0.881139321356938,1.0,1.0,1.0,1.0,1.0,1.0,1.0,6702.0,335100.0,1136.0,1137.0
0.8683688327140135,1.0,1.0,1.0,1.0,1.0,1.0,1.0,7901.0,395050.0,1137.0,1138.0
0.8774876965487844,1.0,1.0,1.0,1.0,1.0,1.0,1.0,7299.0,364950.0,1138.0,1139.0
0.8510539654654354,1.0,1.0,1.0,1.0,1.0,1.0,0.99,7444.0,372200.0,1139.0,1140.0
0.874237798359468,1.0,1.0,1.0,1.0,1.0,0.96,0.98,7092.0,354600.0,1140.0,1141.0
0.9051002173839542,1.0,1.0,1.0,1.0,0.8,0.94,0.97,7190.0,359500.0,1141.0,1142.0
0.8384209608848707,1.0,1.0,1.0,1.0,1.0,0.96,0.98,7653.0,382650.0,1142.0,1143.0
0.8604075051443076,1.0,1.0,1.0,1.0,1.0,1.0,1.0,7062.0,353100.0,1143.0,1144.0
0.8867525783032119,1.0,1.0,1.0,1.0,1.0,1.0,0.99,6588.0,329400.0,1144.0,1145.0
0.8376528922967043,1.0,1.0,1.0,1.0,1.0,1.0,1.0,8197.0,409850.0,1145.0,1146.0
0.8668103163747531,1.0,1.0,1.0,1.0,0.9,0.96,0.98,7952.0,397600.0,1146.0,1147.0
0.8335418448237641,1.0,1.0,1.0,1.0,1.0,1.0,1.0,7357.0,367850.0,1147.0,1148.0
0.8700822697013673,1.0,1.0,1.0,1.0,1.0,1.0,1.0,6397.0,319850.0,1148.0,1149.0
0.8887918244273966,1.0,1.0,1.0,1.0,1.0,1.0,0.99,6960.0,348000.0,1149.0,1150.0
0.9063175743735096,1.0,1.0,1.0,1.0,1.0,0.96,0.98,7390.0,369500.0,1150.0,1151.0
0.8717893905439428,1.0,1.0,1.0,1.0,1.0,1.0,1.0,6551.0,327550.0,1151.0,1152.0
0.8422203925416303,1.0,1.0,1.0,1.0,1.0,1.0,1.0,7100.0,355000.0,1152.0,1153.0
0.893480890141593,1.0,1.0,1.0,1.0,1.0,1.0,1.0,6618.0,330900.0,1153.0,1154.0
0.8641224825995566,1.0,1.0,1.0,1.0,1.0,0.98,0.99,6867.0,343350.0,1154.0,1155.0
0.8788840105788144,1.0,1.0,1.0,1.0,1.0,1.0,1.0,6874.0,343700.0,1155.0,1156.0
0.8678994031022581,1.0,1.0,1.0,1.0,1.0,1.0,0.99,6688.0,334400.0,1156.0,1157.0
0.797739723141306,1.0,1.0,1.0,1.0,1.0,1.0,1.0,7911.0,395550.0,1157.0,1158.0
0.8660960056649571,1.0,1.0,1.0,1.0,1.0,1.0,1.0,7399.0,369950.0,1158.0,1159.0
0.8839228068722048,1.0,1.0,1.0,1.0,1.0,1.0,1.0,7607.0,380350.0,1159.0,1160.0
0.9010459294242927,1.0,1.0,1.0,1.0,1.0,1.0,1.0,8014.0,400700.0,1160.0,1161.0
0.8830773100060436,1.0,1.0,1.0,1.0,1.0,1.0,1.0,7358.0,367900.0,1161.0,1162.0
0.82060007377574,1.0,1.0,1.0,1.0,1.0,1.0,1.0,7115.0,355750.0,1162.0,1163.0
0.8730060676800309,1.0,1.0,1.0,1.0,1.0,1.0,0.99,6799.0,339950.0,1163.0,1164.0
0.882898104781055,0.5,1.0,1.0,1.0,0.9,0.98,0.99,6505.0,325250.0,1164.0,1165.0
0.861811976727394,1.0,1.0,1.0,1.0,1.0,1.0,1.0,5621.0,281050.0,1165.0,1166.0
0.8721127874450414,1.0,1.0,1.0,1.0,1.0,1.0,1.0,6710.0,335500.0,1166.0,1167.0
0.8571165471384953,1.0,1.0,1.0,1.0,1.0,0.98,0.97,6769.0,338450.0,1167.0,1168.0
0.8958344190746154,1.0,1.0,1.0,1.0,1.0,1.0,0.99,6294.0,314700.0,1168.0,1169.0
0.8806055109584368,1.0,1.0,1.0,1.0,1.0,1.0,0.98,6431.0,321550.0,1169.0,1170.0
0.889589618599593,1.0,1.0,1.0,1.0,1.0,1.0,0.99,7158.0,357900.0,1170.0,1171.0
0.8928481134234708,1.0,1.0,1.0,1.0,0.9,0.98,0.99,7032.0,351600.0,1171.0,1172.0
0.8702511641397591,1.0,1.0,1.0,1.0,1.0,1.0,1.0,7840.0,392000.0,1172.0,1173.0
0.8785904062123199,1.0,1.0,1.0,1.0,1.0,1.0,0.98,6943.0,347150.0,1173.0,1174.0
0.9158422162984861,1.0,1.0,1.0,1.0,1.0,1.0,1.0,7865.0,393250.0,1174.0,1175.0
0.912943792687343,1.0,1.0,1.0,1.0,1.0,1.0,1.0,7385.0,369250.0,1175.0,1176.0
0.8909279914598461,1.0,1.0,1.0,1.0,1.0,1.0,1.0,6970.0,348500.0,1176.0,1177.0
0.9139607088199094,1.0,1.0,1.0,1.0,1.0,0.98,0.99,6557.0,327850.0,1177.0,1178.0
0.8731502425092901,1.0,1.0,1.0,1.0,1.0,1.0,1.0,7037.0,351850.0,1178.0,1179.0
0.9108325681604152,1.0,1.0,1.0,1.0,1.0,1.0,1.0,7575.0,378750.0,1179.0,1180.0
0.9005165386541053,1.0,1.0,1.0,1.0,1.0,0.98,0.99,7004.0,350200.0,1180.0,1181.0
0.8937612746708343,1.0,1.0,1.0,1.0,1.0,0.94,0.97,7305.0,365250.0,1181.0,1182.0
0.9158003129936266,1.0,1.0,1.0,1.0,1.0,1.0,1.0,7076.0,353800.0,1182.0,1183.0
0.8142501616176469,1.0,1.0,1.0,1.0,1.0,1.0,1.0,7234.0,361700.0,1183.0,1184.0
0.8711312407823408,1.0,1.0,1.0,1.0,1.0,1.0,0.99,6535.0,326750.0,1184.0,1185.0
0.9083183753945017,1.0,1.0,1.0,1.0,1.0,1.0,1.0,6571.0,328550.0,1185.0,1186.0
0.8899809949989819,1.0,1.0,1.0,1.0,1.0,0.96,0.98,6478.0,323900.0,1186.0,1187.0
0.8904785181148228,1.0,1.0,1.0,1.0,1.0,1.0,1.0,7094.0,354700.0,1187.0,1188.0
0.8411083670799738,1.0,1.0,1.0,1.0,1.0,1.0,1.0,7198.0,359900.0,1188.0,1189.0
0.8822345611900599,1.0,1.0,1.0,1.0,1.0,0.98,0.99,6645.0,332250.0,1189.0,1190.0
0.8820065012179283,1.0,1.0,1.0,1.0,1.0,1.0,1.0,7538.0,376900.0,1190.0,1191.0
0.85377683532947,1.0,1.0,1.0,1.0,1.0,1.0,0.99,6976.0,348800.0,1191.0,1192.0
0.8881615235715637,1.0,1.0,1.0,1.0,1.0,1.0,1.0,6799.0,339950.0,1192.0,1193.0
0.8452873063996069,1.0,1.0,1.0,1.0,1.0,0.98,0.99,8076.0,403800.0,1193.0,1194.0
0.875008481961378,1.0,1.0,1.0,1.0,1.0,1.0,0.99,7371.0,368550.0,1194.0,1195.0
0.9092770782806273,0.5,1.0,1.0,1.0,0.9,0.98,0.99,6974.0,348700.0,1195.0,1196.0
0.8954136036310764,1.0,1.0,1.0,1.0,1.0,1.0,0.99,6941.0,347050.0,1196.0,1197.0
0.9140707062020633,1.0,1.0,1.0,1.0,1.0,1.0,0.99,8376.0,418800.0,1197.0,1198.0
0.8554142381657915,1.0,1.0,1.0,1.0,1.0,1.0,1.0,6599.0,329950.0,1198.0,1199.0
0.8690111557259516,1.0,1.0,1.0,1.0,1.0,1.0,1.0,6429.0,321450.0,1199.0,1200.0
0.8957050099853819,1.0,1.0,1.0,1.0,1.0,1.0,0.98,6814.0,340700.0,1200.0,1201.0
0.9113569398921613,1.0,1.0,1.0,1.0,1.0,1.0,1.0,7853.0,392650.0,1201.0,1202.0
0.887524121765404,1.0,1.0,1.0,1.0,1.0,1.0,1.0,7339.0,366950.0,1202.0,1203.0
0.8401668637092291,1.0,1.0,1.0,1.0,0.9,0.98,0.99,6993.0,349650.0,1203.0,1204.0
0.8546903281978793,1.0,1.0,1.0,1.0,0.9,0.98,0.99,7821.0,391050.0,1204.0,1205.0
0.9011969814105606,1.0,1.0,1.0,1.0,1.0,1.0,1.0,6535.0,326750.0,1205.0,1206.0
0.9083667201971941,1.0,1.0,1.0,1.0,1.0,1.0,1.0,6925.0,346250.0,1206.0,1207.0
0.9076237009845324,1.0,1.0,1.0,1.0,1.0,1.0,1.0,6597.0,329850.0,1207.0,1208.0
0.8776289709427226,1.0,1.0,1.0,1.0,1.0,1.0,0.98,7613.0,380650.0,1208.0,1209.0
0.8788064432540064,1.0,1.0,1.0,1.0,1.0,1.0,1.0,7176.0,358800.0,1209.0,1210.0
0.824654746736292,1.0,1.0,1.0,1.0,1.0,0.98,0.98,7765.0,388250.0,1210.0,1211.0
0.8548246030478064,1.0,1.0,1.0,1.0,1.0,1.0,1.0,7121.0,356050.0,1211.0,1212.0
0.8791767154998601,1.0,1.0,1.0,1.0,1.0,0.96,0.98,7362.0,368100.0,1212.0,1213.0
0.8793622212206282,1.0,1.0,1.0,1.0,1.0,1.0,1.0,6961.0,348050.0,1213.0,1214.0
0.8796052548882939,1.0,1.0,1.0,1.0,1.0,1.0,0.99,7060.0,353000.0,1214.0,1215.0
0.8562921654762012,1.0,1.0,1.0,1.0,1.0,1.0,1.0,8221.0,411050.0,1215.0,1216.0
0.8693834948771996,0.5,1.0,1.0,1.0,0.9,0.94,0.96,7954.0,397700.0,1216.0,1217.0
0.8949821767050644,1.0,1.0,1.0,1.0,1.0,0.98,0.99,8204.0,410200.0,1217.0,1218.0
0.886000247431685,1.0,1.0,1.0,1.0,0.9,0.98,0.99,7176.0,358800.0,1218.0,1219.0
0.8723319175213814,1.0,1.0,1.0,1.0,1.0,1.0,1.0,7029.0,351450.0,1219.0,1220.0
0.8410869234808221,1.0,1.0,1.0,1.0,1.0,1.0,1.0,8695.0,434750.0,1220.0,1221.0
0.8633581404000015,1.0,1.0,1.0,1.0,1.0,1.0,0.99,10101.0,505050.0,1221.0,1222.0
0.8620704362425883,1.0,1.0,1.0,1.0,1.0,1.0,1.0,7917.0,395850.0,1222.0,1223.0
0.8909937336684004,0.5,1.0,1.0,1.0,0.9,0.98,0.99,7069.0,353450.0,1223.0,1224.0
0.8685377055419169,1.0,1.0,1.0,1.0,1.0,1.0,1.0,7919.0,395950.0,1224.0,1225.0
0.872143404730086,1.0,1.0,1.0,1.0,1.0,1.0,1.0,8604.0,430200.0,1225.0,1226.0
0.8808449931800555,1.0,1.0,1.0,1.0,1.0,1.0,0.99,8467.0,423350.0,1226.0,1227.0
0.8868156964021603,1.0,1.0,1.0,1.0,1.0,0.98,0.99,7668.0,383400.0,1227.0,1228.0
0.8906557126664858,1.0,1.0,1.0,1.0,1.0,1.0,1.0,8113.0,405650.0,1228.0,1229.0
0.9016888279892948,1.0,1.0,1.0,1.0,1.0,1.0,1.0,7942.0,397100.0,1229.0,1230.0
0.8853861136360676,1.0,1.0,1.0,1.0,0.9,0.96,0.98,8085.0,404250.0,1230.0,1231.0
0.8833763646346237,1.0,1.0,1.0,1.0,1.0,1.0,0.98,7114.0,355700.0,1231.0,1232.0
0.8179026204049563,1.0,1.0,1.0,1.0,1.0,1.0,1.0,8042.0,402100.0,1232.0,1233.0
0.871489931360262,1.0,1.0,1.0,1.0,1.0,1.0,1.0,8439.0,421950.0,1233.0,1234.0
0.8783944472743912,1.0,1.0,1.0,1.0,1.0,1.0,1.0,6369.0,318450.0,1234.0,1235.0
0.8730700411884488,0.5,1.0,1.0,1.0,0.9,0.98,0.99,7438.0,371900.0,1235.0,1236.0
0.8676152962983491,1.0,1.0,1.0,1.0,1.0,1.0,0.99,9125.0,456250.0,1236.0,1237.0
0.8785910274295026,1.0,1.0,1.0,1.0,1.0,1.0,1.0,8085.0,404250.0,1237.0,1238.0
0.8754531399716745,1.0,1.0,1.0,1.0,1.0,1.0,1.0,7539.0,376950.0,1238.0,1239.0
0.8721011397024996,1.0,1.0,1.0,1.0,1.0,0.98,0.99,6895.0,344750.0,1239.0,1240.0
0.8834682177339898,1.0,1.0,1.0,1.0,1.0,1.0,1.0,8514.0,425700.0,1240.0,1241.0
0.854610710070879,1.0,1.0,1.0,1.0,1.0,1.0,1.0,7661.0,383050.0,1241.0,1242.0
0.8834726703925123,1.0,1.0,1.0,1.0,1.0,0.98,0.99,7638.0,381900.0,1242.0,1243.0
0.8781611944001749,1.0,1.0,1.0,1.0,1.0,1.0,1.0,7134.0,356700.0,1243.0,1244.0
0.8969350563475952,1.0,1.0,1.0,1.0,1.0,1.0,1.0,7315.0,365750.0,1244.0,1245.0
0.8880695859865382,0.5,1.0,1.0,1.0,0.9,0.98,0.99,7337.0,366850.0,1245.0,1246.0
0.8857056711358925,1.0,1.0,1.0,1.0,1.0,1.0,0.99,7372.0,368600.0,1246.0,1247.0
0.8716970187215219,1.0,1.0,1.0,1.0,1.0,0.94,0.97,7920.0,396000.0,1247.0,1248.0
0.8765289736394132,1.0,1.0,1.0,1.0,1.0,0.96,0.98,7587.0,379350.0,1248.0,1249.0
0.8938618524170076,1.0,1.0,1.0,1.0,1.0,1.0,1.0,8030.0,401500.0,1249.0,1250.0
0.8904321311619221,1.0,1.0,1.0,1.0,1.0,1.0,1.0,8400.0,420000.0,1250.0,1251.0
0.8836818857101822,1.0,1.0,1.0,1.0,1.0,1.0,1.0,7335.0,366750.0,1251.0,1252.0
0.9040037216163235,1.0,1.0,1.0,1.0,0.9,0.98,0.99,7198.0,359900.0,1252.0,1253.0
0.8751698629720595,1.0,1.0,1.0,1.0,1.0,0.94,0.97,7838.0,391900.0,1253.0,1254.0
0.853950401371122,1.0,1.0,1.0,1.0,1.0,1.0,1.0,7277.0,363850.0,1254.0,1255.0
0.8298285424730728,1.0,1.0,1.0,1.0,1.0,1.0,0.99,6824.0,341200.0,1255.0,1256.0
0.8836076009060116,1.0,1.0,1.0,1.0,1.0,1.0,1.0,7217.0,360850.0,1256.0,1257.0
0.8996989415984716,0.5,1.0,1.0,1.0,0.9,0.98,0.99,7168.0,358400.0,1257.0,1258.0
0.9105435981251483,0.5,1.0,1.0,1.0,0.9,0.98,0.99,6934.0,346700.0,1258.0,1259.0
0.8959973274355727,1.0,1.0,1.0,1.0,1.0,1.0,1.0,7187.0,359350.0,1259.0,1260.0
0.8942625046483611,1.0,1.0,1.0,1.0,1.0,1.0,0.99,7113.0,355650.0,1260.0,1261.0
0.871083141969969,1.0,1.0,1.0,1.0,1.0,1.0,1.0,7225.0,361250.0,1261.0,1262.0
0.8820123254632346,1.0,1.0,1.0,1.0,1.0,1.0,0.99,7060.0,353000.0,1262.0,1263.0
0.8914907744820133,1.0,1.0,1.0,1.0,1.0,1.0,1.0,7046.0,352300.0,1263.0,1264.0
0.8903863838148556,1.0,1.0,1.0,1.0,1.0,1.0,1.0,7450.0,372500.0,1264.0,1265.0
0.8935600981228016,1.0,1.0,1.0,1.0,1.0,1.0,1.0,8107.0,405350.0,1265.0,1266.0
0.8766711494407957,1.0,1.0,1.0,1.0,1.0,1.0,0.99,7953.0,397650.0,1266.0,1267.0
0.8650114545594869,1.0,1.0,1.0,1.0,1.0,0.98,0.99,7388.0,369400.0,1267.0,1268.0
0.8881238879403236,1.0,1.0,1.0,1.0,1.0,1.0,1.0,6677.0,333850.0,1268.0,1269.0
0.9003912918395975,1.0,1.0,1.0,1.0,0.8,0.96,0.98,7297.0,364850.0,1269.0,1270.0
0.8942080970872789,1.0,1.0,1.0,1.0,1.0,0.98,0.99,7310.0,365500.0,1270.0,1271.0
0.8674263288375014,1.0,1.0,1.0,1.0,1.0,1.0,1.0,8095.0,404750.0,1271.0,1272.0
0.8653664273202699,1.0,1.0,1.0,1.0,1.0,1.0,1.0,8309.0,415450.0,1272.0,1273.0
0.87240135486374,1.0,1.0,1.0,1.0,0.9,0.94,0.97,7338.0,366900.0,1273.0,1274.0
0.8049219147181137,1.0,1.0,1.0,1.0,1.0,1.0,0.99,8340.0,417000.0,1274.0,1275.0
0.849165723028905,1.0,1.0,1.0,1.0,1.0,1.0,0.99,7956.0,397800.0,1275.0,1276.0
0.8519839779738655,1.0,1.0,1.0,1.0,1.0,1.0,0.97,8218.0,410900.0,1276.0,1277.0
0.8696357081467135,1.0,1.0,1.0,1.0,1.0,1.0,1.0,7996.0,399800.0,1277.0,1278.0
0.8986546140833052,0.5,1.0,1.0,1.0,0.9,0.98,0.99,7725.0,386250.0,1278.0,1279.0
0.8867389448295019,1.0,1.0,1.0,1.0,0.9,0.96,0.98,7085.0,354250.0,1279.0,1280.0
0.8976328287699158,1.0,1.0,1.0,1.0,1.0,1.0,1.0,7602.0,380100.0,1280.0,1281.0
0.8972259704707414,1.0,1.0,1.0,1.0,1.0,1.0,0.99,7668.0,383400.0,1281.0,1282.0
0.869689454752725,1.0,1.0,1.0,1.0,1.0,1.0,1.0,7240.0,362000.0,1282.0,1283.0
0.8825723948341112,1.0,1.0,1.0,1.0,1.0,0.98,0.99,6905.0,345250.0,1283.0,1284.0
0.8438576805690333,1.0,1.0,1.0,1.0,1.0,0.98,0.99,7674.0,383700.0,1284.0,1285.0
0.8743106094475526,0.5,1.0,1.0,1.0,0.9,0.98,0.99,7100.0,355000.0,1285.0,1286.0
0.8648888739235643,1.0,1.0,1.0,1.0,1.0,1.0,0.99,6915.0,345750.0,1286.0,1287.0
0.8825130342313221,1.0,1.0,1.0,1.0,1.0,1.0,1.0,6523.0,326150.0,1287.0,1288.0
0.8966787832898765,0.5,1.0,1.0,1.0,0.9,0.98,0.99,7424.0,371200.0,1288.0,1289.0
0.890900316744985,1.0,1.0,1.0,1.0,1.0,0.98,0.99,7044.0,352200.0,1289.0,1290.0
0.8948041362019773,1.0,1.0,1.0,1.0,0.9,0.98,0.99,6489.0,324450.0,1290.0,1291.0
0.8989185443941786,1.0,1.0,1.0,1.0,1.0,1.0,1.0,7727.0,386350.0,1291.0,1292.0
0.8965520751862718,1.0,1.0,1.0,1.0,1.0,1.0,1.0,8270.0,413500.0,1292.0,1293.0
0.8542303618207605,1.0,1.0,1.0,1.0,1.0,1.0,1.0,8473.0,423650.0,1293.0,1294.0
0.8704068034673607,1.0,1.0,1.0,1.0,1.0,1.0,1.0,8907.0,445350.0,1294.0,1295.0
0.9066917799459372,1.0,1.0,1.0,1.0,1.0,1.0,1.0,7476.0,373800.0,1295.0,1296.0
0.8960101219357026,1.0,1.0,1.0,1.0,1.0,1.0,1.0,7671.0,383550.0,1296.0,1297.0
0.895436133746306,1.0,1.0,1.0,1.0,1.0,0.98,0.99,6979.0,348950.0,1297.0,1298.0
0.9207570541340481,1.0,1.0,1.0,1.0,1.0,1.0,1.0,6861.0,343050.0,1298.0,1299.0
0.8984904700575431,1.0,1.0,1.0,1.0,1.0,1.0,1.0,6979.0,348950.0,1299.0,1300.0
0.9025258580042906,1.0,1.0,1.0,1.0,1.0,1.0,1.0,6594.0,329700.0,1300.0,1301.0
0.8907744045347037,1.0,1.0,1.0,1.0,1.0,1.0,1.0,7193.0,359650.0,1301.0,1302.0
0.8539557361281591,1.0,1.0,1.0,1.0,1.0,0.98,0.99,6829.0,341450.0,1302.0,1303.0
0.880154971200464,1.0,1.0,1.0,1.0,1.0,1.0,1.0,7291.0,364550.0,1303.0,1304.0
0.8935619103739455,1.0,1.0,1.0,1.0,1.0,1.0,1.0,7019.0,350950.0,1304.0,1305.0
0.8692335033128418,1.0,1.0,1.0,1.0,1.0,1.0,1.0,6666.0,333300.0,1305.0,1306.0
0.8624568973144564,1.0,1.0,1.0,1.0,1.0,0.98,0.99,6921.0,346050.0,1306.0,1307.0
0.8976338033180054,1.0,1.0,1.0,1.0,1.0,1.0,1.0,6982.0,349100.0,1307.0,1308.0
0.8678652372242507,1.0,1.0,1.0,1.0,1.0,1.0,0.97,6824.0,341200.0,1308.0,1309.0
0.8753018437877415,1.0,1.0,1.0,1.0,1.0,1.0,0.99,8069.0,403450.0,1309.0,1310.0
0.8933091709748727,1.0,1.0,1.0,1.0,1.0,0.98,0.99,7033.0,351650.0,1310.0,1311.0
0.8899292730747673,1.0,1.0,1.0,1.0,1.0,0.98,0.99,7985.0,399250.0,1311.0,1312.0
0.8751067622770577,1.0,1.0,1.0,1.0,1.0,1.0,0.99,7638.0,381900.0,1312.0,1313.0
0.8953644084602302,1.0,1.0,1.0,1.0,0.9,0.98,0.99,7059.0,352950.0,1313.0,1314.0
0.8981322640206701,1.0,1.0,1.0,1.0,1.0,1.0,1.0,7219.0,360950.0,1314.0,1315.0
0.9039133553819474,1.0,1.0,1.0,1.0,1.0,1.0,1.0,7730.0,386500.0,1315.0,1316.0
0.9054818894210079,1.0,1.0,1.0,1.0,1.0,1.0,1.0,7426.0,371300.0,1316.0,1317.0
0.8616736505708339,1.0,1.0,1.0,1.0,1.0,1.0,1.0,7395.0,369750.0,1317.0,1318.0
0.8783245203521317,1.0,1.0,1.0,1.0,1.0,0.98,0.99,6887.0,344350.0,1318.0,1319.0
0.8848288025941359,1.0,1.0,1.0,1.0,1.0,1.0,1.0,6948.0,347400.0,1319.0,1320.0
0.8946916718997436,1.0,1.0,1.0,1.0,1.0,1.0,1.0,6863.0,343150.0,1320.0,1321.0
0.8889286388600444,1.0,1.0,1.0,1.0,1.0,1.0,0.98,6775.0,338750.0,1321.0,1322.0
0.8745225936753679,1.0,1.0,1.0,1.0,1.0,0.98,0.99,7014.0,350700.0,1322.0,1323.0
0.8893489794228763,1.0,1.0,1.0,1.0,1.0,1.0,1.0,6974.0,348700.0,1323.0,1324.0
0.8997117796608948,1.0,1.0,1.0,1.0,1.0,0.98,0.99,6897.0,344850.0,1324.0,1325.0
0.8893947638366326,1.0,1.0,1.0,1.0,1.0,0.98,0.97,6846.0,342300.0,1325.0,1326.0
0.8848773838342711,1.0,1.0,1.0,1.0,1.0,1.0,1.0,6425.0,321250.0,1326.0,1327.0
0.829920838828837,1.0,1.0,1.0,1.0,1.0,1.0,1.0,7315.0,365750.0,1327.0,1328.0
0.8731786655583985,1.0,1.0,1.0,1.0,1.0,0.96,0.98,7104.0,355200.0,1328.0,1329.0
0.8989758710085135,1.0,1.0,1.0,1.0,1.0,1.0,1.0,7267.0,363350.0,1329.0,1330.0
0.9043847093418745,1.0,1.0,1.0,1.0,1.0,1.0,1.0,7083.0,354150.0,1330.0,1331.0
0.8962286854730197,1.0,1.0,1.0,1.0,1.0,1.0,1.0,6464.0,323200.0,1331.0,1332.0
0.8821663818967896,1.0,1.0,1.0,1.0,0.9,0.98,0.97,7216.0,360800.0,1332.0,1333.0
0.8885039366179915,1.0,1.0,1.0,1.0,1.0,1.0,0.99,7359.0,367950.0,1333.0,1334.0
0.8840003763942016,1.0,1.0,1.0,1.0,1.0,1.0,1.0,7553.0,377650.0,1334.0,1335.0
0.8485943095633758,1.0,1.0,1.0,1.0,1.0,1.0,0.99,7437.0,371850.0,1335.0,1336.0
0.8715097450276993,1.0,1.0,1.0,1.0,1.0,1.0,1.0,6571.0,328550.0,1336.0,1337.0
0.8698386138771353,1.0,1.0,1.0,1.0,1.0,1.0,1.0,7334.0,366700.0,1337.0,1338.0
0.893197375674899,1.0,1.0,1.0,1.0,1.0,1.0,1.0,7496.0,374800.0,1338.0,1339.0
0.8506333884410445,1.0,1.0,1.0,1.0,1.0,1.0,1.0,7045.0,352250.0,1339.0,1340.0
0.876029255055079,1.0,1.0,1.0,1.0,1.0,1.0,1.0,7290.0,364500.0,1340.0,1341.0
0.8796265230351564,1.0,1.0,1.0,1.0,1.0,1.0,1.0,7307.0,365350.0,1341.0,1342.0
0.8950620096145553,1.0,1.0,1.0,1.0,1.0,1.0,1.0,7429.0,371450.0,1342.0,1343.0
0.8932813791521037,1.0,1.0,1.0,1.0,1.0,0.96,0.98,6937.0,346850.0,1343.0,1344.0
0.8925349545992626,1.0,1.0,1.0,1.0,1.0,1.0,0.99,6525.0,326250.0,1344.0,1345.0
0.8719318029440879,1.0,1.0,1.0,1.0,1.0,1.0,1.0,7129.0,356450.0,1345.0,1346.0
0.889352210640043,1.0,1.0,1.0,1.0,1.0,1.0,1.0,7962.0,398100.0,1346.0,1347.0
0.8739409734021505,1.0,1.0,1.0,1.0,1.0,1.0,1.0,6884.0,344200.0,1347.0,1348.0
0.8840380177824229,1.0,1.0,1.0,1.0,1.0,0.98,0.98,6800.0,340000.0,1348.0,1349.0
0.8786986828419902,1.0,1.0,1.0,1.0,1.0,1.0,1.0,6424.0,321200.0,1349.0,1350.0
0.8950513153078418,1.0,1.0,1.0,1.0,1.0,1.0,1.0,7031.0,351550.0,1350.0,1351.0
0.9061692631565099,1.0,1.0,1.0,1.0,1.0,1.0,1.0,7823.0,391150.0,1351.0,1352.0
0.9076544970551259,1.0,1.0,1.0,1.0,1.0,1.0,1.0,7047.0,352350.0,1352.0,1353.0
0.902127079456563,1.0,1.0,1.0,1.0,1.0,1.0,1.0,6717.0,335850.0,1353.0,1354.0
0.8836824481701744,1.0,1.0,1.0,1.0,1.0,0.98,0.99,6980.0,349000.0,1354.0,1355.0
0.8776098644436149,1.0,1.0,1.0,1.0,1.0,1.0,1.0,7073.0,353650.0,1355.0,1356.0
0.8956764400890497,1.0,1.0,1.0,1.0,1.0,1.0,1.0,7412.0,370600.0,1356.0,1357.0
0.8375980264074828,1.0,1.0,1.0,1.0,1.0,0.98,0.98,7821.0,391050.0,1357.0,1358.0
0.8197900871566786,1.0,1.0,1.0,1.0,1.0,1.0,1.0,7410.0,370500.0,1358.0,1359.0
0.8079555572015372,1.0,1.0,1.0,1.0,1.0,0.98,0.98,7731.0,386550.0,1359.0,1360.0
0.8732815808074713,1.0,1.0,1.0,1.0,1.0,1.0,1.0,6701.0,335050.0,1360.0,1361.0
0.8560832238637526,1.0,1.0,1.0,1.0,1.0,1.0,1.0,6739.0,336950.0,1361.0,1362.0
0.8943756051552731,1.0,1.0,1.0,1.0,1.0,1.0,1.0,7012.0,350600.0,1362.0,1363.0
0.8667138950024527,1.0,1.0,1.0,1.0,1.0,1.0,1.0,7901.0,395050.0,1363.0,1364.0
0.8757640561552233,1.0,1.0,1.0,1.0,1.0,1.0,1.0,6951.0,347550.0,1364.0,1365.0
0.8306256918729574,1.0,1.0,1.0,1.0,1.0,1.0,1.0,7558.0,377900.0,1365.0,1366.0
0.8608773284442206,1.0,1.0,1.0,1.0,1.0,1.0,0.98,7666.0,383300.0,1366.0,1367.0
0.8910461909077843,1.0,1.0,1.0,1.0,1.0,0.94,0.96,6601.0,330050.0,1367.0,1368.0
0.872110058184502,1.0,1.0,1.0,1.0,1.0,1.0,1.0,7134.0,356700.0,1368.0,1369.0
0.8902687692132898,1.0,1.0,1.0,1.0,1.0,1.0,1.0,6596.0,329800.0,1369.0,1370.0
0.8863060059607909,1.0,1.0,1.0,1.0,1.0,1.0,0.99,7187.0,359350.0,1370.0,1371.0
0.8525236895399044,1.0,1.0,1.0,1.0,1.0,1.0,0.99,7014.0,350700.0,1371.0,1372.0
0.8805562140968163,1.0,1.0,1.0,1.0,1.0,1.0,1.0,6665.0,333250.0,1372.0,1373.0
0.8874716052208784,1.0,1.0,1.0,1.0,1.0,1.0,1.0,8510.0,425500.0,1373.0,1374.0
0.8902038226934821,1.0,1.0,1.0,1.0,1.0,1.0,1.0,7450.0,372500.0,1374.0,1375.0
0.8874114557261125,1.0,1.0,1.0,1.0,1.0,1.0,1.0,6756.0,337800.0,1375.0,1376.0
0.9020061479028261,1.0,1.0,1.0,1.0,1.0,1.0,0.98,6562.0,328100.0,1376.0,1377.0
0.8850499020946483,1.0,1.0,1.0,1.0,1.0,1.0,1.0,6725.0,336250.0,1377.0,1378.0
0.8841501094183539,1.0,1.0,1.0,1.0,1.0,1.0,1.0,7052.0,352600.0,1378.0,1379.0
0.8708840177676745,1.0,1.0,1.0,1.0,1.0,1.0,0.99,6788.0,339400.0,1379.0,1380.0
0.8513768950294162,1.0,1.0,1.0,1.0,1.0,1.0,1.0,6988.0,349400.0,1380.0,1381.0
0.8646359324741085,1.0,1.0,1.0,1.0,1.0,1.0,1.0,7683.0,384150.0,1381.0,1382.0
0.8564436930782686,1.0,1.0,1.0,1.0,1.0,0.94,0.97,7272.0,363600.0,1382.0,1383.0
0.8830244113268322,1.0,1.0,1.0,1.0,1.0,1.0,1.0,7054.0,352700.0,1383.0,1384.0
0.8670615815914259,1.0,1.0,1.0,1.0,1.0,0.98,0.99,6334.0,316700.0,1384.0,1385.0
0.882959217659266,1.0,1.0,1.0,1.0,1.0,1.0,0.99,7119.0,355950.0,1385.0,1386.0
0.8827926408780926,1.0,1.0,1.0,1.0,1.0,0.98,0.99,6682.0,334100.0,1386.0,1387.0
0.8989986621413024,1.0,1.0,1.0,1.0,1.0,1.0,0.99,7223.0,361150.0,1387.0,1388.0
0.8692669600348611,1.0,1.0,1.0,1.0,1.0,0.96,0.98,6639.0,331950.0,1388.0,1389.0
0.8786882771503842,1.0,1.0,1.0,1.0,1.0,1.0,1.0,6305.0,315250.0,1389.0,1390.0
0.8776727319134466,1.0,1.0,1.0,1.0,1.0,1.0,1.0,6785.0,339250.0,1390.0,1391.0
0.9024226794367396,1.0,1.0,1.0,1.0,0.6,0.92,0.96,7393.0,369650.0,1391.0,1392.0
0.8781043244363403,1.0,1.0,1.0,1.0,1.0,1.0,1.0,7022.0,351100.0,1392.0,1393.0
0.9019260649313741,1.0,1.0,1.0,1.0,1.0,1.0,1.0,7177.0,358850.0,1393.0,1394.0
0.8515026837814009,1.0,1.0,1.0,1.0,0.9,0.92,0.95,6670.0,333500.0,1394.0,1395.0
0.8766150087550209,1.0,1.0,1.0,1.0,1.0,0.98,0.98,7894.0,394700.0,1395.0,1396.0
0.8740057037964138,1.0,1.0,1.0,1.0,1.0,1.0,1.0,7285.0,364250.0,1396.0,1397.0
0.8910736594354556,1.0,1.0,1.0,1.0,1.0,1.0,0.99,6615.0,330750.0,1397.0,1398.0
0.8801081103936235,1.0,1.0,1.0,1.0,1.0,1.0,1.0,6670.0,333500.0,1398.0,1399.0
0.8901311030207949,1.0,1.0,1.0,1.0,1.0,0.98,0.98,6971.0,348550.0,1399.0,1400.0
0.8895433490930796,1.0,1.0,1.0,1.0,1.0,1.0,1.0,6603.0,330150.0,1400.0,1401.0
0.8793213905973853,1.0,1.0,1.0,1.0,1.0,0.98,0.99,6554.0,327700.0,1401.0,1402.0
0.8952077772459617,1.0,1.0,1.0,1.0,1.0,1.0,1.0,6938.0,346900.0,1402.0,1403.0
0.9058434821739163,1.0,1.0,1.0,1.0,1.0,1.0,1.0,7137.0,356850.0,1403.0,1404.0
0.883030707048311,1.0,1.0,1.0,1.0,1.0,0.96,0.98,6156.0,307800.0,1404.0,1405.0
0.8790651773975646,1.0,1.0,1.0,1.0,1.0,1.0,1.0,7305.0,365250.0,1405.0,1406.0
0.900051433395552,0.25,1.0,1.0,1.0,0.6,0.9,0.94,8287.0,414350.0,1406.0,1407.0
0.8688736376212093,1.0,1.0,1.0,1.0,1.0,1.0,1.0,7747.0,387350.0,1407.0,1408.0
0.8879971036530832,1.0,1.0,1.0,1.0,1.0,1.0,1.0,6957.0,347850.0,1408.0,1409.0
0.859809820566956,1.0,1.0,1.0,1.0,1.0,0.98,0.99,6484.0,324200.0,1409.0,1410.0
0.8674185728324325,0.5,1.0,1.0,1.0,0.9,0.98,0.99,7216.0,360800.0,1410.0,1411.0
0.8781075652441926,1.0,1.0,1.0,1.0,1.0,1.0,1.0,7632.0,381600.0,1411.0,1412.0
0.86653643234025,1.0,1.0,1.0,1.0,1.0,0.98,0.99,6992.0,349600.0,1412.0,1413.0
0.8678921581260473,1.0,1.0,1.0,1.0,1.0,1.0,0.99,6663.0,333150.0,1413.0,1414.0
0.868816897974674,1.0,1.0,1.0,1.0,1.0,1.0,1.0,7212.0,360600.0,1414.0,1415.0
0.8861997317324865,1.0,1.0,1.0,1.0,1.0,1.0,1.0,7424.0,371200.0,1415.0,1416.0
0.8690659892549466,1.0,1.0,1.0,1.0,0.9,0.9,0.91,7492.0,374600.0,1416.0,1417.0
0.8940457333579279,1.0,1.0,1.0,1.0,1.0,0.98,0.99,7773.0,388650.0,1417.0,1418.0
0.8896704500741384,1.0,1.0,1.0,1.0,1.0,1.0,1.0,7949.0,397450.0,1418.0,1419.0
0.8857910224331149,1.0,1.0,1.0,1.0,1.0,1.0,0.98,7596.0,379800.0,1419.0,1420.0
0.8633794444378001,1.0,1.0,1.0,1.0,1.0,1.0,1.0,7344.0,367200.0,1420.0,1421.0
0.8794498549008335,1.0,1.0,1.0,1.0,1.0,0.98,0.98,6945.0,347250.0,1421.0,1422.0
0.8874447555437641,1.0,1.0,1.0,1.0,1.0,1.0,1.0,6910.0,345500.0,1422.0,1423.0
0.8743155357323487,1.0,1.0,1.0,1.0,1.0,1.0,1.0,7485.0,374250.0,1423.0,1424.0
0.8846676527905362,1.0,1.0,1.0,1.0,1.0,0.96,0.97,6484.0,324200.0,1424.0,1425.0
0.8771398139594195,1.0,1.0,1.0,1.0,1.0,0.98,0.99,7239.0,361950.0,1425.0,1426.0
0.8735117460483466,1.0,1.0,1.0,1.0,1.0,1.0,1.0,6990.0,349500.0,1426.0,1427.0
0.8799934026903278,1.0,1.0,1.0,1.0,1.0,0.98,0.99,6852.0,342600.0,1427.0,1428.0
0.83752425242018,1.0,1.0,1.0,1.0,1.0,1.0,1.0,7485.0,374250.0,1428.0,1429.0
0.8483306670489722,1.0,1.0,1.0,1.0,1.0,1.0,1.0,7667.0,383350.0,1429.0,1430.0
0.8479866035239562,1.0,1.0,1.0,1.0,1.0,0.98,0.99,6872.0,343600.0,1430.0,1431.0
0.8587903706865622,1.0,1.0,1.0,1.0,1.0,0.98,0.99,7148.0,357400.0,1431.0,1432.0
0.8188951997077918,1.0,1.0,1.0,1.0,0.9,0.98,0.99,7179.0,358950.0,1432.0,1433.0
0.8261720887747784,1.0,1.0,1.0,1.0,1.0,0.98,0.99,7638.0,381900.0,1433.0,1434.0
0.8522144258381098,1.0,1.0,1.0,1.0,1.0,1.0,1.0,7897.0,394850.0,1434.0,1435.0
0.8439749964040127,1.0,1.0,1.0,1.0,0.9,0.98,0.99,7843.0,392150.0,1435.0,1436.0
0.8433201564669174,1.0,1.0,1.0,1.0,1.0,0.98,0.99,8071.0,403550.0,1436.0,1437.0
0.8674254993486497,1.0,1.0,1.0,1.0,1.0,1.0,1.0,6920.0,346000.0,1437.0,1438.0
0.8710557876927196,1.0,1.0,1.0,1.0,1.0,0.98,0.99,7615.0,380750.0,1438.0,1439.0
0.8745629519978744,1.0,1.0,1.0,1.0,1.0,0.98,0.98,8075.0,403750.0,1439.0,1440.0
0.8373503124201838,1.0,1.0,1.0,1.0,1.0,0.98,0.99,7718.0,385900.0,1440.0,1441.0
0.8095817232066254,1.0,1.0,1.0,1.0,1.0,1.0,1.0,7896.0,394800.0,1441.0,1442.0
0.8428459352946045,1.0,1.0,1.0,1.0,1.0,1.0,1.0,6959.0,347950.0,1442.0,1443.0
0.8764016645446473,1.0,1.0,1.0,1.0,1.0,1.0,1.0,7386.0,369300.0,1443.0,1444.0
0.8731676772210556,1.0,1.0,1.0,1.0,1.0,0.98,0.99,6764.0,338200.0,1444.0,1445.0
0.8524327760248895,1.0,1.0,1.0,1.0,1.0,1.0,1.0,6673.0,333650.0,1445.0,1446.0
0.8162635305193436,1.0,1.0,1.0,1.0,0.8,0.96,0.98,7706.0,385300.0,1446.0,1447.0
0.8366698084362383,1.0,1.0,1.0,1.0,1.0,1.0,1.0,7504.0,375200.0,1447.0,1448.0
0.8346116118592526,1.0,1.0,1.0,1.0,1.0,1.0,1.0,7820.0,391000.0,1448.0,1449.0
0.8162032605913023,1.0,1.0,1.0,1.0,1.0,0.96,0.98,7769.0,388450.0,1449.0,1450.0
0.8357540301269191,1.0,1.0,1.0,1.0,1.0,1.0,0.99,7397.0,369850.0,1450.0,1451.0
0.8520945764272471,1.0,1.0,1.0,1.0,1.0,1.0,1.0,7178.0,358900.0,1451.0,1452.0
0.8827424033394862,1.0,1.0,1.0,1.0,0.9,0.98,0.99,7387.0,369350.0,1452.0,1453.0
0.851569083864426,1.0,1.0,1.0,1.0,1.0,1.0,0.99,7680.0,384000.0,1453.0,1454.0
0.8707947432711162,1.0,1.0,1.0,1.0,1.0,1.0,1.0,7628.0,381400.0,1454.0,1455.0
0.8691955534048864,1.0,1.0,1.0,1.0,1.0,0.98,0.99,7397.0,369850.0,1455.0,1456.0
0.8382813042997942,1.0,1.0,1.0,1.0,1.0,0.98,0.99,7269.0,363450.0,1456.0,1457.0
0.8643782843896242,1.0,1.0,1.0,1.0,1.0,1.0,0.99,7718.0,385900.0,1457.0,1458.0
0.8882110592071295,1.0,1.0,1.0,1.0,1.0,1.0,1.0,7328.0,366400.0,1458.0,1459.0
0.8939297505487505,1.0,1.0,1.0,1.0,1.0,1.0,1.0,7622.0,381100.0,1459.0,1460.0
0.8768665941064144,1.0,1.0,1.0,1.0,1.0,0.98,0.98,7409.0,370450.0,1460.0,1461.0
0.89624625592097,1.0,1.0,1.0,1.0,1.0,1.0,1.0,7902.0,395100.0,1461.0,1462.0
0.8614595322388986,1.0,1.0,1.0,1.0,1.0,1.0,1.0,7524.0,376200.0,1462.0,1463.0
0.8859811471521997,1.0,1.0,1.0,1.0,1.0,0.96,0.98,6746.0,337300.0,1463.0,1464.0
0.8914608455957335,1.0,1.0,1.0,1.0,1.0,0.98,0.98,6569.0,328450.0,1464.0,1465.0
0.8541693505033698,1.0,1.0,1.0,1.0,1.0,1.0,1.0,7456.0,372800.0,1465.0,1466.0
0.8391529677659255,1.0,1.0,1.0,1.0,1.0,0.98,0.99,6720.0,336000.0,1466.0,1467.0
0.862947919559036,1.0,1.0,1.0,1.0,0.9,0.96,0.97,6731.0,336550.0,1467.0,1468.0
0.8447037366721758,1.0,1.0,1.0,1.0,1.0,1.0,1.0,7075.0,353750.0,1468.0,1469.0
0.8781179912144375,1.0,1.0,1.0,1.0,1.0,1.0,1.0,7594.0,379700.0,1469.0,1470.0
0.856040070991248,1.0,1.0,1.0,1.0,1.0,1.0,1.0,7133.0,356650.0,1470.0,1471.0
0.881052375520148,1.0,1.0,1.0,1.0,1.0,1.0,0.99,8359.0,417950.0,1471.0,1472.0
0.8623594118771828,1.0,1.0,1.0,1.0,1.0,1.0,1.0,7574.0,378700.0,1472.0,1473.0
0.888343065516084,1.0,1.0,1.0,1.0,1.0,1.0,1.0,7432.0,371600.0,1473.0,1474.0
0.8520161328105076,1.0,1.0,1.0,1.0,1.0,1.0,1.0,7768.0,388400.0,1474.0,1475.0
0.821047352737936,1.0,1.0,1.0,1.0,1.0,1.0,1.0,7392.0,369600.0,1475.0,1476.0
0.8993909847966178,1.0,1.0,1.0,1.0,1.0,1.0,1.0,8384.0,419200.0,1476.0,1477.0
0.8627247883466294,1.0,1.0,1.0,1.0,1.0,1.0,1.0,7456.0,372800.0,1477.0,1478.0
0.8950437888542148,1.0,1.0,1.0,1.0,1.0,1.0,1.0,6867.0,343350.0,1478.0,1479.0
0.875811726082213,1.0,1.0,1.0,1.0,1.0,1.0,1.0,7371.0,368550.0,1479.0,1480.0
0.9059937827682587,1.0,1.0,1.0,1.0,1.0,0.98,0.98,7331.0,366550.0,1480.0,1481.0
0.8689507177979159,1.0,1.0,1.0,1.0,1.0,1.0,1.0,7897.0,394850.0,1481.0,1482.0
0.8707831934204985,1.0,1.0,1.0,1.0,1.0,1.0,1.0,7730.0,386500.0,1482.0,1483.0
0.9053068392325206,1.0,1.0,1.0,1.0,1.0,1.0,1.0,7503.0,375150.0,1483.0,1484.0
0.8780042179441269,1.0,1.0,1.0,1.0,1.0,1.0,1.0,7926.0,396300.0,1484.0,1485.0
0.8792637758175951,1.0,1.0,1.0,1.0,1.0,0.98,0.96,7748.0,387400.0,1485.0,1486.0
0.8769186770329286,1.0,1.0,1.0,1.0,0.9,0.98,0.99,6656.0,332800.0,1486.0,1487.0
0.8682589199615985,1.0,1.0,1.0,1.0,1.0,0.98,0.98,7458.0,372900.0,1487.0,1488.0
0.8689503674305494,1.0,1.0,1.0,1.0,1.0,1.0,1.0,7762.0,388100.0,1488.0,1489.0
0.8554190168452132,1.0,1.0,1.0,1.0,1.0,1.0,1.0,8332.0,416600.0,1489.0,1490.0
0.8749115555036536,1.0,1.0,1.0,1.0,1.0,0.98,0.95,8196.0,409800.0,1490.0,1491.0
0.8982949671174717,1.0,1.0,1.0,1.0,1.0,1.0,1.0,7703.0,385150.0,1491.0,1492.0
0.8763432240691205,1.0,1.0,1.0,1.0,0.9,0.92,0.96,6991.0,349550.0,1492.0,1493.0
0.9028744213924725,1.0,1.0,1.0,1.0,1.0,1.0,1.0,7521.0,376050.0,1493.0,1494.0
0.8853552086359071,1.0,1.0,1.0,1.0,1.0,1.0,1.0,7050.0,352500.0,1494.0,1495.0
0.8290334515091458,1.0,1.0,1.0,1.0,1.0,1.0,1.0,7337.0,366850.0,1495.0,1496.0
0.8022790700141057,1.0,1.0,1.0,1.0,1.0,1.0,1.0,7340.0,367000.0,1496.0,1497.0
0.8434297883981792,1.0,1.0,1.0,1.0,1.0,1.0,1.0,8968.0,448400.0,1497.0,1498.0
0.9068108172515315,1.0,1.0,1.0,1.0,1.0,1.0,1.0,6342.0,317100.0,1498.0,1499.0
0.910586514570986,1.0,1.0,1.0,1.0,1.0,1.0,1.0,7363.0,368150.0,1499.0,1500.0
0.8992274188893944,1.0,1.0,1.0,1.0,0.8,0.9,0.95,7591.0,379550.0,1500.0,1501.0
0.8222020529230624,1.0,1.0,1.0,1.0,1.0,1.0,1.0,8428.0,421400.0,1501.0,1502.0
0.8730222672979754,1.0,1.0,1.0,1.0,1.0,1.0,1.0,8149.0,407450.0,1502.0,1503.0
0.8780756202039602,1.0,1.0,1.0,1.0,1.0,0.96,0.97,6953.0,347650.0,1503.0,1504.0
0.8805031232632925,1.0,1.0,1.0,1.0,1.0,0.98,0.99,7489.0,374450.0,1504.0,1505.0
0.8870070120855934,1.0,1.0,1.0,1.0,1.0,1.0,1.0,6046.0,302300.0,1505.0,1506.0
0.8744129286423525,1.0,1.0,1.0,1.0,1.0,1.0,1.0,7341.0,367050.0,1506.0,1507.0
0.8579465006571807,1.0,1.0,1.0,1.0,1.0,0.96,0.98,6731.0,336550.0,1507.0,1508.0
0.8775453455312141,1.0,1.0,1.0,1.0,1.0,1.0,1.0,7246.0,362300.0,1508.0,1509.0
0.8526974519915177,1.0,1.0,1.0,1.0,1.0,1.0,0.99,8892.0,444600.0,1509.0,1510.0
0.8701848532735141,1.0,1.0,1.0,1.0,1.0,1.0,1.0,8604.0,430200.0,1510.0,1511.0
0.8719897380974593,0.5,1.0,1.0,1.0,0.9,0.98,0.99,7881.0,394050.0,1511.0,1512.0
0.8872344629944189,1.0,1.0,1.0,1.0,1.0,1.0,1.0,7555.0,377750.0,1512.0,1513.0
0.8877194901540285,1.0,1.0,1.0,1.0,1.0,1.0,0.99,7727.0,386350.0,1513.0,1514.0
0.8710512584446477,1.0,1.0,1.0,1.0,1.0,0.98,0.98,7446.0,372300.0,1514.0,1515.0
0.8725281562931899,1.0,1.0,1.0,1.0,1.0,0.96,0.97,7117.0,355850.0,1515.0,1516.0
0.8669874113742092,1.0,1.0,1.0,1.0,1.0,1.0,1.0,7705.0,385250.0,1516.0,1517.0
0.8831345195156406,1.0,1.0,1.0,1.0,1.0,0.98,0.99,7011.0,350550.0,1517.0,1518.0
0.8929563788299538,1.0,1.0,1.0,1.0,1.0,1.0,1.0,6890.0,344500.0,1518.0,1519.0
0.8823486333098322,1.0,1.0,1.0,1.0,1.0,1.0,1.0,7057.0,352850.0,1519.0,1520.0
0.9000283044442877,1.0,1.0,1.0,1.0,1.0,1.0,1.0,7552.0,377600.0,1520.0,1521.0
0.866320059670763,1.0,1.0,1.0,1.0,1.0,0.98,0.99,6709.0,335450.0,1521.0,1522.0
0.8998748669347306,1.0,1.0,1.0,1.0,1.0,1.0,1.0,7003.0,350150.0,1522.0,1523.0
0.8979757770819838,1.0,1.0,1.0,1.0,1.0,0.98,0.99,7183.0,359150.0,1523.0,1524.0
0.8716185650274599,1.0,1.0,1.0,1.0,1.0,0.98,0.98,7928.0,396400.0,1524.0,1525.0
0.8903682203719325,1.0,1.0,1.0,1.0,1.0,1.0,1.0,6605.0,330250.0,1525.0,1526.0
0.9022481561265003,1.0,1.0,1.0,1.0,1.0,1.0,1.0,6902.0,345100.0,1526.0,1527.0
0.9131960382866904,1.0,1.0,1.0,1.0,1.0,1.0,1.0,7482.0,374100.0,1527.0,1528.0
0.8452053215713204,1.0,1.0,1.0,1.0,1.0,1.0,1.0,7352.0,367600.0,1528.0,1529.0
0.9005572872801078,1.0,1.0,1.0,1.0,1.0,1.0,1.0,6762.0,338100.0,1529.0,1530.0
0.8983706581589073,0.2,1.0,1.0,1.0,0.6,0.92,0.96,7359.0,367950.0,1530.0,1531.0
0.9038024996931188,1.0,1.0,1.0,1.0,1.0,0.98,0.98,6496.0,324800.0,1531.0,1532.0
0.8901138963944006,1.0,1.0,1.0,1.0,1.0,1.0,1.0,6660.0,333000.0,1532.0,1533.0
0.8701984652768608,1.0,1.0,1.0,1.0,1.0,1.0,0.99,7047.0,352350.0,1533.0,1534.0
0.8793214496340369,1.0,1.0,1.0,1.0,1.0,0.94,0.95,7505.0,375250.0,1534.0,1535.0
0.8658392459548361,1.0,1.0,1.0,1.0,1.0,1.0,1.0,7005.0,350250.0,1535.0,1536.0
0.8685166126197221,1.0,1.0,1.0,1.0,1.0,1.0,1.0,6755.0,337750.0,1536.0,1537.0
0.8879475437347375,1.0,1.0,1.0,1.0,1.0,1.0,1.0,7264.0,363200.0,1537.0,1538.0
0.8818309092635003,1.0,1.0,1.0,1.0,0.8,0.96,0.98,8246.0,412300.0,1538.0,1539.0
0.898809052012466,1.0,1.0,1.0,1.0,1.0,1.0,1.0,7643.0,382150.0,1539.0,1540.0
0.8779700039106018,1.0,1.0,1.0,1.0,1.0,1.0,1.0,7329.0,366450.0,1540.0,1541.0
0.8833386489965901,1.0,1.0,1.0,1.0,1.0,1.0,0.98,7222.0,361100.0,1541.0,1542.0
0.876834023872182,1.0,1.0,1.0,1.0,1.0,0.98,0.99,7882.0,394100.0,1542.0,1543.0
0.8759134475526,1.0,1.0,1.0,1.0,1.0,1.0,1.0,6925.0,346250.0,1543.0,1544.0
0.8986818941367289,1.0,1.0,1.0,1.0,1.0,1.0,0.98,7448.0,372400.0,1544.0,1545.0
0.8986281550377033,0.5,1.0,1.0,1.0,0.5,0.9,0.95,7391.0,369550.0,1545.0,1546.0
0.8917097948667898,1.0,1.0,1.0,1.0,1.0,1.0,0.99,6701.0,335050.0,1546.0,1547.0
0.8881796768072413,1.0,1.0,1.0,1.0,1.0,1.0,0.99,6435.0,321750.0,1547.0,1548.0
0.8687284148565149,1.0,1.0,1.0,1.0,1.0,1.0,1.0,7199.0,359950.0,1548.0,1549.0
0.8753527618233123,1.0,1.0,1.0,1.0,1.0,1.0,0.99,6851.0,342550.0,1549.0,1550.0
0.8859371588559389,1.0,1.0,1.0,1.0,1.0,1.0,1.0,7054.0,352700.0,1550.0,1551.0
0.8694932676118594,1.0,1.0,1.0,1.0,0.9,0.96,0.98,7232.0,361600.0,1551.0,1552.0
0.8750344221757457,1.0,1.0,1.0,1.0,1.0,0.98,0.99,6936.0,346800.0,1552.0,1553.0
0.8324400385433083,1.0,1.0,1.0,1.0,1.0,0.98,0.98,6596.0,329800.0,1553.0,1554.0
0.8658122616731032,1.0,1.0,1.0,1.0,0.9,0.98,0.99,6943.0,347150.0,1554.0,1555.0
0.8554898510620452,1.0,1.0,1.0,1.0,1.0,1.0,1.0,7560.0,378000.0,1555.0,1556.0
0.8640312110742167,1.0,1.0,1.0,1.0,1.0,1.0,1.0,7000.0,350000.0,1556.0,1557.0
0.870533398084332,1.0,1.0,1.0,1.0,1.0,1.0,1.0,6092.0,304600.0,1557.0,1558.0
0.877326909330446,1.0,1.0,1.0,1.0,1.0,0.98,0.99,6733.0,336650.0,1558.0,1559.0
0.8795632281828379,1.0,1.0,1.0,1.0,1.0,0.98,0.99,6586.0,329300.0,1559.0,1560.0
0.8922271398064623,1.0,1.0,1.0,1.0,0.9,0.96,0.98,6781.0,339050.0,1560.0,1561.0
0.886832123445296,1.0,1.0,1.0,1.0,1.0,1.0,1.0,7034.0,351700.0,1561.0,1562.0
0.8768233756240893,1.0,1.0,1.0,1.0,1.0,0.98,0.98,6660.0,333000.0,1562.0,1563.0
0.885641739941816,1.0,1.0,1.0,1.0,0.9,0.98,0.99,7140.0,357000.0,1563.0,1564.0
0.9014901607515591,1.0,1.0,1.0,1.0,1.0,1.0,1.0,7426.0,371300.0,1564.0,1565.0
0.8818254672818242,1.0,1.0,1.0,1.0,1.0,0.98,0.98,7152.0,357600.0,1565.0,1566.0
0.9064386582924814,1.0,1.0,1.0,1.0,1.0,1.0,1.0,6922.0,346100.0,1566.0,1567.0
0.9053061468220832,1.0,1.0,1.0,1.0,1.0,1.0,1.0,5963.0,298150.0,1567.0,1568.0
0.890062822515454,1.0,1.0,1.0,1.0,1.0,1.0,1.0,6657.0,332850.0,1568.0,1569.0
0.9010373619243909,1.0,1.0,1.0,1.0,1.0,1.0,1.0,6302.0,315100.0,1569.0,1570.0
0.9166018817787079,1.0,1.0,1.0,1.0,1.0,1.0,1.0,5856.0,292800.0,1570.0,1571.0
0.8827796697467697,1.0,1.0,1.0,1.0,0.9,0.98,0.97,7024.0,351200.0,1571.0,1572.0
0.8960522001366096,1.0,1.0,1.0,1.0,1.0,1.0,1.0,6818.0,340900.0,1572.0,1573.0
0.9069136744977034,1.0,1.0,1.0,1.0,1.0,1.0,1.0,7238.0,361900.0,1573.0,1574.0
0.9083635304607074,1.0,1.0,1.0,1.0,1.0,1.0,1.0,7035.0,351750.0,1574.0,1575.0
0.8619518981621954,1.0,1.0,1.0,1.0,1.0,1.0,0.99,7951.0,397550.0,1575.0,1576.0
0.8660528292663668,1.0,1.0,1.0,1.0,1.0,1.0,1.0,7871.0,393550.0,1576.0,1577.0
0.8779177494990859,1.0,1.0,1.0,1.0,1.0,1.0,0.99,7401.0,370050.0,1577.0,1578.0
0.8725820835096215,1.0,1.0,1.0,1.0,1.0,1.0,1.0,7239.0,361950.0,1578.0,1579.0
0.8740568606658078,1.0,1.0,1.0,1.0,1.0,0.94,0.97,6922.0,346100.0,1579.0,1580.0
0.9017752073582178,1.0,1.0,1.0,1.0,1.0,1.0,0.98,7515.0,375750.0,1580.0,1581.0
0.9224631197676474,1.0,1.0,1.0,1.0,1.0,1.0,1.0,6833.0,341650.0,1581.0,1582.0
0.8861590495275612,1.0,1.0,1.0,1.0,1.0,1.0,1.0,7375.0,368750.0,1582.0,1583.0
0.9101582594230563,1.0,1.0,1.0,1.0,0.9,0.98,0.99,6749.0,337450.0,1583.0,1584.0
0.9080271093791014,0.5,1.0,1.0,1.0,0.9,0.98,0.99,6398.0,319900.0,1584.0,1585.0
0.897455506844675,1.0,1.0,1.0,1.0,1.0,1.0,1.0,7250.0,362500.0,1585.0,1586.0
0.8970097334586072,1.0,1.0,1.0,1.0,1.0,1.0,1.0,6584.0,329200.0,1586.0,1587.0
0.9054223012486642,1.0,1.0,1.0,1.0,1.0,1.0,0.99,7715.0,385750.0,1587.0,1588.0
0.887459202952604,1.0,1.0,1.0,1.0,1.0,1.0,1.0,7291.0,364550.0,1588.0,1589.0
0.8918002066170388,1.0,1.0,1.0,1.0,1.0,1.0,1.0,6904.0,345200.0,1589.0,1590.0
0.9001432108440222,1.0,1.0,1.0,1.0,1.0,1.0,1.0,7002.0,350100.0,1590.0,1591.0
0.8888956474140574,1.0,1.0,1.0,1.0,1.0,1.0,1.0,7728.0,386400.0,1591.0,1592.0
0.900274019467421,1.0,1.0,1.0,1.0,1.0,1.0,1.0,7148.0,357400.0,1592.0,1593.0
0.9112353186698969,0.5,1.0,1.0,1.0,0.9,0.96,0.97,7989.0,399450.0,1593.0,1594.0
0.87632400019055,1.0,1.0,1.0,1.0,1.0,0.94,0.97,6910.0,345500.0,1594.0,1595.0
0.8945737636584514,1.0,1.0,1.0,1.0,1.0,1.0,1.0,7418.0,370900.0,1595.0,1596.0
0.8624407964331,1.0,1.0,1.0,1.0,0.9,0.96,0.97,7442.0,372100.0,1596.0,1597.0
0.8963058175834033,0.5,1.0,1.0,1.0,0.9,0.98,0.99,8193.0,409650.0,1597.0,1598.0
0.8972088060775572,1.0,1.0,1.0,1.0,1.0,0.98,0.99,8025.0,401250.0,1598.0,1599.0
0.8855208483266335,1.0,1.0,1.0,1.0,1.0,1.0,1.0,7566.0,378300.0,1599.0,1600.0
0.8823815643234312,1.0,1.0,1.0,1.0,1.0,1.0,1.0,7368.0,368400.0,1600.0,1601.0
0.8900167659350534,1.0,1.0,1.0,1.0,1.0,1.0,0.99,7831.0,391550.0,1601.0,1602.0
0.8840688740213544,1.0,1.0,1.0,1.0,1.0,0.98,0.99,6647.0,332350.0,1602.0,1603.0
0.8715625042885783,1.0,1.0,1.0,1.0,1.0,1.0,1.0,6619.0,330950.0,1603.0,1604.0
0.898315703927424,1.0,1.0,1.0,1.0,1.0,1.0,1.0,7621.0,381050.0,1604.0,1605.0
0.887465249743322,1.0,1.0,1.0,1.0,1.0,1.0,1.0,7744.0,387200.0,1605.0,1606.0
0.9033030480876952,1.0,1.0,1.0,1.0,1.0,0.96,0.98,8120.0,406000.0,1606.0,1607.0
0.8868515429131463,1.0,1.0,1.0,1.0,1.0,0.98,0.98,8194.0,409700.0,1607.0,1608.0
0.8686708098022041,1.0,1.0,1.0,1.0,1.0,1.0,0.99,6246.0,312300.0,1608.0,1609.0
0.8904737471986971,1.0,1.0,1.0,1.0,1.0,0.98,0.98,7207.0,360350.0,1609.0,1610.0
0.8782935189778647,1.0,1.0,1.0,1.0,1.0,0.98,0.99,7078.0,353900.0,1610.0,1611.0
0.8808067421305406,1.0,1.0,1.0,1.0,0.9,0.98,0.99,7355.0,367750.0,1611.0,1612.0
0.8713809389448854,1.0,1.0,1.0,1.0,1.0,1.0,0.99,6911.0,345550.0,1612.0,1613.0
0.8537328401544575,1.0,1.0,1.0,1.0,1.0,0.98,0.99,7488.0,374400.0,1613.0,1614.0
0.8610642911415447,1.0,1.0,1.0,1.0,1.0,1.0,1.0,7139.0,356950.0,1614.0,1615.0
0.8789971764226538,1.0,1.0,1.0,1.0,1.0,1.0,1.0,6884.0,344200.0,1615.0,1616.0
0.8671600693820996,1.0,1.0,1.0,1.0,1.0,1.0,1.0,7325.0,366250.0,1616.0,1617.0
0.8626882700059513,1.0,1.0,1.0,1.0,1.0,1.0,1.0,7265.0,363250.0,1617.0,1618.0
0.8489701597465107,1.0,1.0,1.0,1.0,1.0,0.98,0.98,8209.0,410450.0,1618.0,1619.0
0.8895364445292115,1.0,1.0,1.0,1.0,1.0,1.0,1.0,7543.0,377150.0,1619.0,1620.0
0.8883950316559586,1.0,1.0,1.0,1.0,1.0,1.0,1.0,7102.0,355100.0,1620.0,1621.0
0.9096071341517293,1.0,1.0,1.0,1.0,1.0,1.0,0.99,8214.0,410700.0,1621.0,1622.0
0.8786473041805238,1.0,1.0,1.0,1.0,1.0,1.0,1.0,7731.0,386550.0,1622.0,1623.0
0.9127364490318182,1.0,1.0,1.0,1.0,1.0,1.0,1.0,6698.0,334900.0,1623.0,1624.0
0.9024178980002925,1.0,1.0,1.0,1.0,1.0,1.0,1.0,7048.0,352400.0,1624.0,1625.0
0.8956641849559243,1.0,1.0,1.0,1.0,1.0,1.0,1.0,6451.0,322550.0,1625.0,1626.0
0.8766691960403432,1.0,1.0,1.0,1.0,1.0,1.0,0.98,7423.0,371150.0,1626.0,1627.0
0.9070883707911287,1.0,1.0,1.0,1.0,1.0,0.98,0.99,7260.0,363000.0,1627.0,1628.0
0.8848078256863066,1.0,1.0,1.0,1.0,1.0,1.0,1.0,7685.0,384250.0,1628.0,1629.0
0.8950866856887206,1.0,1.0,1.0,1.0,1.0,0.98,0.98,6621.0,331050.0,1629.0,1630.0
0.8771398004629164,1.0,1.0,1.0,1.0,1.0,1.0,1.0,7842.0,392100.0,1630.0,1631.0
0.8877296578265899,1.0,1.0,1.0,1.0,1.0,1.0,1.0,7553.0,377650.0,1631.0,1632.0
0.8954981017433425,1.0,1.0,1.0,1.0,1.0,0.98,0.99,7379.0,368950.0,1632.0,1633.0
0.8688282179866033,1.0,1.0,1.0,1.0,1.0,1.0,1.0,7307.0,365350.0,1633.0,1634.0
0.8852174216678382,1.0,1.0,1.0,1.0,1.0,0.98,0.98,7483.0,374150.0,1634.0,1635.0
0.859661219172907,1.0,1.0,1.0,1.0,1.0,1.0,0.99,7356.0,367800.0,1635.0,1636.0
0.8637565905655664,1.0,1.0,1.0,1.0,1.0,1.0,1.0,6877.0,343850.0,1636.0,1637.0
0.8873950301435158,0.5,1.0,1.0,1.0,0.9,0.98,0.99,6605.0,330250.0,1637.0,1638.0
0.9064942320937466,1.0,1.0,1.0,1.0,1.0,1.0,0.99,6523.0,326150.0,1638.0,1639.0
0.8892571168705667,1.0,1.0,1.0,1.0,1.0,1.0,0.99,6530.0,326500.0,1639.0,1640.0
0.8691995151187639,1.0,1.0,1.0,1.0,0.9,0.96,0.98,7740.0,387000.0,1640.0,1641.0
0.8767740966473678,1.0,1.0,1.0,1.0,1.0,1.0,1.0,6766.0,338300.0,1641.0,1642.0
0.8650767729986426,1.0,1.0,1.0,1.0,1.0,1.0,1.0,6514.0,325700.0,1642.0,1643.0
0.8586118754724874,1.0,1.0,1.0,1.0,1.0,1.0,1.0,6079.0,303950.0,1643.0,1644.0
0.8789341710649252,1.0,1.0,1.0,1.0,1.0,1.0,0.99,6600.0,330000.0,1644.0,1645.0
0.8957976426285538,1.0,1.0,1.0,1.0,0.9,0.98,0.99,6503.0,325150.0,1645.0,1646.0
0.8804248812510725,1.0,1.0,1.0,1.0,1.0,1.0,0.99,7000.0,350000.0,1646.0,1647.0
0.8863606328571142,1.0,1.0,1.0,1.0,1.0,1.0,0.99,6756.0,337800.0,1647.0,1648.0
0.9016504495020388,1.0,1.0,1.0,1.0,1.0,1.0,1.0,6912.0,345600.0,1648.0,1649.0
0.9066458482115782,1.0,1.0,1.0,1.0,1.0,1.0,1.0,7406.0,370300.0,1649.0,1650.0
0.9027266167291254,1.0,1.0,1.0,1.0,1.0,1.0,0.99,7404.0,370200.0,1650.0,1651.0
0.8974331645049992,1.0,1.0,1.0,1.0,0.9,0.92,0.96,8942.0,447100.0,1651.0,1652.0
0.8868159592387241,1.0,1.0,1.0,1.0,1.0,1.0,1.0,7165.0,358250.0,1652.0,1653.0
0.8864996858740483,0.5,1.0,1.0,1.0,0.9,0.98,0.99,6659.0,332950.0,1653.0,1654.0
0.8741227879166826,1.0,1.0,1.0,1.0,1.0,1.0,1.0,6809.0,340450.0,1654.0,1655.0
0.8885404887314791,1.0,1.0,1.0,1.0,1.0,1.0,1.0,6843.0,342150.0,1655.0,1656.0
0.8697002804955131,1.0,1.0,1.0,1.0,1.0,1.0,0.99,7200.0,360000.0,1656.0,1657.0
0.9011577439273167,1.0,1.0,1.0,1.0,1.0,0.9,0.95,6328.0,316400.0,1657.0,1658.0
0.9015880689858193,1.0,1.0,1.0,1.0,1.0,1.0,1.0,7212.0,360600.0,1658.0,1659.0
0.8900207849074455,1.0,1.0,1.0,1.0,1.0,1.0,1.0,6985.0,349250.0,1659.0,1660.0
0.8792617365281312,1.0,1.0,1.0,1.0,1.0,1.0,1.0,6726.0,336300.0,1660.0,1661.0
0.9098136325745625,1.0,1.0,1.0,1.0,1.0,0.98,0.98,6466.0,323300.0,1661.0,1662.0
0.8947278545128263,1.0,1.0,1.0,1.0,1.0,1.0,0.99,7113.0,355650.0,1662.0,1663.0
0.8932060572840648,1.0,1.0,1.0,1.0,1.0,0.98,0.99,6975.0,348750.0,1663.0,1664.0
0.8980206996328524,1.0,1.0,1.0,1.0,1.0,0.98,0.95,6848.0,342400.0,1664.0,1665.0
0.8685037662289558,1.0,1.0,1.0,1.0,1.0,1.0,1.0,8256.0,412800.0,1665.0,1666.0
0.8877833504448016,1.0,1.0,1.0,1.0,1.0,1.0,0.99,7684.0,384200.0,1666.0,1667.0
0.906575687659311,1.0,1.0,1.0,1.0,1.0,1.0,1.0,6487.0,324350.0,1667.0,1668.0
0.9073359312742519,1.0,1.0,1.0,1.0,1.0,0.98,0.99,7234.0,361700.0,1668.0,1669.0
0.8905550600036944,1.0,1.0,1.0,1.0,1.0,1.0,0.99,7031.0,351550.0,1669.0,1670.0
0.8669081173111959,1.0,1.0,1.0,1.0,1.0,1.0,1.0,6976.0,348800.0,1670.0,1671.0
0.8842735353041722,1.0,1.0,1.0,1.0,1.0,1.0,1.0,7458.0,372900.0,1671.0,1672.0
0.8613032888617401,1.0,1.0,1.0,1.0,1.0,1.0,1.0,7402.0,370100.0,1672.0,1673.0
0.8700151896329253,1.0,1.0,1.0,1.0,1.0,1.0,0.99,8129.0,406450.0,1673.0,1674.0
0.8669406170403043,1.0,1.0,1.0,1.0,1.0,1.0,0.99,8018.0,400900.0,1674.0,1675.0
0.8536714344454196,1.0,1.0,1.0,1.0,1.0,1.0,1.0,7261.0,363050.0,1675.0,1676.0
0.8976373525991226,1.0,1.0,1.0,1.0,1.0,0.98,0.99,7646.0,382300.0,1676.0,1677.0
0.8787418413803756,1.0,1.0,1.0,1.0,1.0,1.0,1.0,7192.0,359600.0,1677.0,1678.0
0.8943052115901738,1.0,1.0,1.0,1.0,1.0,1.0,0.99,6945.0,347250.0,1678.0,1679.0
0.905969301995953,1.0,1.0,1.0,1.0,1.0,0.98,0.99,6546.0,327300.0,1679.0,1680.0
0.8814029379113989,1.0,1.0,1.0,1.0,1.0,1.0,1.0,8073.0,403650.0,1680.0,1681.0
0.8872114528524591,1.0,1.0,1.0,1.0,1.0,1.0,1.0,6557.0,327850.0,1681.0,1682.0
0.895709647374098,1.0,1.0,1.0,1.0,1.0,0.98,0.99,7018.0,350900.0,1682.0,1683.0
0.8737093859582917,1.0,1.0,1.0,1.0,1.0,1.0,1.0,5896.0,294800.0,1683.0,1684.0
0.8883995330464897,1.0,1.0,1.0,1.0,1.0,1.0,1.0,7053.0,352650.0,1684.0,1685.0
0.9009758783748896,1.0,1.0,1.0,1.0,1.0,1.0,1.0,7103.0,355150.0,1685.0,1686.0
0.9129589005953163,1.0,1.0,1.0,1.0,1.0,1.0,1.0,6384.0,319200.0,1686.0,1687.0
0.868157738238736,1.0,1.0,1.0,1.0,1.0,1.0,0.99,7930.0,396500.0,1687.0,1688.0
0.8814945488779627,1.0,1.0,1.0,1.0,0.9,0.96,0.98,6835.0,341750.0,1688.0,1689.0
0.8798583776670932,1.0,1.0,1.0,1.0,1.0,1.0,0.99,6049.0,302450.0,1689.0,1690.0
0.9067631823550912,0.5,1.0,1.0,1.0,0.9,0.98,0.99,6993.0,349650.0,1690.0,1691.0
0.9050535938800722,1.0,1.0,1.0,1.0,1.0,1.0,1.0,7795.0,389750.0,1691.0,1692.0
0.9041622637711536,1.0,1.0,1.0,1.0,1.0,0.96,0.98,7508.0,375400.0,1692.0,1693.0
0.896976176714675,1.0,1.0,1.0,1.0,1.0,1.0,1.0,7398.0,369900.0,1693.0,1694.0
0.8759197857784625,1.0,1.0,1.0,1.0,1.0,1.0,0.99,7438.0,371900.0,1694.0,1695.0
0.8827077943886549,1.0,1.0,1.0,1.0,0.9,0.98,0.99,7738.0,386900.0,1695.0,1696.0
0.8716787129137544,1.0,1.0,1.0,1.0,1.0,1.0,1.0,6682.0,334100.0,1696.0,1697.0
0.8507952714066995,1.0,1.0,1.0,1.0,1.0,1.0,1.0,7643.0,382150.0,1697.0,1698.0
0.9120596160910781,1.0,1.0,1.0,1.0,1.0,1.0,0.99,6730.0,336500.0,1698.0,1699.0
0.9040622214936616,1.0,1.0,1.0,1.0,1.0,1.0,1.0,6149.0,307450.0,1699.0,1700.0
0.8841971239306413,1.0,1.0,1.0,1.0,1.0,1.0,1.0,7212.0,360600.0,1700.0,1701.0
0.8758144214465576,1.0,1.0,1.0,1.0,1.0,1.0,0.99,6830.0,341500.0,1701.0,1702.0
0.8780474780285429,1.0,1.0,1.0,1.0,1.0,1.0,1.0,6979.0,348950.0,1702.0,1703.0
0.8787908997988373,1.0,1.0,1.0,1.0,0.9,0.94,0.96,7995.0,399750.0,1703.0,1704.0
0.8744924000245751,1.0,1.0,1.0,1.0,1.0,0.98,0.99,8082.0,404100.0,1704.0,1705.0
0.89657879902575,1.0,1.0,1.0,1.0,0.9,0.98,0.98,7250.0,362500.0,1705.0,1706.0
0.9039190434537809,1.0,1.0,1.0,1.0,1.0,0.98,0.98,6327.0,316350.0,1706.0,1707.0
0.8758648699447134,1.0,1.0,1.0,1.0,1.0,1.0,1.0,7665.0,383250.0,1707.0,1708.0
0.8942839674910507,1.0,1.0,1.0,1.0,1.0,1.0,1.0,6957.0,347850.0,1708.0,1709.0
0.9052774637699863,1.0,1.0,1.0,1.0,1.0,1.0,1.0,7047.0,352350.0,1709.0,1710.0
0.8832333404157878,1.0,1.0,1.0,1.0,1.0,0.98,0.99,7327.0,366350.0,1710.0,1711.0
0.8978226849084044,1.0,1.0,1.0,1.0,1.0,1.0,1.0,6904.0,345200.0,1711.0,1712.0
0.9341344980923834,1.0,1.0,1.0,1.0,1.0,1.0,1.0,6645.0,332250.0,1712.0,1713.0
0.9120567515293776,1.0,1.0,1.0,1.0,1.0,1.0,0.98,6126.0,306300.0,1713.0,1714.0
0.8919036876566888,0.5,1.0,1.0,1.0,0.8,0.94,0.97,6529.0,326450.0,1714.0,1715.0
0.8771867809086159,1.0,1.0,1.0,1.0,0.9,0.98,0.98,6700.0,335000.0,1715.0,1716.0
0.8875288923916508,1.0,1.0,1.0,1.0,1.0,1.0,1.0,7304.0,365200.0,1716.0,1717.0
0.8787476383571408,1.0,1.0,1.0,1.0,1.0,1.0,1.0,6978.0,348900.0,1717.0,1718.0
0.8714321366276617,1.0,1.0,1.0,1.0,1.0,0.98,0.99,8236.0,411800.0,1718.0,1719.0
0.8508491115741784,1.0,1.0,1.0,1.0,1.0,1.0,1.0,7604.0,380200.0,1719.0,1720.0
0.8929363572234309,1.0,1.0,1.0,1.0,1.0,1.0,0.98,8051.0,402550.0,1720.0,1721.0
0.8965128223789618,1.0,1.0,1.0,1.0,1.0,1.0,1.0,7737.0,386850.0,1721.0,1722.0
0.8821495233424431,1.0,1.0,1.0,1.0,1.0,1.0,1.0,6829.0,341450.0,1722.0,1723.0
0.907850798184827,1.0,1.0,1.0,1.0,1.0,1.0,1.0,7166.0,358300.0,1723.0,1724.0
0.8952591343390401,1.0,1.0,1.0,1.0,1.0,1.0,1.0,7547.0,377350.0,1724.0,1725.0
0.8790970765601012,1.0,1.0,1.0,1.0,1.0,1.0,1.0,8461.0,423050.0,1725.0,1726.0
0.8791885290756385,1.0,1.0,1.0,1.0,1.0,1.0,1.0,6949.0,347450.0,1726.0,1727.0
0.8765094552604573,1.0,1.0,1.0,1.0,1.0,1.0,0.99,7619.0,380950.0,1727.0,1728.0
0.8790645190278553,1.0,1.0,1.0,1.0,1.0,0.98,0.99,6265.0,313250.0,1728.0,1729.0
0.8922375744358629,1.0,1.0,1.0,1.0,0.9,0.98,0.97,7105.0,355250.0,1729.0,1730.0
0.8903776885862998,1.0,1.0,1.0,1.0,0.9,0.96,0.96,7257.0,362850.0,1730.0,1731.0
0.8474330167989833,1.0,1.0,1.0,1.0,1.0,0.94,0.96,8036.0,401800.0,1731.0,1732.0
0.8687502588707652,1.0,1.0,1.0,1.0,1.0,1.0,0.99,7196.0,359800.0,1732.0,1733.0
0.8955060692561376,1.0,1.0,1.0,1.0,1.0,1.0,1.0,6901.0,345050.0,1733.0,1734.0
0.8918982935490369,1.0,1.0,1.0,1.0,1.0,1.0,0.99,7112.0,355600.0,1734.0,1735.0
0.8935143693543784,1.0,1.0,1.0,1.0,1.0,1.0,1.0,7256.0,362800.0,1735.0,1736.0
0.8878697103801211,1.0,1.0,1.0,1.0,1.0,1.0,0.99,6619.0,330950.0,1736.0,1737.0
0.8555421516039664,1.0,1.0,1.0,1.0,1.0,1.0,1.0,7219.0,360950.0,1737.0,1738.0
0.8571151941415303,1.0,1.0,1.0,1.0,1.0,0.98,0.98,7873.0,393650.0,1738.0,1739.0
0.8739603297552841,1.0,1.0,1.0,1.0,1.0,1.0,1.0,8538.0,426900.0,1739.0,1740.0
0.8829901199797477,1.0,1.0,1.0,1.0,1.0,1.0,1.0,7119.0,355950.0,1740.0,1741.0
0.9034014336030709,1.0,1.0,1.0,1.0,1.0,0.98,0.98,6434.0,321700.0,1741.0,1742.0
0.8717409608387533,1.0,1.0,1.0,1.0,1.0,1.0,1.0,7077.0,353850.0,1742.0,1743.0
0.8292536637941109,1.0,1.0,1.0,1.0,1.0,1.0,0.99,7205.0,360250.0,1743.0,1744.0
0.883455754008407,1.0,1.0,1.0,1.0,1.0,1.0,1.0,8569.0,428450.0,1744.0,1745.0
0.8658765862751026,1.0,1.0,1.0,1.0,1.0,0.98,0.99,8221.0,411050.0,1745.0,1746.0
0.8626593255040848,1.0,1.0,1.0,1.0,1.0,1.0,1.0,8017.0,400850.0,1746.0,1747.0
0.877304645674017,1.0,1.0,1.0,1.0,1.0,1.0,0.99,6995.0,349750.0,1747.0,1748.0
0.8966173691252517,1.0,1.0,1.0,1.0,1.0,0.98,0.99,7382.0,369100.0,1748.0,1749.0
0.8700085586619944,1.0,1.0,1.0,1.0,1.0,1.0,1.0,7131.0,356550.0,1749.0,1750.0
0.9051919017676016,1.0,1.0,1.0,1.0,1.0,1.0,1.0,6714.0,335700.0,1750.0,1751.0
0.9007686298427287,1.0,1.0,1.0,1.0,1.0,1.0,1.0,7055.0,352750.0,1751.0,1752.0
0.9147526406241574,1.0,1.0,1.0,1.0,1.0,1.0,1.0,7671.0,383550.0,1752.0,1753.0
0.8874316992671519,1.0,1.0,1.0,1.0,1.0,1.0,0.99,6788.0,339400.0,1753.0,1754.0
0.897751001025527,1.0,1.0,1.0,1.0,1.0,1.0,1.0,7372.0,368600.0,1754.0,1755.0
0.8802162785812169,1.0,1.0,1.0,1.0,1.0,1.0,1.0,7396.0,369800.0,1755.0,1756.0
0.8861881149062266,1.0,1.0,1.0,1.0,1.0,1.0,1.0,7435.0,371750.0,1756.0,1757.0
0.8955154764499736,1.0,1.0,1.0,1.0,1.0,1.0,1.0,8130.0,406500.0,1757.0,1758.0
0.867867290450869,1.0,1.0,1.0,1.0,1.0,0.96,0.98,7731.0,386550.0,1758.0,1759.0
0.8496271179044453,1.0,1.0,1.0,1.0,1.0,1.0,1.0,7643.0,382150.0,1759.0,1760.0
0.8723316125214706,1.0,1.0,1.0,1.0,1.0,0.98,0.99,7429.0,371450.0,1760.0,1761.0
0.8494127314693752,1.0,1.0,1.0,1.0,1.0,1.0,0.99,7633.0,381650.0,1761.0,1762.0
0.8804418506923349,1.0,1.0,1.0,1.0,1.0,1.0,0.99,6971.0,348550.0,1762.0,1763.0
0.8810426155176379,1.0,1.0,1.0,1.0,1.0,1.0,0.99,6907.0,345350.0,1763.0,1764.0
0.8810274343634347,1.0,1.0,1.0,1.0,1.0,1.0,0.99,7667.0,383350.0,1764.0,1765.0
0.8926460186894705,1.0,1.0,1.0,1.0,1.0,1.0,1.0,7930.0,396500.0,1765.0,1766.0
0.8914705363120452,1.0,1.0,1.0,1.0,1.0,1.0,1.0,6887.0,344350.0,1766.0,1767.0
0.8961597304499933,1.0,1.0,1.0,1.0,0.9,0.98,0.98,6933.0,346650.0,1767.0,1768.0
0.9053201074309681,1.0,1.0,1.0,1.0,1.0,1.0,1.0,6501.0,325050.0,1768.0,1769.0
0.9077616189136677,1.0,1.0,1.0,1.0,1.0,0.98,0.99,8255.0,412750.0,1769.0,1770.0
0.9102341595571934,1.0,1.0,1.0,1.0,0.9,0.98,0.97,7253.0,362650.0,1770.0,1771.0
0.8964525474840872,1.0,1.0,1.0,1.0,1.0,1.0,0.99,7562.0,378100.0,1771.0,1772.0
0.8834470623859003,1.0,1.0,1.0,1.0,0.9,0.98,0.99,6872.0,343600.0,1772.0,1773.0
0.8748451978578935,1.0,1.0,1.0,1.0,1.0,1.0,1.0,8514.0,425700.0,1773.0,1774.0
0.8691160763759764,1.0,1.0,1.0,1.0,1.0,1.0,1.0,7864.0,393200.0,1774.0,1775.0
0.8771383917863032,0.5,1.0,1.0,1.0,0.9,0.98,0.99,6898.0,344900.0,1775.0,1776.0
0.8978870482787882,1.0,1.0,1.0,1.0,1.0,0.98,0.99,7662.0,383100.0,1776.0,1777.0
0.9170361592936974,1.0,1.0,1.0,1.0,1.0,0.98,0.99,6524.0,326200.0,1777.0,1778.0
0.9114871228822033,1.0,1.0,1.0,1.0,1.0,1.0,1.0,6344.0,317200.0,1778.0,1779.0
0.8946333236326459,1.0,1.0,1.0,1.0,1.0,1.0,1.0,7677.0,383850.0,1779.0,1780.0
0.889642826165497,1.0,1.0,1.0,1.0,1.0,1.0,1.0,7535.0,376750.0,1780.0,1781.0
0.8592454851665986,1.0,1.0,1.0,1.0,1.0,1.0,1.0,7873.0,393650.0,1781.0,1782.0
0.902017381470057,1.0,1.0,1.0,1.0,1.0,1.0,1.0,7704.0,385200.0,1782.0,1783.0
0.8893328914039327,1.0,1.0,1.0,1.0,1.0,0.98,0.99,7542.0,377100.0,1783.0,1784.0
0.8849990549175698,1.0,1.0,1.0,1.0,1.0,1.0,1.0,6517.0,325850.0,1784.0,1785.0
0.9120861508154205,1.0,1.0,1.0,1.0,0.9,0.98,0.99,7293.0,364650.0,1785.0,1786.0
0.8946578169146966,1.0,1.0,1.0,1.0,1.0,1.0,1.0,7115.0,355750.0,1786.0,1787.0
0.8927526366685928,1.0,1.0,1.0,1.0,1.0,0.98,0.99,6537.0,326850.0,1787.0,1788.0
0.8687797764558551,1.0,1.0,1.0,1.0,1.0,0.98,0.99,7479.0,373950.0,1788.0,1789.0
0.8817789452540554,1.0,1.0,1.0,1.0,0.9,0.98,0.99,6688.0,334400.0,1789.0,1790.0
0.8983018312940331,1.0,1.0,1.0,1.0,1.0,0.98,0.99,8350.0,417500.0,1790.0,1791.0
0.9221333552762645,1.0,1.0,1.0,1.0,1.0,1.0,1.0,7963.0,398150.0,1791.0,1792.0
0.9121372421484313,1.0,1.0,1.0,1.0,1.0,1.0,1.0,8586.0,429300.0,1792.0,1793.0
0.9103973202072964,1.0,1.0,1.0,1.0,1.0,0.98,0.99,9393.0,469650.0,1793.0,1794.0
0.8802020332675337,1.0,1.0,1.0,1.0,1.0,1.0,0.99,8043.0,402150.0,1794.0,1795.0
0.8970594584318679,1.0,1.0,1.0,1.0,1.0,1.0,0.98,7503.0,375150.0,1795.0,1796.0
0.8926912636683109,1.0,1.0,1.0,1.0,1.0,1.0,1.0,7094.0,354700.0,1796.0,1797.0
0.9102433237228762,1.0,1.0,1.0,1.0,1.0,1.0,1.0,6861.0,343050.0,1797.0,1798.0
0.8631181432645839,1.0,1.0,1.0,1.0,1.0,0.98,0.99,6973.0,348650.0,1798.0,1799.0
