AUC,Precision,Recall,F1,Accuracy,MRR,PosEdges,NegEdges,InputGraph,TargetGraph
0.9668889723519758,0.6510436289654133,0.9707865168539326,0.779396508953137,0.7252247191011236,1.0,8900,8900,70,71
0.9793134461714358,0.6516562026412643,0.9812017820275997,0.7831743278404163,0.7283494512658916,1.0,9203,9203,71,72
0.9813801623263587,0.6514148103552077,0.9847554038680318,0.7841289971917746,0.7288964732650739,1.0,8790,8790,72,73
0.9836121467225712,0.6544903372489579,0.9849452554744526,0.7864135136365706,0.7324931569343066,1.0,8768,8768,73,74
0.980850029637473,0.6553467714383328,0.9852080123266564,0.7871153057037341,0.7335387776065743,1.0,9735,9735,74,75
0.9799407128973641,0.6575075893204639,0.9831238361266295,0.788003171789729,0.7355097765363129,1.0,8592,8592,75,76
0.9750421938312323,0.6513117487057998,0.9789001714361071,0.7821917808219178,0.7274165897402084,1.0,7583,7583,76,77
0.9848841683483218,0.6533627162912178,0.9890042006424512,0.7868868573675415,0.7321472695824067,1.0,8094,8094,77,78
0.9723702588801225,0.6487158908507223,0.975265444015444,0.7791594370541739,0.7235762548262549,1.0,8288,8288,78,79
0.9831371836923736,0.6541794609348345,0.9874343392728396,0.7869807913314727,0.7327222165001545,1.0,9709,9709,79,80
0.9707377020482528,0.6458317812709529,0.9742638795234885,0.7767573137404238,0.7199932569116655,1.0,8898,8898,80,81
0.9593436760065701,0.6450449175921341,0.9632407309601775,0.7726656498898492,0.716594486109644,1.0,9467,9467,81,82
0.9789725916463927,0.6489949547529431,0.9809950369204696,0.7811837285521496,0.7252148650284469,1.0,8261,8261,82,83
0.9835830438364038,0.6510126684418623,0.9852240810843815,0.7839860071907492,0.728538283062645,1.0,8189,8189,83,84
0.9711777546625774,0.6488014854827819,0.9747654070504692,0.779061518191953,0.7235607405528786,1.0,7886,7886,84,85
0.9795679498325851,0.6505257332595462,0.9799916631929971,0.7819723931481789,0.7267611504793664,1.0,7197,7197,85,86
0.9830173242966789,0.6509743059148129,0.9880905640622956,0.7848640781745413,0.7291584871090171,1.0,7641,7641,86,87
0.9804257683786869,0.6473106272101247,0.982763492512009,0.7805206463195691,0.7236507487990957,1.0,7078,7078,87,88
0.9846081968779326,0.6521190261496844,0.9863611565739225,0.7851481923786777,0.7300872885979269,1.0,7332,7332,88,89
0.9781173499281597,0.6492624050067054,0.9784424683373754,0.7805664534852474,0.7249393694421988,1.0,7422,7422,89,90
0.9774609484765047,0.6514668627931682,0.979120609186932,0.7823740124638108,0.7276467698354213,1.0,8142,8142,90,91
0.9819653358935735,0.6535065800433116,0.9860500188513259,0.7860542002705004,0.731619957270328,1.0,7957,7957,91,92
0.969194793085844,0.6432955023118958,0.9732892393792928,0.7746115300906008,0.7168023403714068,1.0,7862,7862,92,93
0.9552449999173025,0.6400544341120435,0.956394035246272,0.7668825580868699,0.7092747401717127,1.0,8852,8852,93,94
0.977564590594529,0.6516474464579901,0.984690067214339,0.7842767919103797,0.7291511077918845,1.0,8034,8034,94,95
0.9748532278442664,0.6499526216045484,0.976625533934504,0.7804854921297174,0.7253203607024205,1.0,8428,8428,95,96
0.9660983294720409,0.6457885090445454,0.9691461372877302,0.7750944478982353,0.7187873714422387,1.0,8362,8362,96,97
0.9743849711446749,0.6526560082516761,0.9793628272926609,0.783308402537783,0.729072617051464,1.0,7753,7753,97,98
0.9737421594491388,0.6516158606463442,0.9756348661633494,0.7813659475058403,0.7270075497597803,1.0,8742,8742,98,99
0.9837050197008158,0.6531718472092827,0.9866939611054247,0.786016409315599,0.7313843398157626,1.0,7816,7816,99,100
0.9586318501954452,0.6506091249303289,0.9643573704709076,0.7770064663370103,0.72323852236516,1.0,8473,8473,100,101
0.9749073615369733,0.6509175788795879,0.9790556900726393,0.7819570682653258,0.7269975786924939,1.0,8260,8260,101,102
0.977001070852323,0.6473983532807063,0.9807123569499807,0.7799365988342366,0.7232866143757233,1.0,7777,7777,102,103
0.9822022147394713,0.652040731848663,0.9858555513831518,0.7849312338050628,0.7298785830516961,1.0,7989,7989,103,104
0.9703029164572112,0.6514285714285715,0.9742328110837757,0.7807814040367353,0.7264663990677198,1.0,7723,7723,104,105
0.978998199346332,0.6494894551006776,0.981115756090529,0.781580156178227,0.725818076978521,1.0,6937,6937,105,106
0.9823186585035277,0.6515300205192256,0.9860923575479341,0.7846360461993016,0.7293410748042128,1.0,7406,7406,106,107
0.9775335383288641,0.6485620308678418,0.9801172572011216,0.7805917880525808,0.724509304104002,1.0,7846,7846,107,108
0.9779536661951305,0.6505273250239694,0.9816261574074074,0.7824933687002652,0.7271412037037037,1.0,6912,6912,108,109
0.9792312787210985,0.651786472035984,0.9833546734955185,0.7839534527637422,0.7290012804097311,1.0,7810,7810,109,110
0.9777858088769278,0.6517958083311592,0.9797385620915032,0.7828085017494386,0.7281699346405229,1.0,7650,7650,110,111
0.9834593781096072,0.6552152317880795,0.9897461548080531,0.7884644120137471,0.7344629235963487,1.0,7997,7997,111,112
0.8360710111737705,0.6094904125941953,0.8186191001102315,0.6987426225301514,0.6470588235294118,1.0,9979,9979,112,113
0.9309050530322814,0.6387303572824642,0.9353176874642244,0.7590820403233299,0.7031482541499714,1.0,8735,8735,113,114
0.9586704493785553,0.6483725893741901,0.9678006599158039,0.7765199926967318,0.7214700193423598,1.0,8789,8789,114,115
0.9250009888743717,0.6355700102704553,0.925242960378769,0.7535261288685946,0.6973585846000498,1.0,8026,8026,115,116
0.969697314147153,0.6519667302027379,0.9845610362423133,0.7844670315350534,0.7294910375507,1.0,7643,7643,116,117
0.9653788047531845,0.6469626998223801,0.9695485519591142,0.7760685217539524,0.7202406303236797,1.0,9392,9392,117,118
0.9657064804618175,0.6546518792359828,0.9712065813528337,0.7821126242178874,0.7294332723948812,1.0,8752,8752,118,119
0.9726004046440779,0.6491173976720882,0.9795277422356636,0.7808066759388039,0.725020355938118,1.0,8597,8597,119,120
0.976970041969778,0.6507255422062724,0.9811786848606047,0.7824944884844505,0.727267380308199,1.0,8501,8501,120,121
0.9822201342300494,0.6507732991425595,0.9863962103728896,0.7841830822711472,0.7285315194947164,1.0,8233,8233,121,122
0.9692682866902617,0.6467506060843043,0.9754659117716442,0.7778039031272044,0.7213375796178344,1.0,8478,8478,122,123
0.9728852924059018,0.6449910699788927,0.975205597152326,0.7764475934522356,0.719221799435375,1.0,8147,8147,123,124
0.9813093107371289,0.6497622820919176,0.9845119462120303,0.7828535968303977,0.7269179973586265,1.0,8329,8329,124,125
0.9784745520268954,0.6504961411245865,0.9816971713810316,0.7824933687002652,0.7271214642262895,1.0,9015,9015,125,126
0.9773325650875256,0.6480268413484582,0.9791188895594448,0.7798875162236216,0.7236572118286059,1.0,8285,8285,126,127
0.9802556247805784,0.6479956068094453,0.9826509368494102,0.7809828470575257,0.7244274809160305,1.0,7205,7205,127,128
0.9733086836119774,0.6487787484400072,0.9759957087300523,0.779437751004016,0.7238165482097358,1.0,7457,7457,128,129
0.9621879762357184,0.6418499717992103,0.9622322435174746,0.7700462388632007,0.7126550169109357,1.0,7096,7096,129,130
0.9724593702607216,0.6465030024726245,0.9744442965526421,0.7772999946912991,0.720817250099827,1.0,7513,7513,130,131
0.9869920320719164,0.6580290916096715,0.9895697522816167,0.7904420273084934,0.7376502969723309,1.0,6903,6903,131,132
0.9826736940410196,0.6574835906443561,0.9843598615916955,0.7883826626759782,0.7357785467128027,1.0,7225,7225,132,133
0.9820518617614494,0.650421660008877,0.9850766335036301,0.7835106667379564,0.7278166173702608,1.0,7438,7438,133,134
0.9713696776282623,0.6506528289253432,0.9757750721727124,0.7807180517198092,0.7259319693736663,1.0,7967,7967,134,135
0.960881548994527,0.6502024291497975,0.9592513936819751,0.7750549627325862,0.7215954340323865,1.0,7534,7534,135,136
0.9443611031408325,0.6344289024285592,0.9457592426762185,0.7594247560349255,0.700396571574773,1.0,7817,7817,136,137
0.9655086618278392,0.6454966366733642,0.9691762854144806,0.7748938178386031,0.7184548793284365,1.0,7624,7624,137,138
0.9664573290983023,0.6496477262329582,0.970873786407767,0.7784234184848152,0.7236428278408314,1.0,7313,7313,138,139
0.9718051286231697,0.6504157549234135,0.9743018224727941,0.7800755826159983,0.7253179493903239,1.0,7627,7627,139,140
0.9690509807077902,0.6466111558778762,0.9688757713979071,0.7756000644364496,0.719680708344513,1.0,7454,7454,140,141
0.9798298845037995,0.6499636231356857,0.9821354953964546,0.7822470311388388,0.7266043699326645,1.0,7277,7277,141,142
0.9680230567992504,0.6461903953843543,0.9714285714285714,0.7761133190665443,0.7197704081632653,1.0,7840,7840,142,143
0.9733554798317756,0.6526333445152633,0.9767792142588176,0.7824644311497663,0.7284423245889293,1.0,7967,7967,143,144
0.9635201381561707,0.6474460242232755,0.9691276931161324,0.7762811743659896,0.7207041513399894,1.0,7612,7612,144,145
0.9730759318174392,0.6502286902286902,0.9750592343184936,0.7801835960886051,0.7252774660182068,1.0,8019,8019,145,146
0.9697154591425063,0.6504734848484849,0.9714326120774996,0.7791957347853213,0.7247206901428369,1.0,7071,7071,146,147
0.9748490545793262,0.6468755263601146,0.9773508079908385,0.7784928799472964,0.7219111846290877,1.0,7859,7859,147,148
0.9688841930109696,0.6460620065472752,0.9723228517606144,0.7763058946028808,0.7198232140269526,1.0,6901,6901,148,149
0.9793526014652293,0.6470588235294118,0.9826761473820297,0.7803100297710708,0.7233354880413704,1.0,7735,7735,149,150
0.975669982489563,0.6483847283406755,0.9786125886524822,0.7799858682211623,0.7239583333333334,1.0,9024,9024,150,151
0.9672192416058584,0.6449629380053908,0.9664268585131894,0.773629704470826,0.7172157011233119,1.0,7923,7923,151,152
0.9844359197661811,0.6466585888712835,0.9873345666714103,0.7814823158369002,0.7239220150846734,1.0,7027,7027,152,153
0.9435883066554412,0.6422794117647059,0.9450906140113605,0.7648024515705374,0.7093589396808223,1.0,7394,7394,153,154
0.9812107681299063,0.6524964574476952,0.9844064386317908,0.7848012431700837,0.730067907444668,1.0,7952,7952,154,155
0.9802590270962612,0.6505747126436782,0.9839041977852176,0.7832504740915381,0.7277234097347411,1.0,7766,7766,155,156
0.9759342946112107,0.6498401317701773,0.9802689272142648,0.7815649944648372,0.7260304004676995,1.0,6842,6842,156,157
0.9785451705322024,0.6448996312986481,0.981788699014594,0.7784591039461972,0.7205937383060995,1.0,8017,8017,157,158
0.9785262002212759,0.6526923369028632,0.980155109489051,0.7835878732619102,0.7292997262773723,1.0,8768,8768,158,159
0.9800035964120118,0.6543230285997685,0.9846995895011817,0.7862144311466455,0.7322428162706804,1.0,8039,8039,159,160
0.9640733599848904,0.6496779388083735,0.9651913875598086,0.7766121270452359,0.7223684210526315,1.0,8360,8360,160,161
0.9776925698610074,0.6472619634928466,0.9783743475018642,0.7790973871733967,0.7225950782997763,1.0,8046,8046,161,162
0.982608080722211,0.6520726595249184,0.9836065573770492,0.7842405004201288,0.7293911007025761,1.0,8540,8540,162,163
0.972779407926805,0.6470496652654523,0.9767332549941246,0.778422925641506,0.7219741480611046,1.0,8510,8510,163,164
0.9578255358097005,0.6435018050541517,0.9602105778648384,0.7705836117115347,0.714128305582762,1.0,8168,8168,164,165
0.9789108143460713,0.6520378756689996,0.9862996637190186,0.785069891940121,0.7299788267530203,1.0,8029,8029,165,166
0.9599447557845531,0.6472373043755989,0.9648851327222949,0.7747670250896057,0.7194976788477562,1.0,8401,8401,166,167
0.9710321128723947,0.6518629701571605,0.9733684904416612,0.7808153984453493,0.7267633487145683,1.0,7585,7585,167,168
0.9672437625112756,0.6476553696801595,0.9722836694860117,0.7774425137862866,0.721665582303188,1.0,7685,7685,168,169
0.974042713956035,0.649180060373664,0.9757204169221336,0.7796394277875759,0.7242182709993868,1.0,8155,8155,169,170
0.9643517215188243,0.6425070028011205,0.9660436957093972,0.771737987593313,0.714266912345354,1.0,7598,7598,170,171
0.9718466240595178,0.6513059701492537,0.9733723686044891,0.7804169228189795,0.7261257493377945,1.0,7173,7173,171,172
0.9651726277616862,0.6457787810383747,0.9658338960162053,0.7740259740259741,0.7180283592167455,1.0,7405,7405,172,173
0.9748455902042397,0.652905054322154,0.9776488895176121,0.7829387107737623,0.7289574197199038,1.0,7069,7069,173,174
0.9634103094347636,0.6464132057248222,0.9684293606945541,0.7753146227160234,0.7193501710076295,1.0,7602,7602,174,175
0.9753740185149661,0.654302072413515,0.9812552908453259,0.7850991775520078,0.7314064578546378,1.0,8269,8269,175,176
0.9752563130941448,0.6495008319467555,0.9800401707255837,0.7812468728109677,0.7255837308561386,1.0,7966,7966,176,177
0.9784861087584752,0.6490536952984499,0.9832641411520499,0.7819448026824865,0.7258043591074209,1.0,7708,7708,177,178
0.9762637868393791,0.643366991643454,0.9795891318754142,0.7766510797036725,0.7182902584493042,1.0,7545,7545,178,179
0.9776208589908795,0.6505812494772937,0.9808346992813012,0.7822807723250201,0.7270205522632707,1.0,7931,7931,179,180
0.9711817335744228,0.6478599221789884,0.9750418293363079,0.7784704441723255,0.7225320691578361,1.0,7172,7172,180,181
0.9737439710819367,0.6481364497789008,0.977408818726184,0.7794237343317597,0.7233941208492106,1.0,7348,7348,181,182
0.9747576214444207,0.6507322692117822,0.9792001980933515,0.7818694083337453,0.7268168874582147,1.0,8077,8077,182,183
0.9743845737551386,0.6533441426834211,0.9793413537489367,0.7837969266679634,0.7298578199052133,1.0,8229,8229,183,184
0.9740034515422294,0.6523595156783608,0.9849994140396109,0.7848905075407386,0.7300480487519043,1.0,8533,8533,184,185
0.9687673017856054,0.6479284369114877,0.9720299477327307,0.7775580541273518,0.7219240005650516,1.0,7079,7079,185,186
0.9713351239625893,0.6512956370560476,0.9762968478530653,0.7813477677906342,0.7267932489451476,1.0,8058,8058,186,187
0.9650029152370853,0.6503011799653436,0.9664009809932557,0.7774489493933117,0.7233599019006745,1.0,8155,8155,187,188
0.9764268228184714,0.6489990028380762,0.9801899907321594,0.7809312843232268,0.7250347544022243,1.0,8632,8632,188,189
0.9601462955904277,0.6475958612294583,0.9596701455997938,0.7733361021700758,0.7187218141992011,1.0,7761,7761,189,190
0.9753703736039308,0.6480842733289829,0.9809510371102018,0.7805097114628944,0.7241427966699591,1.0,7087,7087,190,191
0.9756520824499567,0.6545542635658915,0.9802878219857298,0.7849707064349005,0.7314669246583626,1.0,8269,8269,191,192
0.9536885828376516,0.6430640489217895,0.9550669216061185,0.7686093479515291,0.7124760994263862,1.0,8368,8368,192,193
0.9682420328880266,0.6474544525796015,0.9699017982400204,0.776535457190994,0.7208901925774773,1.0,7841,7841,193,194
0.9647602905055056,0.6477415871873313,0.9679978485948635,0.7761306668104145,0.7207879521312357,1.0,7437,7437,194,195
0.9808381448252659,0.6477111174296275,0.984300734552787,0.7812964444952555,0.7244706899034999,1.0,6943,6943,195,196
0.9759418879041831,0.6510118043844857,0.9785804816223067,0.781873417721519,0.7269961977186312,1.0,7890,7890,196,197
0.9776994363907437,0.6461028460543338,0.9815747451173075,0.7792676385976888,0.7219629038201695,1.0,8141,8141,197,198
0.9839550279858597,0.6526587271486005,0.986697247706422,0.785645801944939,0.7307912844036697,1.0,8720,8720,198,199
0.9718501586223729,0.6481337143846887,0.975114006514658,0.7786910831339091,0.7228664495114007,1.0,7675,7675,199,200
0.9788149015699584,0.6510312972843832,0.9832812124127976,0.7833836423745868,0.7281092133750301,1.0,8314,8314,200,201
0.9665710960465705,0.6503438373762563,0.9692532942898975,0.7784008683068018,0.7240680256785674,1.0,8879,8879,201,202
0.9715432804883518,0.6536681051392703,0.9749561146869514,0.7826209488022546,0.7291983616149795,1.0,8545,8545,202,203
0.9803927074423353,0.6499230699610824,0.9831599123767798,0.7825423636462704,0.7267935377875137,1.0,7304,7304,203,204
0.9074651536575725,0.6310934393638171,0.899161568094267,0.7416475865613756,0.6867777022433719,1.0,8826,8826,204,205
0.9795948871409141,0.6537269613439896,0.9801907556859868,0.7843444227005871,0.7304964539007093,1.0,8178,8178,205,206
0.976745925660787,0.6527402996184982,0.9775641025641025,0.7827930591976789,0.7287486064659978,1.0,7176,7176,206,207
0.9843864977741962,0.6559506954276672,0.9875862068965517,0.7883094785306776,0.7347962382445141,1.0,7975,7975,207,208
0.9778159054318989,0.6523984662336646,0.9836007550731477,0.7844742413549753,0.7297663992449268,1.0,8476,8476,208,209
0.970333137355351,0.6474212880898118,0.9793156281920327,0.779511154022054,0.7229954034729316,1.0,7832,7832,209,210
0.9721709164286381,0.652063312605992,0.9758883248730964,0.7817688919010505,0.727580372250423,1.0,7092,7092,210,211
0.9682769254281053,0.6471577531113354,0.973561037318153,0.7774915391220892,0.7213788741302973,1.0,7905,7905,211,212
0.9644832628143252,0.6463093868157159,0.9684690232787289,0.775252649741188,0.7192388225150881,1.0,8119,8119,212,213
0.9740627555479402,0.6505484319480921,0.9818139426439729,0.7825682958557889,0.7272091396595943,1.0,8578,8578,213,214
0.9770715398657155,0.6465510414191811,0.9791316862556968,0.7788218459336991,0.7219357159990405,1.0,8338,8338,214,215
0.979969448105081,0.6502677116473966,0.9827606426644775,0.7826655459045484,0.7271021461240764,1.0,8527,8527,215,216
0.9787776063164674,0.6521620886592331,0.9807770961145195,0.7834041163018621,0.7288343558282209,1.0,7335,7335,216,217
0.9776433963941707,0.6484444087145269,0.9811458460041358,0.7808325266214908,0.7246077119571829,1.0,8221,8221,217,218
0.9805230705962669,0.6507468026115732,0.9827120475418692,0.7829970406241593,0.7276472177201513,1.0,7404,7404,218,219
0.9706194338151741,0.6462063086104007,0.9756864988558352,0.7774801983018975,0.7207522883295194,1.0,6992,6992,219,220
0.9708783104039675,0.6484055600981193,0.9723433242506812,0.778001853164005,0.7225476839237057,1.0,7340,7340,220,221
0.9717020262384052,0.648914858096828,0.976878612716763,0.7798174340455412,0.7241769288766021,1.0,7958,7958,221,222
0.970819802572105,0.6524535021764939,0.9742945782242577,0.7815370030218641,0.7276554882552815,1.0,6769,6769,222,223
0.9681406268121769,0.6475691461948119,0.972147001934236,0.7773367015517864,0.7215344938749194,1.0,7755,7755,223,224
0.9723153951577359,0.6508725839744792,0.974024150519517,0.7803149606299212,0.7257792754844145,1.0,7122,7122,224,225
0.976576775655184,0.6481244281793229,0.9812993489402965,0.7806490715741914,0.7242692893752597,1.0,7219,7219,225,226
0.9741943061977222,0.6494795055302537,0.9746155723700268,0.779502196193265,0.7243104710763973,1.0,8194,8194,226,227
0.9824003354152513,0.6489839007653735,0.9863618130766145,0.7828716969118116,0.7264340152426795,1.0,7479,7479,227,228
0.9867194108075342,0.6559488426551382,0.987927292457949,0.7884167794316644,0.734875203472599,1.0,7372,7372,228,229
0.964595661119152,0.6411792232101077,0.9647936910294325,0.7703811986956033,0.7124348683284044,1.0,7101,7101,229,230
0.9738368990532699,0.6475113541570118,0.9750174459176553,0.778210983624819,0.7221214235868807,1.0,7165,7165,230,231
0.9765746948153929,0.6501132759401903,0.9811269146608315,0.7820352101160952,0.7265454048140044,1.0,7312,7312,231,232
0.9671592628293675,0.6494066005527557,0.9717795888578031,0.7785411489548312,0.7235737744799903,1.0,8221,8221,232,233
0.8937474112532378,0.6312270143764627,0.8992617289830912,0.7417738925449366,0.6869492736365801,1.0,8398,8398,233,234
0.9756241932902641,0.6495411270263316,0.9790562378797673,0.7809631844900484,0.7254040077569489,1.0,7735,7735,234,235
0.9781024722809905,0.649647266313933,0.9814814814814815,0.7818104637588879,0.726085798028244,1.0,7506,7506,235,236
0.9590937449250307,0.6453525494846302,0.9657384657384658,0.7736891027393515,0.7175129675129676,1.0,7326,7326,236,237
0.9733954904188508,0.6464940098661028,0.9747642449196441,0.7773952650812986,0.720879266834905,1.0,7529,7529,237,238
0.9617547775102319,0.6446850393700787,0.968457368161656,0.7740791806184755,0.7173484475110892,1.0,8116,8116,238,239
0.9820056824654015,0.6508379888268156,0.9848538217682282,0.7837421163279608,0.7282493835857696,1.0,8517,8517,239,240
0.9741787559858347,0.649829691783667,0.9775056235941014,0.7806776785268726,0.7253811547113221,1.0,8002,8002,240,241
0.9774312351848112,0.6485817941952506,0.9809203142536476,0.7808606740457636,0.7247162987903729,1.0,8019,8019,241,242
0.9744645610742267,0.6509778833851215,0.9797799174690509,0.7822314957171096,0.7272352132049519,1.0,7270,7270,242,243
0.9798436680480318,0.6496275541584091,0.985997303184317,0.7832248496333526,0.7271029976143554,1.0,9641,9641,243,244
0.9785502625130209,0.6531285255575805,0.9819937369519833,0.7844894980976703,0.730232254697286,1.0,7664,7664,244,245
0.9687658725369299,0.6468570448503559,0.9711600360499549,0.776508132592135,0.7204840993948758,1.0,7767,7767,245,246
0.9778965914884208,0.6523700035373187,0.9802019665160776,0.7833705001592864,0.7289396757905926,1.0,7526,7526,246,247
0.9839814313111591,0.6546655656482246,0.9871746980450753,0.7872498882875726,0.7332212675880961,1.0,8031,8031,247,248
0.9781108425370345,0.6516789516789516,0.9825882934057792,0.7836320661808155,0.7286984440602617,1.0,8098,8098,248,249
0.9815619273105798,0.6469647217310769,0.983237364043506,0.780418444038188,0.7233525271912988,1.0,7815,7815,249,250
0.9701072637607753,0.643444055944056,0.9758716690971762,0.7755360059000158,0.7175526978655707,1.0,7543,7543,250,251
0.9748451519838357,0.6476530523382391,0.9798418972332016,0.7798458553976826,0.7233860342555994,1.0,7590,7590,251,252
0.9656150481405662,0.6499138426191844,0.9701343240925979,0.7783765191469847,0.7237782223492426,1.0,6998,6998,252,253
0.9623724986615559,0.6438368860055607,0.9675487465181059,0.7731775180856983,0.7161559888579387,1.0,7180,7180,253,254
0.974156619090437,0.644801051051051,0.9780782918149467,0.7772184831174708,0.719644128113879,1.0,7025,7025,254,255
0.9757691739157729,0.6479569323095932,0.9764596355898391,0.7789920424403183,0.7229684798510441,1.0,7519,7519,255,256
0.9761688342650684,0.6508303372710152,0.9791371538956858,0.7819200905023911,0.7269156471345782,1.0,7765,7765,256,257
0.9622578191713886,0.649619253548933,0.9637377963737797,0.7760992867973269,0.7219665271966528,1.0,7170,7170,257,258
0.9733206062362542,0.6468637483418609,0.9757038730884665,0.7779613697225229,0.7215235100757468,1.0,6997,6997,258,259
0.9636426977064163,0.6398287297456133,0.9656614292954891,0.7696813614098874,0.7110364926507856,1.0,7892,7892,259,260
0.9609579119383928,0.6476497695852534,0.9628665387777473,0.7744104033502315,0.7195121951219512,1.0,7298,7298,260,261
0.9825668702605037,0.6478290251731711,0.9839620220682577,0.7812754686226568,0.7245316910443931,1.0,7794,7794,261,262
0.9726476389372317,0.645282076884673,0.97473604826546,0.7765094623009913,0.7194570135746606,1.0,7956,7956,262,263
0.974647536894653,0.6483054210651639,0.9762160870084857,0.7791662691977488,0.7233177961037409,1.0,8367,8367,263,264
0.974289883664763,0.6509616269439588,0.9799141155284665,0.7822625234988388,0.727247541210694,1.0,7219,7219,264,265
0.9825342611911442,0.6459130125411368,0.9860149355057706,0.780524505588994,0.7227427019687712,1.0,7365,7365,265,266
0.9815545326760898,0.653703341801837,0.9842577607768133,0.7856262110269508,0.7314256289539502,1.0,6797,6797,266,267
0.9674926615441343,0.6457774798927614,0.9727410398788491,0.776233635448137,0.7195860676426048,1.0,7924,7924,267,268
0.9820299944236325,0.6503719447396387,0.9818181818181818,0.7824419347965055,0.7270053475935829,1.0,7480,7480,268,269
0.9675721989919938,0.6511730463926618,0.9697885196374623,0.7791673262624663,0.7251412058321293,1.0,7613,7613,269,270
0.9803675593637508,0.6480215454733789,0.983957219251337,0.781413939545341,0.724756212645486,1.0,6358,6358,270,271
0.9806586621689009,0.6531647905517624,0.9834676298971937,0.784985584386782,0.7306196165601556,1.0,7198,7198,271,272
0.9824157441249944,0.652134340584327,0.9835277968428278,0.7842600700525394,0.7294440631434455,1.0,7285,7285,272,273
0.9740785854455348,0.6452830188679245,0.9782003710575139,0.777607079210963,0.7202380952380952,1.0,6468,6468,273,274
0.9667736135258136,0.6497485139460448,0.972355275762967,0.7789716039907905,0.7241001779115916,1.0,7307,7307,274,275
0.969915239342476,0.646335785454884,0.9743121841661988,0.7771370990315176,0.720592363840539,1.0,7124,7124,275,276
0.9716817703614069,0.646916146916147,0.9769754055468342,0.778403168647071,0.7218733647305076,1.0,7644,7644,276,277
0.9809837600605602,0.6483809851877368,0.9836686699764828,0.7815841378594415,0.7251110530441599,1.0,7654,7654,277,278
0.9780510448262235,0.6484976724502751,0.9816784112748238,0.7810397553516819,0.7247918001281229,1.0,7805,7805,278,279
0.977404166855838,0.6471387002909796,0.9791605518051071,0.7792571829011913,0.7226298796595245,1.0,6814,6814,279,280
0.9780273973990953,0.6470935379167896,0.9807692307692307,0.7797333333333333,0.7229427549194991,1.0,6708,6708,280,281
0.9745391237925842,0.6520661976018234,0.9762611275964391,0.7818905590873982,0.7276706231454005,1.0,6740,6740,281,282
0.9750288620127828,0.6481882352941176,0.9748053786270346,0.778631995477671,0.7228591648973814,1.0,7065,7065,282,283
0.9810821485828917,0.6551330798479087,0.9837282329431916,0.786488645441059,0.7329431915500999,1.0,7006,7006,283,284
0.9641114344425896,0.6488030239395212,0.9693775100401606,0.7773360841342525,0.7223268072289156,1.0,7968,7968,284,285
0.9654637912047445,0.6473922902494331,0.9672501411631846,0.7756395743717456,0.720214568040655,1.0,7084,7084,285,286
0.9804530735016486,0.6517044440478316,0.9840991780083547,0.7841305631610028,0.729079638862687,1.0,7421,7421,286,287
0.9820433586855938,0.6460138648180243,0.9855896351136965,0.780464824120603,0.7227657324167107,1.0,7564,7564,287,288
0.9869126835421639,0.6490916431166734,0.9890501968503937,0.7837956417881343,0.7271776574803149,1.0,8128,8128,288,289
0.9766069459173332,0.6492518599013626,0.9778421251416342,0.7803677283231186,0.7247891224977968,1.0,7943,7943,289,290
0.9717794751920364,0.6482679315797039,0.9701010970101097,0.7771842150611753,0.7218756721875672,1.0,9298,9298,290,291
0.9720221624437069,0.648870636550308,0.9744314531671592,0.7790046736171743,0.723564178337402,1.0,7783,7783,291,292
0.9790838344176227,0.6533125057429018,0.981501932633904,0.7844651624648314,0.7303285477636665,1.0,7244,7244,292,293
0.9815701498392053,0.649382907707832,0.9841195153511352,0.7824541713430603,0.7263851311610399,1.0,8501,8501,293,294
0.9698202001528483,0.6531806834811053,0.9699603732583408,0.7806584362139918,0.7274702799437556,1.0,7823,7823,294,295
0.9829336342622546,0.6486787920384351,0.9847616566814275,0.7821454432605772,0.7257098202656942,1.0,7678,7678,295,296
0.9831323375798862,0.6523783185840708,0.9849686847599165,0.7848943603393778,0.7300626304801671,1.0,7185,7185,296,297
0.9746306336591996,0.645016303868864,0.9780836562875852,0.777376526818906,0.7198984364559669,1.0,7483,7483,297,298
0.9748912261755001,0.6463847479971605,0.977157749501763,0.778076171875,0.7212938831825847,1.0,6523,6523,298,299
0.9803564990307404,0.6488637453255346,0.9832897413542575,0.7818150309052048,0.7255884917175239,1.0,6882,6882,299,300
0.9797607669421488,0.6459229519166427,0.9828363636363636,0.779533917858791,0.7220363636363636,1.0,6875,6875,300,301
0.9707817779093234,0.6508864924145494,0.975883803781858,0.780921052631579,0.7262263633872293,1.0,7298,7298,301,302
0.9684267541826422,0.651517779705117,0.9717981888745149,0.7800623052959501,0.7260025873221216,1.0,7730,7730,302,303
0.9832765366891352,0.6534171388101983,0.9876890137829519,0.7865096702008632,0.7319015121102637,1.0,7473,7473,303,304
0.9727214714637811,0.6486557722720084,0.9769749900754268,0.7796610169491526,0.7238983723699881,1.0,7557,7557,304,305
0.9774416191461716,0.6489333451358767,0.9816550615961436,0.7813482547295497,0.7252945902517408,1.0,7468,7468,305,306
0.9682754777680866,0.6507660455486542,0.9718031164976503,0.7795248251574822,0.7251422211229285,1.0,8086,8086,306,307
0.9677944542145864,0.6472397476340694,0.9719327333017527,0.7770308653664079,0.7211037423022264,1.0,8444,8444,307,308
0.9666182893984266,0.6510459486617338,0.9721729641249488,0.7798446219498851,0.7255490383303779,1.0,7331,7331,308,309
0.9795249431929369,0.6499595796281326,0.9827515958169224,0.782439446366782,0.7267418171940785,1.0,7363,7363,309,310
0.9602804907869714,0.6463036741921204,0.9609056206397262,0.7728138894770273,0.7175200737133078,1.0,7597,7597,310,311
0.9803275617098292,0.6511782276800531,0.9838285069575028,0.7836636876529033,0.7284066691738749,1.0,7977,7977,311,312
0.9790640351085124,0.652295733911786,0.9809705042816366,0.7835622387492536,0.729033573467446,1.0,7357,7357,312,313
0.9719738286366961,0.6476079346557759,0.9738156296396275,0.7778975741239892,0.7219597786475908,1.0,7409,7409,313,314
0.9644707875289861,0.642657586869216,0.9689351059628801,0.7727678337095165,0.7150849019349743,1.0,7597,7597,314,315
0.9781931139237664,0.6516509433962264,0.9821090047393365,0.7834593572778829,0.7285545023696682,1.0,8440,8440,315,316
0.9684790786431761,0.647479342679417,0.9729352678571429,0.7775238307597971,0.7216099330357143,1.0,7168,7168,316,317
0.9790684974926458,0.6502904400905779,0.9837652666070896,0.7830004149131646,0.7273607387548406,1.0,6714,6714,317,318
0.9802447310175463,0.6546244109766238,0.9848484848484849,0.786479436088139,0.7326244092299138,1.0,7194,7194,318,319
0.9827158071252197,0.6537933401991074,0.9864042470542536,0.7863741935483871,0.7320341836074065,1.0,7723,7723,319,320
0.9756084653421517,0.6478485657104737,0.9758824268308002,0.7787300155365108,0.7227107147343299,1.0,7961,7961,320,321
0.9773919376021238,0.6492483245788806,0.979773131064644,0.7809793561740835,0.7252289189558562,1.0,7317,7317,321,322
0.9824609058079756,0.6500744895276488,0.9847338377804328,0.7831503378378378,0.72733306783486,1.0,7533,7533,322,323
0.9695677419251868,0.6468880069693157,0.9749088256746901,0.777726056092168,0.7213712618526623,1.0,6855,6855,323,324
0.9689429479409303,0.6527705402119159,0.9767381416504224,0.7825498464261544,0.7285899935022742,1.0,7695,7695,324,325
0.9641029133570082,0.6436671151258889,0.9647126602333286,0.7721482506196322,0.7153247875558116,1.0,6943,6943,325,326
0.9789353944593773,0.6452483801295896,0.9819227608874281,0.7787552948843272,0.7210353327855382,1.0,7302,7302,326,327
0.9753641368779806,0.6563434635793536,0.9791306850892343,0.785883440189453,0.7332325849165228,1.0,6948,6948,327,328
0.9755262126759938,0.6501079913606912,0.9778774752475248,0.7809970964354112,0.7257889851485149,1.0,6464,6464,328,329
0.9706958311466743,0.6476829600072549,0.9752833538167418,0.7784196185286103,0.7223815376211935,1.0,7323,7323,329,330
0.9856553724901606,0.654416065509846,0.9879323031640912,0.7873101507066206,0.733112582781457,1.0,6795,6795,330,331
0.9713080021288406,0.6420714940421631,0.9753550543024228,0.7743754145478665,0.715817321080479,1.0,7182,7182,331,332
0.9642082855588758,0.6466019417475728,0.9667458432304038,0.7749100909667865,0.7191871206122987,1.0,7578,7578,332,333
0.972465218007655,0.6498191681735985,0.9751696065128901,0.7799240368963646,0.7248303934871099,1.0,7370,7370,333,334
0.9809323628389738,0.65049513189648,0.9824054291818525,0.7827175327926305,0.7272841523187131,1.0,7957,7957,334,335
0.9784943978411202,0.6513176947581812,0.9836710890800409,0.7837147171564641,0.7285318559556787,1.0,6859,6859,335,336
0.9833268406022119,0.6473301923831959,0.9853578365456447,0.7813518156507316,0.7242641565815031,1.0,6693,6693,336,337
0.9740448894173602,0.6527177411937828,0.9788965517241379,0.783203663852563,0.7290344827586207,1.0,7250,7250,337,338
0.9752287866805411,0.6497131603733196,0.9790967741935483,0.7811004169025684,0.7256129032258064,1.0,7750,7750,338,339
0.9699858418776258,0.6461247961548365,0.9739940483891836,0.7768833849329205,0.72027429162893,1.0,7729,7729,339,340
0.9695735818373854,0.6472608931477128,0.9674368328604243,0.7756052645832205,0.7201053911633563,1.0,7401,7401,340,341
0.9804309397418282,0.648076052512449,0.982566918325326,0.7810147299509002,0.7245024021962938,1.0,7285,7285,341,342
0.9804286404239221,0.6490623160373392,0.9826839826839827,0.7817675360850849,0.7256811815635344,1.0,7854,7854,342,343
0.9807312902558737,0.6496698152637298,0.9846699607246928,0.782836422240129,0.7268465729127075,1.0,7893,7893,343,344
0.9815861947611578,0.6499386932912945,0.9827837372533439,0.7824344983921134,0.7267249370944245,1.0,7551,7551,344,345
0.9820774842299065,0.6527752829171906,0.9842903575297941,0.7849659790474133,0.7303629469122427,1.0,7384,7384,345,346
0.9617129194452213,0.6427153257067222,0.9704496788008565,0.7732908656580594,0.7154889364739472,1.0,7005,7005,346,347
0.9728656730708054,0.6536108918705604,0.9826460990803916,0.7850456215191374,0.7309403737763275,1.0,6742,6742,347,348
0.9703051979732646,0.6479638009049774,0.9809712284974882,0.780428727140608,0.7240066981275689,1.0,6569,6569,348,349
0.9642929515777703,0.645950864422202,0.9691467576791809,0.7752115752115752,0.7189761092150171,1.0,7325,7325,349,350
0.9661727828769375,0.6483516483516484,0.9683560924369747,0.7766836922752883,0.7215730042016807,1.0,7616,7616,350,351
0.9788081016294485,0.6495768630350834,0.9851713395638629,0.7829273123390771,0.7268535825545172,1.0,8025,8025,351,352
0.963387703289926,0.6473733344649071,0.9656918597290797,0.7751244792195915,0.719837954171414,1.0,7899,7899,352,353
0.9670887398169143,0.6496668147490005,0.9671957671957672,0.7772521923996811,0.7228174603174603,1.0,7560,7560,353,354
0.9485362873729544,0.6426308127087437,0.9472355465791467,0.7657533547629981,0.710237313809644,1.0,7922,7922,354,355
0.9818408336315572,0.6493321011509704,0.9843352012226184,0.7824854467223488,0.7263754457463066,1.0,7852,7852,355,356
0.9471921434962941,0.6418227457038038,0.9474134245404019,0.7652374100719425,0.7093487245261508,1.0,7017,7017,356,357
0.9753795241680452,0.6517168291649004,0.9797348967626817,0.7827503691258083,0.7280780015294418,1.0,7846,7846,357,358
0.9684341560657368,0.6521941675207305,0.9761539534235114,0.7819481680071493,0.7277924975596152,1.0,7171,7171,358,359
0.9771106568264275,0.6492114664110831,0.9798790110468175,0.780986321471621,0.7252104155707523,1.0,7604,7604,359,360
0.9834369138968045,0.6473993751148686,0.9868328897604707,0.7818656012429943,0.7246813279170752,1.0,7139,7139,360,361
0.9784600337987379,0.6530812449835013,0.9803212851405623,0.7839212117968206,0.7297858099062918,1.0,7470,7470,361,362
0.9753910018826897,0.6483843129734395,0.9778741865509761,0.7797509225092251,0.7237888647866956,1.0,6915,6915,362,363
0.9719116010179683,0.6498656536644121,0.9698561946902655,0.778252427184466,0.7236587389380531,1.0,7232,7232,363,364
0.9773634242872828,0.6479437335156785,0.9794743059657413,0.7799400317478982,0.7236414648552865,1.0,6772,6772,364,365
0.9669813156583216,0.6451885199774902,0.9713357808528664,0.7753606853020739,0.7185823213781418,1.0,7082,7082,365,366
0.9821833962294879,0.6507761472559165,0.9849788162793683,0.7837368474818674,0.7282064449865194,1.0,7789,7789,366,367
0.9815223187170333,0.6519845111326235,0.9832116788321168,0.7840512223515715,0.7291970802919708,1.0,6850,6850,367,368
0.9766627936220512,0.6529167453275438,0.9811347517730497,0.7840625708456133,0.7297872340425532,1.0,7050,7050,368,369
0.977031119007229,0.6470992694456381,0.982128880772241,0.7801668307341588,0.7232585442212366,1.0,7666,7666,369,370
0.9806872584693229,0.650939985538684,0.984283176165095,0.783635275556281,0.7282356156894902,1.0,7317,7317,370,371
0.9849511933030956,0.6535542391706776,0.9886586390366844,0.7869163044689624,0.7322878745449454,1.0,7142,7142,371,372
0.9533832788322926,0.6491600890507995,0.9607608207278718,0.7748052418624313,0.7207578253706755,1.0,6677,6677,372,373
0.9769476336383333,0.6516464471403813,0.9805853375833092,0.7829708468301713,0.7281947261663286,1.0,6902,6902,373,374
0.9723439336953519,0.6440257808626674,0.9744936234058514,0.7755223880597015,0.7179294823705926,1.0,6665,6665,374,375
0.9558821746710567,0.6440874782272111,0.9614329048100534,0.7713971142145216,0.7150801675574173,1.0,6923,6923,375,376
0.9702249542328915,0.6496336101612116,0.9763582966226138,0.7801701378703432,0.7248898678414097,1.0,6810,6810,376,377
0.9783950376759096,0.650972081452133,0.9800249687890137,0.7823053925368176,0.7272853377722291,1.0,7209,7209,377,378
0.9766995990694176,0.644901144640999,0.9793257835133,0.7776848269371536,0.7200421385304188,1.0,7594,7594,378,379
0.9757686868690064,0.6510104790419161,0.9783464566929134,0.7817977528089888,0.7269403824521935,1.0,7112,7112,379,380
0.9728398795044325,0.6522496371552975,0.977948643551429,0.7825632690968192,0.7282750616567533,1.0,6893,6893,380,381
0.9567759508428381,0.6474369963997942,0.9595985262355482,0.7731995700465782,0.7185236945750222,1.0,7871,7871,381,382
0.9638468278051836,0.6453331004976862,0.9695657877476059,0.7749003984063745,0.7183523547159911,1.0,7623,7623,382,383
0.9717780258707204,0.6415654756704814,0.9738761437475136,0.7735411839056247,0.714891924147991,1.0,7541,7541,383,384
0.9730115599893667,0.6484881209503239,0.9790760869565217,0.7802078822000866,0.7241847826086957,1.0,7360,7360,384,385
0.9680689056026531,0.6479800676276918,0.9664233576642336,0.7757950247696159,0.7207033842070338,1.0,7535,7535,385,386
0.9309262544721592,0.6344875226664364,0.9330793650793651,0.7553453947368421,0.6977777777777778,1.0,7875,7875,386,387
0.9709047192620542,0.6506739560750306,0.9766553480475382,0.7810148780901737,0.7261601584606678,1.0,7068,7068,387,388
0.9643945732717054,0.6464772423621626,0.9690253671562082,0.7755516375487524,0.7195594125500667,1.0,7490,7490,388,389
0.952877055225674,0.6456908344733242,0.9543788702135726,0.77025855474527,0.7153418425375964,1.0,7913,7913,389,390
0.9685069244385314,0.6465819822831356,0.9743105402342275,0.7773145124830462,0.7208789824959073,1.0,7941,7941,390,391
0.9830110509350468,0.6538315629742033,0.986830804466075,0.7865373645179692,0.7321786430002862,1.0,6986,6986,391,392
0.9733113882789053,0.652532505336697,0.9771868642836384,0.7825226902490109,0.7284219703574543,1.0,6882,6882,392,393
0.9790691583728811,0.6541814946619217,0.9806615097359296,0.7848222862632085,0.7311283008802347,1.0,7498,7498,393,394
0.9817638760962799,0.6515837104072398,0.9875776397515528,0.7851447970783396,0.7297489648033126,1.0,7728,7728,394,395
0.9745090463782974,0.6445723536289235,0.9769629225736096,0.7767000812787862,0.7191248636859324,1.0,7336,7336,395,396
0.9815792591711806,0.6510221710336884,0.9841845618107952,0.7836635665183987,0.7283081834010446,1.0,6892,6892,396,397
0.9742219523864087,0.6510575504181013,0.9753868828297716,0.7808849557522124,0.7263080324244657,1.0,6785,6785,397,398
0.9741294983467399,0.6525416184456512,0.9742158426368953,0.7815748787119475,0.7277379053694844,1.0,7524,7524,398,399
0.9713760670808615,0.6507660455486542,0.9726451293476915,0.7797955740795872,0.7253372942195816,1.0,8079,8079,399,400
0.9688639867374298,0.6471608984864552,0.9717718587145339,0.7769226317921416,0.7209756803705848,1.0,6908,6908,400,401
0.9683211300484995,0.6450617283950617,0.9725453699395068,0.7756541102245315,0.7187063750581666,1.0,6447,6447,401,402
0.979873415070783,0.6477503382949933,0.9811683320522675,0.7803362200713194,0.7238022034332565,1.0,7806,7806,402,403
0.9725567380086511,0.6493543758967002,0.9748707639287766,0.779493656352259,0.7242245835726594,1.0,6964,6964,403,404
0.9707433062499097,0.6517016654598118,0.977729494839761,0.7820986313273952,0.7275936990765888,1.0,7364,7364,404,405
0.9838706273061687,0.6490157480314961,0.9875692676351655,0.7832749302132209,0.7267485397633667,1.0,6677,6677,405,406
0.9787419363613985,0.6443331246086412,0.9818702290076335,0.7780718336483932,0.7199427480916031,1.0,7336,7336,406,407
0.9737689383959244,0.6456427955133736,0.975619295958279,0.7770508826583593,0.7200782268578879,1.0,7670,7670,407,408
0.9759791000109646,0.6562773084765511,0.976875270992918,0.7851086072714601,0.732620320855615,1.0,6919,6919,408,409
0.9643490039257936,0.6482793522267206,0.9634476534296029,0.7750484027105518,0.7203670276774969,1.0,6648,6648,409,410
0.9720878547497431,0.6507373529960799,0.9764705882352941,0.7810014562563011,0.7261904761904762,1.0,7140,7140,410,411
0.9802327188195813,0.6489554037766171,0.9828110739275936,0.7817301875378101,0.725585640401582,1.0,6574,6574,411,412
0.9711190513463255,0.6488113457810427,0.9714329361442102,0.7780020798923349,0.7228078215704247,1.0,6546,6546,412,413
0.9800191265875705,0.64774739327169,0.9831292923260675,0.7809535104364327,0.724246043595103,1.0,6698,6698,413,414
0.9649418677947489,0.6480970766685052,0.9712081553933049,0.7774163312565474,0.7219313955090233,1.0,7259,7259,414,415
0.9807787343719296,0.6491546470532047,0.9830753652538695,0.7819583477160281,0.7258787791118183,1.0,6913,6913,415,416
0.95286603615887,0.6444250109313511,0.9541628900686262,0.7692869819396597,0.7138417713323838,1.0,7723,7723,416,417
0.9611571579938353,0.6433445546356109,0.9630890765459003,0.771395843560792,0.7145873059111959,1.0,7342,7342,417,418
0.9823013022474271,0.6444949782073147,0.9857971014492753,0.7794201902142776,0.7210144927536232,1.0,6900,6900,418,419
0.9831935893174674,0.6510116268424425,0.9847666528181692,0.7838403880070547,0.7284309652402714,1.0,7221,7221,419,420
0.9782461478784402,0.6499144375394038,0.9820359281437125,0.7821798276516178,0.7265242242787153,1.0,7348,7348,420,421
0.9683560096257944,0.6460728389644581,0.9697049525816649,0.7754779586032549,0.7192439409905164,1.0,7592,7592,421,422
0.9755896876740822,0.6461318051575932,0.9750033779219024,0.7772093273735796,0.7205107417916498,1.0,7401,7401,422,423
0.9643866597563598,0.6460007654037505,0.9676124964173115,0.7747561675272518,0.7186873029521352,1.0,6978,6978,423,424
0.9679807897419234,0.6506772495901993,0.9716567894872455,0.7794140443342118,0.7250064416387529,1.0,7762,7762,424,425
0.9615151197020025,0.6458242619524515,0.9636174636174636,0.7733458470201783,0.7175805613305614,1.0,7696,7696,425,426
0.9784722697782241,0.6489252814738997,0.9817004504504504,0.7813567867346367,0.7252956081081081,1.0,7104,7104,426,427
0.9633723017250948,0.6435452793834296,0.9667149059334298,0.772700983227299,0.715629522431259,1.0,6910,6910,427,428
0.975542612402881,0.6494754387685067,0.9784342688330872,0.7807177794802287,0.7251846381093058,1.0,6770,6770,428,429
0.9719646971336507,0.6497721057429353,0.9759036144578314,0.7801247674291343,0.7249452354874042,1.0,7304,7304,429,430
0.9749049051310245,0.648220670866678,0.9784117193523516,0.779803359278984,0.7237214083783089,1.0,7782,7782,430,431
0.9662324459485514,0.6491997934950955,0.9695451040863531,0.7776747062461348,0.7228218966846569,1.0,7782,7782,431,432
0.9496428914263801,0.6388794854434665,0.9497986914947156,0.7639141874114552,0.7064670357322597,1.0,7948,7948,432,433
0.9650270964268955,0.6476699616703652,0.9618034751348112,0.774080771549126,0.71929298981426,1.0,6676,6676,433,434
0.9687668995755031,0.6494666551036337,0.9785704952306286,0.7807547956630525,0.7252058016464131,1.0,7653,7653,434,435
0.9792310403168157,0.6541629364368845,0.9817277979309418,0.7851501638639661,0.7313583232567513,1.0,7443,7443,435,436
0.975302140193803,0.6476148409893993,0.9864101184068891,0.7818899317406144,0.7248385360602799,1.0,7432,7432,436,437
0.957999680069666,0.643006679294188,0.9524512699350266,0.767720049991073,0.7118281157708211,1.0,6772,6772,437,438
0.9661051317196988,0.6455874086565486,0.9648557826939232,0.7735743152222722,0.7175861103332399,1.0,7142,7142,438,439
0.9415477880857547,0.6389500910048855,0.942756183745583,0.7616763731871645,0.705017667844523,1.0,7075,7075,439,440
0.9487705487362815,0.6392071285688307,0.947950377562028,0.7635494732268926,0.7064455231930961,1.0,7416,7416,440,441
0.9520475901408485,0.6385079060015725,0.9483586350071364,0.7631826250391563,0.7057220708446866,1.0,7707,7707,441,442
0.9629860522992545,0.6468606960877451,0.960749102103643,0.7731612903225806,0.7181246793227296,1.0,7796,7796,442,443
0.9532093725910337,0.6443570726476633,0.9515703351807865,0.7683946933773775,0.7131828978622328,1.0,7578,7578,443,444
0.9511094562093332,0.642811501597444,0.9522650439486139,0.7675204359673025,0.7115618661257607,1.0,7395,7395,444,445
0.9558850334268716,0.6426034525481127,0.9424591156874621,0.7641685492584226,0.7091459721380982,1.0,8255,8255,445,446
0.9647525611181411,0.6482299229099618,0.9671691792294808,0.7762143753360817,0.7211613623673925,1.0,8955,8955,446,447
0.9716178305721654,0.6485876725927263,0.9756991582948683,0.7792052908331978,0.7235270160195493,1.0,7366,7366,447,448
0.9756951314643736,0.6519160583941606,0.9810517643828093,0.7833141478923422,0.7286145819030619,1.0,7283,7283,448,449
0.9761316860364754,0.6466820850382494,0.9779391982781813,0.7785393017776826,0.7218186709712133,1.0,7434,7434,449,450
0.9722253649486001,0.6496329757199323,0.9766553480475382,0.780264496439471,0.7249575551782682,1.0,7068,7068,450,451
0.9681015850825753,0.6417676283448096,0.967924280268174,0.7718029350104821,0.7138162219008808,1.0,7607,7607,451,452
0.9788749277845968,0.6476372813506223,0.9807590933052188,0.7801247444834635,0.7235767000527148,1.0,7588,7588,452,453
0.9594715924469019,0.6494685990338164,0.9589158345221113,0.7744239631336406,0.7206847360912981,1.0,7010,7010,453,454
0.9573089220905414,0.6449946388536895,0.9534582132564842,0.7694633408919124,0.7143371757925072,1.0,6940,6940,454,455
0.9671532587934537,0.6458855021155341,0.9661586153448721,0.7742069036899032,0.7182252647894601,1.0,7742,7742,455,456
0.978879640540704,0.647493758402151,0.9792332268370607,0.7795375722543353,0.7230612837641591,1.0,6886,6886,456,457
0.9673411894558659,0.6424736337488015,0.9686325527609135,0.7725386211667051,0.7148019658860942,1.0,6918,6918,457,458
0.975332287140666,0.6480584741891274,0.9784797903159056,0.7797075959107398,0.723548075596634,1.0,7249,7249,458,459
0.9663004554103654,0.6467941507311586,0.9669669669669669,0.7751191565162968,0.7194594594594594,1.0,8325,8325,459,460
0.9716663719507646,0.6498113885396084,0.9731002017484869,0.779255748828693,0.7243443174176194,1.0,7435,7435,460,461
0.9726006088146166,0.6453769329896907,0.9713904715723118,0.7755141543672877,0.7188144017456661,1.0,8249,8249,461,462
0.977978984314905,0.6520288073072193,0.9835718071012188,0.7841977395162142,0.7293322734499205,1.0,7548,7548,462,463
0.9595859055883548,0.6439990455738487,0.9603842960502906,0.7709960007617597,0.7147432095836793,1.0,8431,8431,463,464
0.9628339466783334,0.6436902485659656,0.9593901396409233,0.7704542853873441,0.7141635793673411,1.0,7018,7018,464,465
0.9721059439708919,0.6459633385335414,0.9751251103915219,0.7771260997067448,0.720341477774507,1.0,6794,6794,465,466
0.9773193035693283,0.6497275879148093,0.9840960240060015,0.7826968973747017,0.726781695423856,1.0,6665,6665,466,467
0.9780244637015402,0.6499773653236759,0.9816764665663886,0.7821113411046955,0.7265144263640093,1.0,7313,7313,467,468
0.9822603930244787,0.6515342960288809,0.9857981701488461,0.7845459979351193,0.7292776184623788,1.0,7323,7323,468,469
0.9743571519329345,0.6508734146925101,0.9763101220387652,0.7810480976310122,0.7263101220387652,1.0,8358,8358,469,470
0.971002046078179,0.6479762925992357,0.973406747891284,0.7780326794325577,0.7222938144329897,1.0,8536,8536,470,471
0.9605878583112619,0.6441664010200829,0.9642132887987594,0.7723472361568965,0.7157938685434808,1.0,8383,8383,471,472
0.9734713769725764,0.6476880039493171,0.9782527650055921,0.7793673580515816,0.7230644960854977,1.0,8047,8047,472,473
0.9359018185195102,0.6341199783822735,0.9221902017291066,0.7514944491887275,0.6950484673827614,1.0,7634,7634,473,474
0.9561982338001573,0.64287841191067,0.9598399525785418,0.7700172383047019,0.7133224659158269,1.0,6748,6748,474,475
0.9648928057398847,0.6436314363143631,0.9644670050761421,0.7720438845997561,0.7152284263959391,1.0,6895,6895,475,476
0.9704287890868438,0.651037745994193,0.9734684032802702,0.7802551875241654,0.7258401672294581,1.0,6219,6219,476,477
0.9812424073168319,0.648116978750263,0.982929164007658,0.7811588690249778,0.7246330567964263,1.0,6268,6268,477,478
0.978147810982145,0.6509259259259259,0.9804741980474198,0.7824151363383417,0.7273361227336123,1.0,7170,7170,478,479
0.9754083780962289,0.6488723172062568,0.9764609278773778,0.7796536086980277,0.7240317503763515,1.0,7307,7307,479,480
0.9705452591779602,0.6473671478106604,0.9745083758193737,0.777944667861815,0.7218378247147366,1.0,8238,8238,480,481
0.9729210337082442,0.6523649521840269,0.9755217727389848,0.7818679332954721,0.7278407626900284,1.0,7762,7762,481,482
0.9654013145835066,0.6449190118541308,0.9658490310340154,0.773412913727618,0.7170348285675566,1.0,7379,7379,482,483
0.9608414913718527,0.6482821728641543,0.9624552303322218,0.7747290983199125,0.7201432629368902,1.0,8097,8097,483,484
0.9522073431860576,0.6444799098760796,0.9503045404208195,0.7680689192213023,0.7130398671096345,1.0,7224,7224,484,485
0.9761061244330422,0.652791461412151,0.9845220406141655,0.7850513428120063,0.7304358593363051,1.0,8076,8076,485,486
0.9765010749518597,0.6498767171539275,0.980600584639915,0.7816968541468065,0.7261493489237311,1.0,7526,7526,486,487
0.9741810177874813,0.6505967922417009,0.9797781210504143,0.7819557298963296,0.7267939896082011,1.0,7121,7121,487,488
0.9799609573292724,0.6524219103666817,0.9844262295081967,0.7847536074053907,0.7299863387978142,1.0,7320,7320,488,489
0.9823373568240693,0.6473234781011845,0.9846368715083799,0.7811201595479474,0.7240921787709497,1.0,7160,7160,489,490
0.9733272030768291,0.6510665685913939,0.9780386740331491,0.781739898432325,0.7269337016574585,1.0,7240,7240,490,491
0.9826408584855241,0.6534156015866021,0.9852472089314195,0.7857332132068472,0.7313264221158958,1.0,7524,7524,491,492
0.975919363352185,0.6504934969098791,0.9801250868658791,0.7819915724107341,0.7267546907574705,1.0,7195,7195,492,493
0.9795767358138047,0.6542594763579523,0.9849977937932048,0.7862635749926622,0.7322400352993087,1.0,6799,6799,493,494
0.96096268663391,0.643107418159976,0.9654343252179141,0.7719762062128223,0.7148331830477908,1.0,6654,6654,494,495
0.9802079035018244,0.650129581636431,0.9822402461194238,0.7824004455583403,0.7268214235771221,1.0,7151,7151,495,496
0.9725382599280886,0.64851245275705,0.9740902474526929,0.7786375007272093,0.7230713245997089,1.0,6870,6870,496,497
0.9600251338816826,0.6418323249783924,0.96491683991684,0.7708917263573134,0.7132276507276507,1.0,7696,7696,497,498
0.9780101506124063,0.6511583011583012,0.9799535153980244,0.7824170726049641,0.7274840209180709,1.0,6884,6884,498,499
0.9700570769889938,0.6487078036871791,0.9731026644778381,0.7784624709566623,0.7230710948352065,1.0,7919,7919,499,500
0.976770277775771,0.6467840809574779,0.9790838120489026,0.7789757412398922,0.7221976727058477,1.0,6789,6789,500,501
0.9564013225921694,0.6404816030984255,0.9441479458855654,0.7632186214507876,0.7070870050887427,1.0,8057,8057,501,502
0.9678510351683627,0.6431801736613604,0.971846385130518,0.7740706471452675,0.7163454967883012,1.0,7317,7317,502,503
0.9798125836145083,0.6513684913217623,0.982999622213827,0.7835382685069009,0.7284347059564287,1.0,7941,7941,503,504
0.9738447904760905,0.6451785714285714,0.978867515578434,0.7777419007641804,0.7202655107017069,1.0,7382,7382,504,505
0.9619956133389136,0.6408450704225352,0.9660567118312613,0.7705420310846193,0.7123201564464311,1.0,7159,7159,505,506
0.9732065390163477,0.6503264968270027,0.9781435883248029,0.7812396420285052,0.7261031954627196,1.0,7229,7229,506,507
0.9684717547904471,0.6508124309828048,0.9766808712121212,0.7811227870870018,0.7263257575757576,1.0,8448,8448,507,508
0.9695766280937658,0.6488587910709807,0.9728002005515167,0.7784743467576107,0.7231762346452745,1.0,7978,7978,508,509
0.9804585354800198,0.6525906735751296,0.982704811443433,0.7843279709392839,0.729778933680104,1.0,7690,7690,509,510
0.9666777635733511,0.6464987988255183,0.967381174277726,0.77504,0.7192118226600985,1.0,7511,7511,510,511
0.9694598256019566,0.6478249544152123,0.9761873609839068,0.7788100208768267,0.7227528457412011,1.0,7643,7643,511,512
0.9658741375840277,0.6475546407919239,0.9680586080586081,0.7760159736903923,0.7205860805860805,1.0,6825,6825,512,513
0.9782631152129023,0.6477338476374156,0.9837434094903339,0.7811373415513432,0.7243702401874634,1.0,6828,6828,513,514
0.9566248574800533,0.6457183731861843,0.9529482732619514,0.7698117804714625,0.7150505202835168,1.0,6631,6631,514,515
0.9748894063588962,0.6512815169827048,0.9808567393692139,0.7827938137874898,0.7278361839008316,1.0,6373,6373,515,516
0.9681306392802494,0.6484009360374415,0.9709446634545189,0.7775504238526747,0.7222222222222222,1.0,6849,6849,516,517
0.9758709930220111,0.6553323029366306,0.9805468643721943,0.7856130790190736,0.7324173581825602,1.0,7351,7351,517,518
0.9718643982356646,0.6479007633587787,0.9840579710144928,0.7813578826237054,0.7246376811594203,1.0,6900,6900,518,519
0.9691858064658871,0.6538461538461539,0.9723715651135006,0.7819142548336736,0.7287933094384708,1.0,6696,6696,519,520
0.9752034494674673,0.64822206095791,0.976763258611263,0.7792802617230098,0.7233460907599781,1.0,7316,7316,520,521
0.9845803413597808,0.6465045848405822,0.9855091048986919,0.7807975615951231,0.7233264939728136,1.0,7798,7798,521,522
0.9829120691316898,0.6493335836305613,0.9853297251103831,0.7828005657708628,0.7266058965959266,1.0,7021,7021,522,523
0.9816496011412402,0.6457376212353242,0.984563497211052,0.7799414273236397,0.722207809054352,1.0,7709,7709,523,524
0.9819428972413491,0.6497510699624421,0.9852980132450331,0.7830938470445813,0.7270860927152318,1.0,7550,7550,524,525
0.9841498804602213,0.6509527754763877,0.9864406779661017,0.7843274270027452,0.728750784682988,1.0,7965,7965,525,526
0.9725568754440935,0.650686800691349,0.976518771331058,0.7809804563817011,0.7261433447098976,1.0,7325,7325,526,527
0.9779853164232459,0.6479313734250737,0.9810580435664998,0.7804326767839845,0.72398863482614,1.0,7391,7391,527,528
0.972569602263949,0.6496503496503496,0.9723930393824415,0.7789131687889744,0.7239958131623708,1.0,7643,7643,528,529
0.9726704582305641,0.6484022556390977,0.9759513368227472,0.7791518436952962,0.7233696420993069,1.0,7069,7069,529,530
0.9571546803501458,0.6400287238407879,0.9541214252943875,0.7661324983115368,0.7087475149105368,1.0,6539,6539,530,531
0.9768277177013446,0.6463759633206516,0.9800325395651531,0.778979543851399,0.7219346250554651,1.0,6761,6761,531,532
0.9759750689583647,0.6459876543209877,0.9756059664387818,0.7772963604852686,0.7204785581106277,1.0,6436,6436,532,533
0.9743154525655114,0.646595385481148,0.9763489590709531,0.7779721266151329,0.7213567483359298,1.0,7061,7061,533,534
0.9678410773855013,0.6506926244852115,0.9658238399555432,0.777541662006487,0.7236732425673799,1.0,7198,7198,534,535
0.971963395047779,0.6466873998680615,0.9747159090909091,0.7775196872698431,0.72109375,1.0,7040,7040,535,536
0.9710297800042272,0.6514740108611327,0.9751778197125853,0.781117376896692,0.7267382784148643,1.0,6889,6889,536,537
0.9643839590247477,0.6469266898100878,0.9646772228989038,0.7744774477447744,0.7190925700365408,1.0,6568,6568,537,538
0.9809814439140003,0.6486762577679408,0.9848778596355177,0.7821802504619175,0.7257334884322089,1.0,7737,7737,538,539
0.9779163025197493,0.6483082242529019,0.9817977808253335,0.7809401031336771,0.7245979304326143,1.0,8021,8021,539,540
0.9791983267224322,0.6518834513844173,0.9808647208429212,0.7832309849620425,0.7285333656291632,1.0,8257,8257,540,541
0.9633803745369212,0.6417132216014898,0.9637812893301636,0.7704432396176849,0.7128373654034401,1.0,7151,7151,541,542
0.979522563193604,0.6469710781470125,0.9879777271576816,0.7819119635434925,0.7244368514300177,1.0,7902,7902,542,543
0.9733686277445697,0.6485381134702402,0.9753958905902369,0.7790728061464486,0.7234000785237534,1.0,7641,7641,543,544
0.9750301577265497,0.6492316784869976,0.9794917521176995,0.7808779100764173,0.7251448952296032,1.0,6729,6729,544,545
0.9583192285151048,0.6456017164033548,0.9664233576642336,0.774087932647334,0.7179562043795621,1.0,6850,6850,545,546
0.9728293041169118,0.6528195671163739,0.9766226223319298,0.7825479930191972,0.728619137505445,1.0,6887,6887,546,547
0.975361921940326,0.6459869848156182,0.9775151813556541,0.7779011297590283,0.7209092401116035,1.0,6093,6093,547,548
0.9714108036133786,0.649146686210868,0.975609756097561,0.7795800326920659,0.7241542092840283,1.0,6355,6355,548,549
0.9541494868450131,0.6475615420343707,0.9592679234897482,0.7731810115350488,0.7185908903261319,1.0,7267,7267,549,550
0.9734555832555456,0.6480702396195354,0.9760330578512396,0.7789381114653182,0.7230027548209367,1.0,7260,7260,550,551
0.95546207112452,0.6406644410064327,0.9532347952507875,0.7663014365717068,0.7092924642597529,1.0,8254,8254,551,552
0.9629803996848594,0.6461256863941428,0.9605442176870749,0.7725697610797009,0.7172335600907029,1.0,6615,6615,552,553
0.9573521143081426,0.6405895691609977,0.9543918918918919,0.7666214382632293,0.7094594594594594,1.0,7104,7104,553,554
0.9684057918912273,0.6484232723090194,0.9729613116640299,0.7782123547682043,0.722709621746009,1.0,6953,6953,554,555
0.9850299330837975,0.6505925992943092,0.9899504405286343,0.7851722443631599,0.7291437224669604,1.0,7264,7264,555,556
0.979685047579664,0.6467580084909301,0.9819806621740405,0.7798720186154741,0.7228244945795488,1.0,6826,6826,556,557
0.9614058766187349,0.6412393162393163,0.9627847289059993,0.7697832499679363,0.7120628809752968,1.0,6234,6234,557,558
0.9714747647707735,0.6485277674245248,0.97165991902834,0.7778709136630344,0.7225324584671227,1.0,7163,7163,558,559
0.9854335772545196,0.6486211364057005,0.989273112208892,0.7835224414510089,0.7266760762173606,1.0,7085,7085,559,560
0.9759577035977416,0.6473049716050613,0.9805312405674615,0.7798115585428794,0.723136130395412,1.0,6626,6626,560,561
0.9821731858949311,0.6544515494343335,0.9843403205918619,0.7861926334449478,0.7323057953144266,1.0,8110,8110,561,562
0.9739893548898257,0.6483111222864806,0.978742249778565,0.7799737823938692,0.7239023155763634,1.0,7903,7903,562,563
0.9844963787765854,0.6479439252336449,0.9877475423849551,0.7825498052937525,0.7255307023792563,1.0,7019,7019,563,564
0.9817987333720812,0.649154051647373,0.9852682794972294,0.7826507058886683,0.7263819435058791,1.0,7399,7399,564,565
0.9651739871146742,0.6457466289329116,0.9675729608381143,0.7745607028753994,0.7183836368171614,1.0,8018,8018,565,566
0.9757158086404454,0.6504746515855383,0.9791730009121313,0.7816747572815534,0.7265126178169656,1.0,6578,6578,566,567
0.9785424540563988,0.6527721976697469,0.9818703731681523,0.7841930618401206,0.7297930200936698,1.0,6619,6619,567,568
0.9640963327456188,0.6444954128440367,0.9665657677490369,0.7733377366798767,0.7167033571821684,1.0,7268,7268,568,569
0.9489294267645714,0.6400824742268041,0.9483137829912024,0.764291693337929,0.707539100684262,1.0,8184,8184,569,570
0.9736478044304011,0.6460270296175596,0.9756803705848291,0.7773484804797878,0.7205414012738853,1.0,6908,6908,570,571
0.9834797418454864,0.6512617816965643,0.9858852408714329,0.7843759536161123,0.7289812826020252,1.0,6518,6518,571,572
0.959074600821288,0.6408490566037736,0.9629997164729232,0.769570635550017,0.711652962857953,1.0,7054,7054,572,573
0.9658387650309403,0.6485538169748696,0.9731075697211156,0.7783531554088658,0.7228941377347752,1.0,7028,7028,573,574
0.9791518937023814,0.6550955177283877,0.9795487384683783,0.7851224944320713,0.7319106368789596,1.0,8997,8997,574,575
0.9738872981185205,0.6491113799199777,0.9766204675906481,0.7798770262716601,0.7243455130897382,1.0,7143,7143,575,576
0.9825047343458043,0.6527409822702263,0.9861453201970444,0.7855303494788474,0.7307573891625616,1.0,6496,6496,576,577
0.9756162839888616,0.6466876971608833,0.9786500464129426,0.7787685326861183,0.721986473942448,1.0,7541,7541,577,578
0.9721552962742767,0.6475136012217237,0.9747126436781609,0.7781155015197568,0.7220545977011494,1.0,6960,6960,578,579
0.9740151196839922,0.6467735132855336,0.9761298535964353,0.7780314561136479,0.7215149586250795,1.0,6284,6284,579,580
0.968207453082282,0.6437599575146044,0.9691397505596419,0.7736294594422107,0.7164214902462424,1.0,6254,6254,580,581
0.979337901707035,0.647912885662432,0.9823113207547169,0.7808154975785033,0.7242531446540881,1.0,7632,7632,581,582
0.9750193410697613,0.6480096056155906,0.9826330532212885,0.7809873657260533,0.7244397759103641,1.0,7140,7140,582,583
0.9737288013171727,0.6491889522139412,0.9767810026385224,0.779984198051093,0.7244722955145119,1.0,7580,7580,583,584
0.9775153668590051,0.6481307533345858,0.97997443544951,0.7802340702210663,0.723973867348388,1.0,7041,7041,584,585
0.958008013774066,0.6481146056314836,0.9595319356411507,0.7736609336609337,0.7192832764505119,1.0,8204,8204,585,586
0.980410345046367,0.6475471698113208,0.9819742489270387,0.780443433769187,0.7237482117310443,1.0,6990,6990,586,587
0.9470184758142147,0.6397152301042461,0.947408058240241,0.7637357077810382,0.7069160286180495,1.0,7967,7967,587,588
0.9679047713672041,0.6471672487388436,0.9723072438420055,0.7770982584891374,0.7211047952193558,1.0,6861,6861,588,589
0.9577850340256246,0.6421229676695944,0.960715783587306,0.7697563707644918,0.712638053963372,1.0,7153,7153,589,590
0.9616241703353473,0.6468807266353278,0.9619668246445497,0.7735696250774141,0.7184241706161137,1.0,8440,8440,590,591
0.9731560893225849,0.6494666551036337,0.9781870428422152,0.7806327200708814,0.7251175548589341,1.0,7656,7656,591,592
0.9491652374782485,0.6434326061374128,0.9515394912985274,0.767726953610196,0.7121151271753682,1.0,7470,7470,592,593
0.9724087860691112,0.6471482889733841,0.9733130003812428,0.7774056029232643,0.7213114754098361,1.0,7869,7869,593,594
0.9703476326449301,0.6516900247320693,0.9711302211302212,0.7799703996053281,0.726044226044226,1.0,8140,8140,594,595
0.9796965730332547,0.6538194099533128,0.9866586718632888,0.7864738917433385,0.7321241193224404,1.0,6671,6671,595,596
0.9745882747495763,0.6477022214685433,0.9757312555881977,0.7785761606278346,0.722506067186103,1.0,7829,7829,596,597
0.9622764043549835,0.6468085106382979,0.9662797125483693,0.7749085669954561,0.7193200663349917,1.0,7236,7236,597,598
0.9641584445677333,0.6463179185437161,0.9648641229755696,0.7741011947365524,0.7184326104858633,1.0,7286,7286,598,599
0.9598457549825556,0.644551668677121,0.9624737316121285,0.7720650210716435,0.7158510957670369,1.0,6662,6662,599,600
0.9686950321037973,0.6471640265712826,0.9731079523626585,0.7773515421206076,0.7212831348444103,1.0,7809,7809,600,601
0.9638013305619978,0.6503196259898865,0.9654390934844193,0.7771506755601163,0.7231586402266289,1.0,7060,7060,601,602
0.9601187246394955,0.6468995143817706,0.9592854175321978,0.7727145964638296,0.71783686470018,1.0,7221,7221,602,603
0.965851988995044,0.6481590203807767,0.968421052631579,0.7765663467818922,0.7213659147869674,1.0,7980,7980,603,604
0.9225606359211518,0.6359241353663072,0.9249492900608519,0.7536774833342516,0.6977011494252874,1.0,7395,7395,604,605
0.9648548386395432,0.6471131639722864,0.965274906986358,0.7748036721601593,0.7194432961278765,1.0,7257,7257,605,606
0.9588967849773885,0.6489380688916652,0.9652243164321741,0.776093916755603,0.7215290682240509,1.0,7534,7534,606,607
0.9646337573348834,0.6459830770630516,0.9632342965676299,0.7733362378825835,0.717677384344051,1.0,7371,7371,607,608
0.9765309362614768,0.6477178804297915,0.9817650334075724,0.7805013002821889,0.7239003340757239,1.0,7184,7184,608,609
0.964325515046512,0.646106100281253,0.9702883775123798,0.77568842056238,0.719414506262744,1.0,6866,6866,609,610
0.9763279029508571,0.6484743915728296,0.97728205830026,0.7796277089360772,0.7237580402353907,1.0,7307,7307,610,611
0.969122526017454,0.6467512429281673,0.9726698465901766,0.7769139679761108,0.7207038803661209,1.0,7757,7757,611,612
0.9693770281297961,0.6454990215264188,0.9741582988777319,0.7764830508474576,0.7195806261075015,1.0,6772,6772,612,613
0.9744778790036358,0.6518693995262128,0.9820015515903802,0.7835830134951096,0.7287820015515903,1.0,6445,6445,613,614
0.9696192759829577,0.64738163891731,0.9694943585457585,0.7763524818739542,0.7207131912522635,1.0,7179,7179,614,615
0.9778321386748399,0.6565368141953906,0.9791634980988593,0.7860325987424455,0.7334600760456274,1.0,6575,6575,615,616
0.9742992363022023,0.6461589995533721,0.9760499241018722,0.7775613033254954,0.7207792207792207,1.0,5929,5929,616,617
0.9668523748213423,0.6511506276150628,0.9715177526336325,0.7797087834664161,0.7255169722980882,1.0,7689,7689,617,618
0.9817951762421265,0.6513761467889908,0.9855993772703684,0.7843683857312478,0.7290477426050856,1.0,7708,7708,618,619
0.963634098001637,0.644517311216125,0.9677092383434694,0.7737192474674385,0.7169852302345786,1.0,6906,6906,619,620
0.9723371249532704,0.6418842717098985,0.9775399656493592,0.7749266862170088,0.7160787422380763,1.0,7569,7569,620,621
0.9831098690777038,0.6542662898174318,0.9867511520737328,0.7868265123329199,0.7326612903225806,1.0,8680,8680,621,622
0.9779165517138326,0.6525089762676242,0.9798790110468175,0.7833675024969774,0.7290241977906365,1.0,7604,7604,622,623
0.9802133960809768,0.6500747104968249,0.9852795470629866,0.7833230180611039,0.7274593064401982,1.0,7065,7065,623,624
0.9835534734147597,0.6502534395365677,0.9851892484914976,0.7834242093784078,0.7276467361492046,1.0,7292,7292,624,625
0.9810113652811465,0.6528626151775546,0.9846970643347908,0.7851584386478242,0.7305590256089943,1.0,6404,6404,625,626
0.971232873879465,0.6444678004968469,0.9748518572047984,0.7759562841530054,0.7185286891169244,1.0,6919,6919,626,627
0.9705667119257282,0.6478551484897199,0.973677517802645,0.7780318040949042,0.7222151576805697,1.0,7864,7864,627,628
0.9693987292210109,0.6473354231974922,0.9745974458634092,0.7779501385041552,0.7218212104386452,1.0,7204,7204,628,629
0.9696592725385972,0.6524696080931736,0.9727503168567807,0.7810512389965909,0.7273130544993663,1.0,7890,7890,629,630
0.9806269435521319,0.6477401587558723,0.9835198622555651,0.7810714460125995,0.724326651088427,1.0,8131,8131,630,631
0.9738520790164714,0.6447809834180006,0.9767678234354581,0.7767898383371824,0.7193262668796283,1.0,6887,6887,631,632
0.9793565303665892,0.6498637602179836,0.9831474296799224,0.7824954163852167,0.726721629485936,1.0,8248,8248,632,633
0.9850044563182815,0.6505074302283436,0.9878904637401954,0.7844615636780855,0.7285674969038117,1.0,7267,7267,633,634
0.9858993618866144,0.651566757493188,0.9883750968741927,0.7853843785281741,0.7299147507104108,1.0,7742,7742,634,635
0.977112628121675,0.6517681308331192,0.9784061696658097,0.7823629169022046,0.727827763496144,1.0,7780,7780,635,636
0.9744368675305507,0.6493637819162383,0.9797838525111252,0.7810662882627205,0.7253655435473617,1.0,7865,7865,636,637
0.9667243569649832,0.647887323943662,0.9702780441035475,0.7769673704414587,0.7214765100671141,1.0,8344,8344,637,638
0.9729848518494586,0.6503873039863971,0.9736953754773017,0.7798606784844537,0.7251449582802998,1.0,7071,7071,638,639
0.9757308213820142,0.6490864569598794,0.9792554703040637,0.7806977797915723,0.7249218527990906,1.0,7038,7038,639,640
0.9752248402456882,0.6490192153722978,0.9790157004830918,0.7805729417428984,0.7247886473429952,1.0,6624,6624,640,641
0.9756090712775157,0.6468465045592705,0.9795742232451093,0.7791762013729977,0.7223820483314154,1.0,6952,6952,641,642
0.9671412337826637,0.6442923576379749,0.973356309650053,0.7753550498917692,0.7179878048780488,1.0,7544,7544,642,643
0.9648929487078736,0.6482453716496269,0.9714285714285714,0.7775936360623136,0.7221532091097308,1.0,7245,7245,643,644
0.9439945887545914,0.6422362521731174,0.9458294030454116,0.7650136239782016,0.7094731168306159,1.0,7421,7421,644,645
0.9681010404543556,0.6501809408926418,0.9672832689122032,0.7776482992064814,0.7234262838210933,1.0,7244,7244,645,646
0.9623600420213843,0.6461328407356839,0.9685769323380689,0.7751601869248929,0.7190585119190946,1.0,8306,8306,646,647
0.9703247759653721,0.6468831991314575,0.9741144414168937,0.7774696895558093,0.7211852861035423,1.0,7340,7340,647,648
0.9758833242079542,0.6494231132967656,0.9794608472400513,0.7810065396644867,0.7253601483383255,1.0,7011,7011,648,649
0.9633998220983213,0.6469986357435198,0.9694646735658617,0.7760675019176682,0.7202631915165453,1.0,7827,7827,649,650
0.9698523643176228,0.6481033764068361,0.9665547681213478,0.7759257410919254,0.7208752952878279,1.0,8043,8043,650,651
0.9668834616841308,0.6483409482435772,0.9725842696629213,0.778032447979866,0.7225280898876405,1.0,8900,8900,651,652
0.9691529144561675,0.6485700890764182,0.9757370574128932,0.7792046862678833,0.7235153054027367,1.0,7089,7089,652,653
0.9702740652616109,0.6519988765096901,0.971946964410328,0.7804550039224476,0.7265875785066295,1.0,7165,7165,653,654
0.9699794907294046,0.6463909164639091,0.973270013568521,0.7768451832999405,0.7204206241519674,1.0,7370,7370,654,655
0.9732308769312541,0.6494632889652211,0.9775106630476929,0.7804148178722526,0.7249579940545431,1.0,7737,7737,655,656
0.9811187029987593,0.652025329178812,0.9867660480681473,0.7852084972462627,0.7300730149072102,1.0,6574,6574,656,657
0.9546484792587325,0.6424021838034577,0.9568753080335141,0.7687206137094779,0.7121118777723017,1.0,8116,8116,657,658
0.9742032088798837,0.6554653577496696,0.9792694965449161,0.7852982753746113,0.7322662529967564,1.0,7091,7091,658,659
0.9424452122844317,0.6445813052547928,0.9435800494401628,0.7659348441926346,0.7116475207212447,1.0,6877,6877,659,660
0.9649087480222774,0.6482985129094061,0.9664082687338501,0.7760183466200721,0.7210662314701483,1.0,7353,7353,660,661
0.9661808108633269,0.6469911843618245,0.9678899082568807,0.775557087066391,0.7198967889908257,1.0,6976,6976,661,662
0.9542914434584596,0.6489914035237041,0.9759375399974402,0.7795726408342705,0.7240496608217074,1.0,7813,7813,662,663
0.9423726165120663,0.6431972166269914,0.9401766595289079,0.7638360334891813,0.7093147751605996,1.0,7472,7472,663,664
0.9553009165779228,0.6441071576677448,0.954640442532268,0.7692155309033281,0.7135832821143209,1.0,8135,8135,664,665
0.971010420624871,0.6478146774047597,0.9730868560554574,0.7778139939156888,0.7220334375424765,1.0,7357,7357,665,666
0.9628215613437009,0.6459356752247659,0.9644339883753114,0.7736885928393006,0.7178937171325768,1.0,7226,7226,666,667
0.9721355958735813,0.6508148543948704,0.9727139624650606,0.7798527371678583,0.7254092905630241,1.0,7513,7513,667,668
0.9558431619642427,0.6424065530552678,0.9585557740938466,0.7692654602852472,0.7124894633323967,1.0,7118,7118,668,669
0.9723378633340936,0.6472314615535121,0.9752358490566038,0.778078325296954,0.7218455188679245,1.0,6784,6784,669,670
0.9777905394399695,0.648517745302714,0.9808032331396818,0.780777157794199,0.7246148017176055,1.0,7918,7918,670,671
0.9774947858037416,0.6525255495919418,0.9795805739514348,0.7832840563081946,0.7289735099337749,1.0,9060,9060,671,672
0.9844268896420426,0.6514923390310867,0.9900403768506056,0.7858554564392928,0.7302153432032301,1.0,7430,7430,672,673
0.9631921536351167,0.6449826989619377,0.9665185185185186,0.7736732878742959,0.7172592592592593,1.0,6750,6750,673,674
0.9678168754601376,0.6485613623018203,0.9732706711705096,0.7784107593821578,0.722940226171244,1.0,6809,6809,674,675
0.9724981178678197,0.650417174463298,0.9756714948671072,0.7805152435594555,0.7256363380677823,1.0,7111,7111,675,676
0.9758047730026246,0.6500910746812386,0.9784784098697739,0.7811764705882352,0.7259081562714188,1.0,7295,7295,676,677
0.981432720782083,0.6497908678982224,0.9857237276933245,0.7832571818707,0.7272306675479181,1.0,7565,7565,677,678
0.9637431654033952,0.6432642273065169,0.9662531017369727,0.7723508702335499,0.7151985111662531,1.0,8060,8060,678,679
0.9775440162238058,0.6482777424338817,0.9875398034057871,0.7827279710303962,0.7258756749273155,1.0,7223,7223,679,680
0.9653009762283696,0.643397374597931,0.9693516699410609,0.773435050684502,0.7160445317616241,1.0,7635,7635,680,681
0.9762194970163027,0.6523897205988312,0.979211727950012,0.7830682746360448,0.7287310742609949,1.0,8322,8322,681,682
0.9707710233669287,0.6454712201939034,0.9722404946717537,0.7758530183727034,0.7191159058018681,1.0,7601,7601,682,683
0.9846788598415449,0.6511486845098188,0.986786165689992,0.7845788415859675,0.7290589451913133,1.0,8703,8703,683,684
0.9803082579290066,0.6486155728927643,0.9831884057971014,0.7816028388404995,0.7252753623188406,1.0,8625,8625,684,685
0.9769083693174326,0.647939262472885,0.9808450087565674,0.7803709831925455,0.7239492119089317,1.0,9136,9136,685,686
0.9717353799144056,0.6468560860793544,0.9751615764795336,0.777783393136908,0.7213914586237485,1.0,7891,7891,686,687
0.9629250013277757,0.6510048117746957,0.967741935483871,0.7783856957527215,0.7244740532959327,1.0,7130,7130,687,688
0.979482009109304,0.649608450191222,0.9837286265857694,0.782494241526818,0.7265581908439052,1.0,7252,7252,688,689
0.9751621663039548,0.6458453193063204,0.9787022045086561,0.7781738958209546,0.7210113339145597,1.0,8029,8029,689,690
0.9804835974278951,0.6516613076098606,0.9857037582903464,0.7846081651806663,0.7294030950626381,1.0,6785,6785,690,691
0.9695904195395029,0.6489541679483236,0.9693314955203308,0.7774297558728697,0.722490236618424,1.0,8706,8706,691,692
0.9754004794239098,0.6506546105302816,0.9773627617430674,0.7812270285552728,0.7263016411997736,1.0,7068,7068,692,693
0.9716872393323506,0.6473065621939276,0.9785312407462244,0.779179438811601,0.7226828546046787,1.0,6754,6754,693,694
0.9570782584050731,0.6437609679504941,0.9580756013745705,0.7700806540713734,0.7139518900343642,1.0,7275,7275,694,695
0.9716471994154645,0.6456782464846981,0.9750195160031225,0.7768862349940909,0.7199843871975019,1.0,6405,6405,695,696
0.9765240692331125,0.6460222664602226,0.9781201160973432,0.7781182007903734,0.7210872962714892,1.0,8958,8958,696,697
0.9785709166036785,0.6510745891276865,0.9809523809523809,0.7826747720364742,0.7276190476190476,1.0,7875,7875,697,698
0.9699566057025348,0.6492591254065775,0.9727900365506972,0.7787591438634517,0.7236361175037228,1.0,7387,7387,698,699
0.9830698698724949,0.6517549896765313,0.9860731485096967,0.7847930802299684,0.7295978133541585,1.0,7683,7683,699,700
0.9726152664969224,0.6516228483343325,0.978272049370018,0.7822153687997944,0.727629210593983,1.0,7778,7778,700,701
0.9723497762710268,0.6468835750686005,0.9744891933388449,0.7775892941287343,0.721270816109602,1.0,8467,8467,701,702
0.9677148281913709,0.6517097581317765,0.972132371236626,0.7803075694028361,0.7263000746454342,1.0,8038,8038,702,703
0.9641492989552136,0.6429188255613126,0.9670087024288869,0.7723429638466726,0.7149629822054813,1.0,7699,7699,703,704
0.973388541791011,0.6458793053823275,0.9763596809282088,0.7774569811756554,0.7205221174764322,1.0,6895,6895,704,705
0.9776664298172206,0.6553979444491633,0.9844348047971422,0.7869053082453725,0.7334141362592498,1.0,7838,7838,705,706
0.9788654974854258,0.6515370859235289,0.9826611867454406,0.7835526652670388,0.7285512458258413,1.0,7786,7786,706,707
0.9821126185889434,0.6491049633848658,0.9853327157634707,0.7826353547121221,0.7263393546394936,1.0,6477,6477,707,708
0.9679025123051801,0.6434396614018788,0.9696639701306783,0.7735650015513497,0.7161636589919104,1.0,6428,6428,708,709
0.9618075143444955,0.6421945401537238,0.9695878351340537,0.7726403061224489,0.7146858743497398,1.0,7497,7497,709,710
0.9817363357722134,0.649738684547875,0.9856394913986537,0.7831926779983359,0.7271503365744203,1.0,6685,6685,710,711
0.9737218058467921,0.6516988062442608,0.9768754301445286,0.781823189204076,0.7273916035788025,1.0,7265,7265,711,712
0.9456065065391812,0.6436905254447662,0.9501648955661415,0.7674625098658248,0.71210455600342,1.0,8187,8187,712,713
0.9663319196240484,0.6487162851051997,0.9722183636616196,0.7781854569713142,0.7228781775246562,1.0,7199,7199,713,714
0.9688281237985569,0.6517468260587527,0.9696677237005377,0.7795389048991355,0.725768647456225,1.0,7253,7253,714,715
0.9701915672326834,0.6496265399165777,0.9722706155632985,0.7788567773448858,0.7239401858304297,1.0,6888,6888,715,716
0.9811314897179509,0.6512689428519263,0.9845431962462048,0.7839560439560439,0.728677891250345,1.0,7246,7246,716,717
0.967548777494383,0.6480979624611061,0.9725862328663956,0.7778580893868209,0.722247326404579,1.0,6639,6639,717,718
0.9791384318807584,0.6480695171324183,0.9805767219483043,0.7803804994054697,0.7240400418347527,1.0,6693,6693,718,719
0.9658959070350224,0.6508828955459897,0.9676113360323887,0.7782563025210084,0.7243045579208567,1.0,7657,7657,719,720
0.9773935737577725,0.6507522393251587,0.9791939282910233,0.7818818243560942,0.7268385239466109,1.0,7642,7642,720,721
0.9719001146466764,0.6489261492087415,0.9750884642604388,0.779254567049375,0.7237791932059447,1.0,7065,7065,721,722
0.9739234614921826,0.6486940298507463,0.9781966521311014,0.7800774019855292,0.7242228161485441,1.0,7109,7109,722,723
0.9787360761196283,0.6461408688317166,0.9823661429945495,0.779544587202646,0.7221865982686758,1.0,6238,6238,723,724
0.9651984787827549,0.6466852689310113,0.9664941041127408,0.7748890298034242,0.7192263445498993,1.0,6954,6954,724,725
0.9789708755837694,0.6481673419391313,0.9787990893568583,0.7798877614647696,0.7237478656801366,1.0,7028,7028,725,726
0.9712261789847646,0.6457591623036649,0.9727129337539432,0.7762114537444934,0.7195583596214511,1.0,6340,6340,726,727
0.9660847981545558,0.6506711764084134,0.9656470588235294,0.7774690578428897,0.7236078431372549,1.0,6375,6375,727,728
0.9601888580742584,0.6449056210240901,0.9605467536502019,0.7716977600299495,0.7158278968623796,1.0,6438,6438,728,729
0.9753933367753269,0.6519176800748363,0.9801687763713081,0.7830337078651686,0.7284106891701828,1.0,7110,7110,729,730
0.9657919678217073,0.6490188818955942,0.9703847218378079,0.7778147531891292,0.7228065319678937,1.0,7226,7226,730,731
0.9788582021937821,0.644675181475696,0.9841492495441155,0.7790361980901621,0.7208584654229204,1.0,7129,7129,731,732
0.9836373307467687,0.6510751700055137,0.9870437447757036,0.7846068660022149,0.7290331568682085,1.0,7178,7178,732,733
0.976654173588701,0.649581589958159,0.9802088392423507,0.7813588850174216,0.7257163671685284,1.0,8236,8236,733,734
0.9795720653286508,0.649379357252168,0.9814957594448728,0.7816209578387229,0.7257774351066564,1.0,7782,7782,734,735
0.9707422168760406,0.6466944355441632,0.9737857832100354,0.7772286759514794,0.720890961724027,1.0,6218,6218,735,736
0.978908635551646,0.6471352053238111,0.9810531496062992,0.7798533007334963,0.7230561023622047,1.0,8128,8128,736,737
0.977491402541171,0.6532877882152007,0.9822574997081825,0.7846885490488623,0.7304774133302206,1.0,8567,8567,737,738
0.9831972963704416,0.6525132688104902,0.9834137160334079,0.7844977243935626,0.7298553111398659,1.0,8501,8501,738,739
0.9788608510776277,0.6450996015936254,0.9810954920019389,0.7783866935871551,0.7206737760542898,1.0,8252,8252,739,740
0.9767668475903427,0.6471067644661777,0.9787968441814595,0.7791188303404966,0.7225098619329389,1.0,8112,8112,740,741
0.9799265726314753,0.6485060015323061,0.9834753421120578,0.7816139126866054,0.7252130131680867,1.0,7746,7746,741,742
0.9783330318875123,0.6496343775390448,0.9802479226263452,0.7814094907156043,0.7257866775643645,1.0,7341,7341,742,743
0.9610512944289095,0.647381457891012,0.9637824311866192,0.7745144731968038,0.7194126168839721,1.0,7593,7593,743,744
0.9811668002700974,0.6512024407753051,0.9842669198426692,0.7838202732624076,0.7285365522853655,1.0,7373,7373,744,745
0.9755857721409061,0.6514140172141226,0.9794005017826489,0.782425233398386,0.727650864914829,1.0,7573,7573,745,746
0.9676684258057661,0.6485152162699874,0.9698071625344352,0.7772675086107922,0.7220936639118457,1.0,9075,9075,746,747
0.9683176396618476,0.6460138012039348,0.9722682576510883,0.7762536938208442,0.7197547232350017,1.0,9051,9051,747,748
0.9710930290112021,0.6487545937117191,0.9702002931118711,0.7775657025400088,0.7224596971177333,1.0,8188,8188,748,749
0.9602226089289189,0.6491984140665402,0.9661364802462802,0.7765749046293432,0.7220369420215496,1.0,7796,7796,749,750
0.9682603126499798,0.644770887238127,0.9696247018953182,0.7745137357128534,0.7177105560436802,0.5,7967,7967,750,751
0.9682573650858748,0.6521257750221435,0.972482113373693,0.7807184200061856,0.7268574573472757,1.0,9085,9085,751,752
0.9767665279201204,0.650114372855509,0.9796064914548327,0.7815525637353193,0.7261956053425248,1.0,6963,6963,752,753
0.9743469557504939,0.6485191220166778,0.9757715604268821,0.7791789025162665,0.723464089991347,1.0,6934,6934,753,754
0.9702281752650342,0.6465318121369077,0.9727253580454929,0.7767733254845899,0.7204612468407751,1.0,9496,9496,754,755
0.9795529434678739,0.6512597889002384,0.9801434793748399,0.7825508847294671,0.7276454009736101,1.0,7806,7806,755,756
0.9671946851977399,0.6475848163408433,0.9750527983104541,0.7782752989516937,0.722214889123548,1.0,7576,7576,756,757
0.9780787968351501,0.6468502863376057,0.9838241393612609,0.780519907864429,0.7233513065118208,1.0,7233,7233,757,758
0.959928313425749,0.6439296832082037,0.9610549330418147,0.7711622807017544,0.7148127903798852,1.0,7318,7318,758,759
0.9634362921932753,0.6461343930635838,0.9670181130035145,0.7746616134271792,0.7187077588537443,1.0,7398,7398,759,760
0.9587555340186255,0.6447921323200715,0.9644289917090131,0.7728660986979585,0.7165686012302754,1.0,7478,7478,760,761
0.9708877816684748,0.6502671640286319,0.9750566893424036,0.7802104753840571,0.7253212396069539,1.0,6615,6615,761,762
0.9705359735161869,0.6493690055527511,0.9726296688341146,0.7787867780602978,0.7237259942537426,1.0,6613,6613,762,763
0.9772220933166107,0.6463076068850638,0.9793857803954564,0.7787255393878575,0.7217080353386621,1.0,7131,7131,763,764
0.9542570850385114,0.6448790954856812,0.9519980506822612,0.7689052890528906,0.7138767056530214,1.0,8208,8208,764,765
0.9721544703531451,0.647028244671634,0.9763367760491568,0.7782814861132823,0.7218590665446464,1.0,7649,7649,765,766
0.9669198282428019,0.6475930971843779,0.9716544017443445,0.7771964246784391,0.7214499863723085,1.0,7338,7338,766,767
0.9280646624273934,0.6372851476421331,0.9323017408123792,0.7570680628272252,0.7008381689232753,1.0,7755,7755,767,768
0.9536656597688794,0.6447044334975369,0.9611803278688524,0.7717580161111989,0.7157377049180328,1.0,7625,7625,768,769
0.9555179006928731,0.6407957411039507,0.9563702258154446,0.7674067445892288,0.7101338165597992,1.0,7174,7174,769,770
0.9762523885530066,0.6501111218475215,0.9781913346903169,0.7810994369304,0.7258650770572841,0.5,6878,6878,770,771
0.9808663514542894,0.6515704244149836,0.9824255433324389,0.7835018456106564,0.7285350147571773,1.0,7454,7454,771,772
0.9678385933529966,0.651690513077554,0.9701533034866369,0.7796554731792412,0.7258173924840592,1.0,7371,7371,772,773
0.9736059862243679,0.6465271170313986,0.977838537919125,0.7783950970845982,0.7216146208087495,1.0,6949,6949,773,774
0.963583517114288,0.6487542745481192,0.9663804395284529,0.7763357886121829,0.7215834667442876,1.0,6871,6871,774,775
0.9647341670304137,0.6450518205998349,0.9694004135079256,0.774644784667915,0.717987594762233,1.0,7255,7255,775,776
0.9728575640159504,0.6480269489894129,0.977923021060276,0.779507959479016,0.7233841684822077,1.0,6885,6885,776,777
0.9743636274170646,0.6491087842698425,0.9746759481517042,0.7792544259463609,0.7238958233317331,1.0,8332,8332,777,778
0.9764302002246077,0.6518722901064249,0.9795072257758825,0.7827897950489895,0.7282042170101871,1.0,8442,8442,778,779
0.9684531688423828,0.649653825670158,0.9709472008490315,0.7784513933205701,0.7236667551074556,1.0,7538,7538,779,780
0.9692085140653746,0.6459132770529548,0.9719936480438862,0.7760935969108409,0.7195755738414898,1.0,6927,6927,780,781
0.9798199008468776,0.6500651367872532,0.9851176917236143,0.7832649118570394,0.7274107820804859,1.0,6585,6585,781,782
0.9777296589585003,0.651329674968341,0.9812400635930048,0.7829506533045795,0.7279809220985691,1.0,6290,6290,782,783
0.9652617957186883,0.6447616215680444,0.9672862453531599,0.7737599619364816,0.717174721189591,1.0,6725,6725,783,784
0.9692591552133163,0.649119295436349,0.9712488769092543,0.7781643671265747,0.723120694818808,1.0,6678,6678,784,785
0.9700755247301349,0.6465502334428498,0.9752217005738133,0.7775813663304565,0.7210485133020345,1.0,7668,7668,785,786
0.9725422884853496,0.6492922564529559,0.9749937484371093,0.7794882047181128,0.7241810452613153,1.0,7998,7998,786,787
0.9811218205007898,0.6486326305985946,0.9847043701799486,0.7820938185901689,0.7256426735218509,1.0,7780,7780,787,788
0.9801452336511657,0.6538252356780275,0.9812270439396,0.7847467769134526,0.7308529451775269,1.0,7351,7351,788,789
0.9734258737762294,0.6478543286125014,0.9773493975903614,0.7792008196721312,0.7230522088353414,1.0,6225,6225,789,790
0.977450104135536,0.6501666835033841,0.9796042617960427,0.7815896532879957,0.7262557077625571,1.0,6570,6570,790,791
0.9727958616698602,0.6485568760611206,0.9780938833570413,0.77994555353902,0.7240398293029872,1.0,7030,7030,791,792
0.9613533683428429,0.6482262030207235,0.9655984303466317,0.7757053538590869,0.7207979071288424,1.0,7645,7645,792,793
0.9787046356192485,0.6527212860739879,0.9832239241429613,0.784587625865782,0.7300510576221736,1.0,6855,6855,793,794
0.9729750593829078,0.6532073310423826,0.9778508145184338,0.7832207851665332,0.7293512432123463,1.0,6998,6998,794,795
0.9836674209001444,0.653410564537045,0.9861691022964509,0.7860225677291872,0.7315370563674322,1.0,7664,7664,795,796
0.9591693615755567,0.6447448757086786,0.9590036325895174,0.7710843373493976,0.715295796574987,1.0,7708,7708,796,797
0.9619032576925531,0.6428903561796708,0.9614742698191934,0.7705511898790615,0.7136995827538247,1.0,7190,7190,797,798
0.9588016269823679,0.645381984036488,0.9586450247000706,0.7714237037878358,0.7159491884262527,1.0,7085,7085,798,799
0.9596447689479168,0.6476391150272962,0.9639344262295082,0.7747479376718607,0.719743406985032,1.0,7015,7015,799,800
0.9668520720731294,0.6472117400419287,0.9706955099987423,0.7766150130811028,0.720789837756257,1.0,7951,7951,800,801
0.9717485762030006,0.6506797264206704,0.9743330383107852,0.7802754151478332,0.7256290302187381,1.0,7909,7909,801,802
0.9835004675224522,0.6513302660532106,0.9856213107310429,0.7843420656428787,0.7289995459361284,1.0,6607,6607,802,803
0.976153736706484,0.644833197721725,0.9759852216748769,0.7765801077902988,0.7192118226600985,1.0,6496,6496,803,804
0.9683123287671234,0.6483566785681589,0.9701369863013699,0.7772595072161554,0.721986301369863,1.0,7300,7300,804,805
0.9802052653638187,0.6493734116203663,0.9831497943478837,0.7821405953134896,0.7261509884569457,1.0,7537,7537,805,806
0.9721671404010428,0.6461196960642022,0.9751320706094575,0.7772414501386464,0.7205257054503286,1.0,7761,7761,806,807
0.9690050011055431,0.6512767603817384,0.9729000770613923,0.7802441159808415,0.7259825327510917,1.0,7786,7786,807,808
0.9629681360018157,0.6479164791647917,0.9634635974304069,0.7747941667115105,0.7199544967880086,1.0,7472,7472,808,809
0.9670482866937394,0.6441384000680098,0.9701664532650448,0.7742298063659122,0.7170934699103714,1.0,7810,7810,809,810
0.9830387114748955,0.6538033984437034,0.9863440344992813,0.7863623340655143,0.7320316243411595,1.0,8348,8348,810,811
0.9774619358922996,0.6510842516885887,0.9783653846153846,0.7818569903948772,0.7270299145299145,1.0,7488,7488,811,812
0.9759817658200519,0.6511863159830789,0.9779036044745201,0.7817830527187414,0.727040464024306,1.0,7241,7241,812,813
0.9534165819015205,0.6452100047192072,0.9546152771959223,0.7699932417211084,0.7148442954894568,1.0,7161,7161,813,814
0.9366936751345833,0.6374549819927972,0.9353658536585366,0.758196496238124,0.7016937669376694,1.0,7380,7380,814,815
0.9698080720538285,0.6474202584259511,0.9786914355962301,0.7793125951707636,0.7228520693894277,1.0,7321,7321,815,816
0.9804903360338998,0.6510652862154531,0.9843467011642949,0.7837462017819437,0.7283958602846055,1.0,7730,7730,816,817
0.9604992497603432,0.6371206016653237,0.9605831533477321,0.7661086289497766,0.7067359611231101,1.0,7408,7408,817,818
0.9541333771879943,0.6449020139077034,0.9567256162915327,0.7704590818363274,0.714965166130761,1.0,7464,7464,818,819
0.9498762386001733,0.6425554856680744,0.9575522228173541,0.7690487713072001,0.712439742903053,1.0,7468,7468,819,820
0.9732133096445488,0.6491213663984234,0.9813780260707635,0.7813967281174319,0.7254500310366232,1.0,8055,8055,820,821
0.9613716310812841,0.6450032965997928,0.966003667654112,0.773523099514289,0.7171674425165749,1.0,7089,7089,821,822
0.9540917304946824,0.6384514435695539,0.9553934633188386,0.7654099005450357,0.7071819329499228,1.0,7129,7129,822,823
0.9711582074591557,0.6499335106382979,0.9760359460808787,0.7802833765715426,0.7251622566150774,1.0,8012,8012,823,824
0.9693932868074358,0.646239251115707,0.9681996086105675,0.7751158691820615,0.7190965427266797,1.0,6132,6132,824,825
0.9723413223799996,0.6478231358479589,0.9729139362166885,0.7777648428405122,0.7220037862239697,1.0,6867,6867,825,826
0.9825964020346539,0.6485711250398385,0.9862681744749596,0.7825418188809844,0.7259289176090469,1.0,6190,6190,826,827
0.9823297301656424,0.648028749603636,0.9848995983935743,0.7817161800331506,0.7249799196787149,1.0,6225,6225,827,828
0.9795703348874734,0.6465133882108052,0.9827412627642744,0.7799337975116996,0.722709621746009,1.0,6953,6953,828,829
0.9677640620145957,0.6464667867358831,0.9733609826128569,0.7769289533995416,0.7205295900462594,1.0,6269,6269,829,830
0.9752494606683565,0.6469755591205057,0.9781709230988729,0.778825400431671,0.7222142959052646,1.0,7009,7009,830,831
0.9853180067234235,0.6492895839721967,0.9890999688570539,0.7839555692687442,0.7274213640610402,1.0,6422,6422,831,832
0.9681470588891917,0.6480209039001258,0.9672107467860754,0.7760778859527121,0.7209302325581395,1.0,6923,6923,832,833
0.976133711946658,0.6464666600219277,0.9802025086897386,0.7790990990990991,0.7220794922170167,1.0,6617,6617,833,834
0.9761878655068542,0.6476773957571325,0.9791263478020459,0.7796367638965327,0.7232513132430191,1.0,7234,7234,834,835
0.9711444106934998,0.6461404189294027,0.9755490483162518,0.7773888694434722,0.7206442166910688,1.0,6830,6830,835,836
0.9593570431878898,0.6485050972329307,0.9663007403625223,0.7761316450504947,0.7212790400816952,1.0,7834,7834,836,837
0.9715513696475905,0.6466982446363889,0.9714006696428571,0.7764705882352941,0.7203543526785714,1.0,7168,7168,837,838
0.9561083742723018,0.6396577755410167,0.9532023398830058,0.7655704132032285,0.7081145942702864,1.0,6667,6667,838,839
0.9665510598781138,0.6436289302053928,0.9707825576273675,0.7740575977522829,0.7166348553810014,1.0,6811,6811,839,840
0.9675399527867207,0.6466815144766147,0.9713635755386056,0.7764466787891753,0.7203265087648869,1.0,7473,7473,840,841
0.9521074831965626,0.6441804436321342,0.9595347110506125,0.7708519733571926,0.714763024378171,1.0,8081,8081,841,842
0.9716659000795466,0.6479385610347616,0.9755355404089582,0.7786845428932284,0.7227361246348588,1.0,8216,8216,842,843
0.9587913035491568,0.650107818864308,0.965828191741813,0.7771253997804192,0.7230066445182725,1.0,8428,8428,843,844
0.9618818303998575,0.643107849393746,0.9642387274249492,0.7715940087093841,0.714567635450305,1.0,8361,8361,844,845
0.9658421528386651,0.6438521545319466,0.9655988857938719,0.7725651883218186,0.7157381615598886,1.0,7180,7180,845,846
0.9626799631061977,0.6435173407953871,0.9629488643573151,0.7714750432042289,0.7147570105316584,1.0,7881,7881,846,847
0.94949522495616,0.6424797131534252,0.9503140265177948,0.766649777627653,0.7107466852756456,1.0,7165,7165,847,848
0.9615668737749474,0.6456988729409499,0.9619690011481056,0.7727246527177359,0.7170637198622273,1.0,6968,6968,848,849
0.961457355495632,0.6463133640552995,0.959521094640821,0.7723726480036714,0.7172177879133409,1.0,7016,7016,849,850
0.9789220663793313,0.6517713745866792,0.9827635327635328,0.783754615166146,0.7288461538461538,1.0,7020,7020,850,851
0.975443288143059,0.6485135255780734,0.9770006724949563,0.7795664305644988,0.7237390719569603,1.0,7435,7435,851,852
0.9752453518606842,0.6425196850393701,0.9813589897775106,0.7765881513204854,0.7176788935658449,1.0,6652,6652,852,853
0.9666635961937194,0.6502375850181683,0.9714643652561247,0.7790366690852263,0.7244571269487751,1.0,7184,7184,853,854
0.9677185340350735,0.6465294484540676,0.9709621303358759,0.7762088147197261,0.7200588786297337,1.0,7473,7473,854,855
0.9639936228761166,0.6481812760882528,0.9686618149413337,0.776659720154808,0.721446606267637,1.0,6733,6733,855,856
0.9737397986895466,0.6503279883381924,0.9767378215654078,0.7807919492452418,0.7257799671592775,1.0,7308,7308,856,857
0.9665285390461061,0.646171888088457,0.9673940305994482,0.7748091603053435,0.7188362177075496,1.0,7974,7974,857,858
0.9545547149176037,0.6439854191980559,0.9576870953169704,0.7701156384331295,0.7141243788586056,1.0,6641,6641,858,859
0.9715725021468772,0.6496796155386464,0.9712617871576111,0.7785710000599916,0.7237688968717257,1.0,6681,6681,859,860
0.9713074100854031,0.647078804347826,0.9869443580976065,0.7816667350539576,0.7243290850689048,1.0,9651,9651,860,861
0.955746786810703,0.6519067413699621,0.9794976238968093,0.7828115674678531,0.7282416836388323,1.0,7365,7365,861,862
0.9607936736302314,0.6540466626784035,0.9859572275186808,0.7864152494476699,0.7322210770419995,1.0,7762,7762,862,863
0.9632869017261869,0.6510412128605036,0.9693824597820446,0.7789418816783946,0.7248962117280747,1.0,7708,7708,863,864
0.9749943889964321,0.6522703994537384,0.9779882262605579,0.7825908858166922,0.7283081648323522,1.0,7814,7814,864,865
0.9768916956387725,0.6497219325686479,0.9798191586947975,0.781336537959141,0.72578954265496,1.0,7631,7631,865,866
0.9824838459848004,0.6482887951242382,0.9846197664483053,0.7818171538418047,0.7252207348333808,1.0,7022,7022,866,867
0.9813768096626757,0.6483865279492153,0.9859230459847165,0.782298813892878,0.7256334629306878,1.0,7459,7459,867,868
0.9671106238638706,0.6443409742120344,0.9734848484848485,0.7754310344827586,0.7180735930735931,1.0,9240,9240,868,869
0.9584789464356456,0.6421661969685429,0.9624429223744292,0.7703412673032116,0.7130707762557078,1.0,8760,8760,869,870
0.9751260487083733,0.6480219488450305,0.9770483053109154,0.7792263076677486,0.7231785428342674,1.0,7494,7494,870,871
0.9647527504958522,0.6529218763855635,0.9727837230809883,0.7813859704977183,0.7278372308098824,1.0,7569,7569,871,872
0.9778848734947692,0.6499668529216782,0.9814099814099814,0.7820191431175935,0.7264407264407264,1.0,6993,6993,872,873
0.9817665154082613,0.6488045477344926,0.9837748764101915,0.7819253438113949,0.7256306249207758,1.0,7889,7889,873,874
0.9697524477953274,0.6421351303422592,0.9706473663047849,0.7729334542931854,0.714850556225707,1.0,7461,7461,874,875
0.9724670396327815,0.6491788660176859,0.9769626481771416,0.7800348229831688,0.7245023484679043,1.0,8942,8942,875,876
0.9668188142243103,0.650220617729643,0.9682236291960339,0.7779804185064312,0.7236889260542348,1.0,8371,8371,876,877
0.9688355853818262,0.6542228174437097,0.9705699739227617,0.7816,0.7287967217186142,1.0,8053,8053,877,878
0.9796307685812641,0.648308071906944,0.9831618334892422,0.7813711433274919,0.7249097955365496,1.0,7483,7483,878,879
0.9761286585778476,0.6526532137518685,0.9792542753013737,0.7832716672272676,0.7290440145780768,1.0,7134,7134,879,880
0.9667130427613002,0.6416007445323406,0.9673074224779009,0.7714861235452104,0.713483934334222,1.0,7127,7127,880,881
0.9711853709181156,0.6531594784353059,0.9712155108128262,0.7810494752623688,0.7277404921700223,1.0,6705,6705,881,882
0.9761450892214116,0.6461388866380359,0.9785249723892502,0.7783308931185945,0.7213154988342128,1.0,8149,8149,882,883
0.9811380038828211,0.6544536872604917,0.9835651074589128,0.785946795375463,0.7321252984969799,1.0,7119,7119,883,884
0.9806219852182785,0.6519470840320477,0.9866065134639785,0.7851012509115387,0.7299450162131679,1.0,7093,7093,884,885
0.9683527363049917,0.6430755395683453,0.9731899836690255,0.7744206194498592,0.7165215024496462,1.0,7348,7348,885,886
0.9632367850851438,0.6474741531478524,0.9645629852241423,0.77483277171453,0.7196969696969697,1.0,7986,7986,886,887
0.9686972023818832,0.6475666445308794,0.9740296803652968,0.7779360647330332,0.7219606164383562,1.0,7008,7008,887,888
0.9544247670275491,0.6472081218274112,0.9638807223855523,0.7744221359878523,0.7192356152876942,1.0,7143,7143,888,889
0.9714764388950065,0.6487050564462574,0.973935336846603,0.7787267964924268,0.7232587950434411,1.0,7021,7021,889,890
0.9611035212658027,0.6467284470654311,0.9634639520290057,0.773944214181696,0.7185887602844792,1.0,7171,7171,890,891
0.9649531144728077,0.644228240862477,0.9688900606380174,0.7738878652276915,0.7169127339836541,1.0,7586,7586,891,892
0.9709709106894873,0.6441548908056524,0.9751354354771496,0.7758191965519147,0.7182247534379775,1.0,7199,7199,892,893
0.9726210390080511,0.6477367013920899,0.9720531267293857,0.7774273858921161,0.7217072495849475,1.0,7228,7228,893,894
0.9605100821501195,0.6455009314003401,0.9687613954053725,0.7747642655779139,0.7183663546857907,1.0,8227,8227,894,895
0.9787604799755611,0.645071097619428,0.9836764526738945,0.7791769189945482,0.7212206115239371,1.0,8209,8209,895,896
0.9695810567881572,0.6537014874337493,0.9781273983115887,0.7836646853863497,0.7299820926068048,1.0,7818,7818,896,897
0.9706663660713617,0.6475482386263055,0.9709356337093563,0.7769341050284075,0.7212342402123424,1.0,7535,7535,897,898
0.9682372366786779,0.6508600209065856,0.9734223990903923,0.7801127626858022,0.7256253553155202,1.0,7036,7036,898,899
0.973733301736288,0.6502546689303905,0.9784859486352023,0.7812969722997638,0.7260992335619201,1.0,7437,7437,899,900
0.9527286032337988,0.6407169609416801,0.948389651531151,0.7647684938797232,0.7082893347412883,1.0,7576,7576,900,901
0.9677017815350304,0.6508018623900672,0.978074949463536,0.7815606361829026,0.726636603949619,1.0,6431,6431,901,902
0.9726914588235915,0.6470640254686947,0.9774245257814588,0.7786527615196339,0.7221480096179536,1.0,7486,7486,902,903
0.9714063057102881,0.6470831609433182,0.969471563613823,0.7761305129954718,0.7203626220362622,1.0,6453,6453,903,904
0.9537025763335277,0.646613623132156,0.954727793696275,0.7710285780400324,0.7164756446991404,1.0,6980,6980,904,905
0.9824155930617476,0.6521497405485545,0.9846110800223838,0.7846153846153846,0.7297146054840515,1.0,7148,7148,905,906
0.9598747298155842,0.646804227478611,0.967479674796748,0.7752910659347289,0.7195874736525143,1.0,6642,6642,906,907
0.9785103939316214,0.652042498626122,0.9830157415078707,0.7840308370044052,0.7292184479425573,1.0,7242,7242,907,908
0.9811268554891063,0.651981015270326,0.982584357020681,0.783849159585685,0.729046804540507,1.0,6431,6431,908,909
0.9771350476732935,0.6515517561791488,0.9793296089385475,0.7825019529070416,0.7277932960893855,1.0,7160,7160,909,910
0.9656153690555778,0.6492821564605918,0.969661610268378,0.7777712781515063,0.7229434072345391,1.0,6856,6856,910,911
0.9779160440224213,0.6480597821193842,0.9810549270819136,0.7805248319236608,0.7241379310344828,1.0,7337,7337,911,912
0.9572863738025165,0.6446355364463554,0.9579494799405647,0.7706652322036938,0.7149331352154532,1.0,6730,6730,912,913
0.9780900628188856,0.648658448150834,0.9824272377814388,0.7813933173181917,0.7251510159253157,1.0,7284,7284,913,914
0.9786519971851578,0.6507799789453537,0.9796859242184124,0.78205865439908,0.7269845843538395,1.0,6941,6941,914,915
0.975486468255126,0.6507488986784141,0.9780190677966102,0.7815046026875463,0.7265625,1.0,7552,7552,915,916
0.9717369736535891,0.6540656872836156,0.9773489932885906,0.783676215034475,0.7302153243847874,1.0,7152,7152,916,917
0.9690726777176628,0.6509503598449898,0.9700261240203493,0.7790845342609464,0.7249415646913241,1.0,7273,7273,917,918
0.9758968452034726,0.6533473202365058,0.9810969497350709,0.7843608678230007,0.7302735214091365,1.0,6983,6983,918,919
0.98399814390411,0.6476884746701117,0.9877568252181256,0.7823663824332608,0.7252321981424149,1.0,7106,7106,919,920
0.9718393039798198,0.6455659558043038,0.9746503496503497,0.7766877575898299,0.7197698135198135,1.0,6864,6864,920,921
0.9658155281097429,0.6468306527909177,0.9761564820102798,0.7780812564015022,0.7215876641918904,1.0,7004,7004,921,922
0.9727976811475032,0.6454446658214091,0.9742993848257007,0.7764885329846924,0.7195488721804512,1.0,7315,7315,922,923
0.9740082366051578,0.6500857632933105,0.9759163889730385,0.780354871919094,0.7253105119660709,1.0,6602,6602,923,924
0.9777323356760201,0.6505443684362655,0.978834444766599,0.7816171789083753,0.7265149318643085,1.0,6898,6898,924,925
0.9757188307922567,0.645784996133024,0.9763227126571178,0.7773769347143024,0.7204033908213973,1.0,6842,6842,925,926
0.9475249337830757,0.643297974927676,0.9489331436699858,0.7667816091954023,0.7113798008534851,1.0,7030,7030,926,927
0.9720396751487431,0.6476787240102535,0.9813003452243959,0.7803259937088933,0.7237485615650172,1.0,6952,6952,927,928
0.9884814261410731,0.6506294188653217,0.9917203311867525,0.785755193419066,0.7295965304244973,0.5,7609,7609,928,929
0.9743375833340818,0.6470291536366387,0.9746239173377906,0.7777373590396508,0.7214709010788634,1.0,6581,6581,929,930
0.9815294531218164,0.6525547445255474,0.9840035221602583,0.7847153139446428,0.73004109186968,1.0,6814,6814,930,931
0.9737936747142197,0.6451788632649356,0.9750274423710209,0.7765271555021309,0.7194017563117453,1.0,7288,7288,931,932
0.979829970184236,0.646046370355371,0.9830534586350331,0.7796920821114369,0.7222307810814974,1.0,6491,6491,932,933
0.969179835610104,0.640362097805766,0.9696066746126341,0.7713185185185185,0.7125297973778307,1.0,6712,6712,933,934
0.9791076945406719,0.6527641332499776,0.9809421554153804,0.7838910338910339,0.7295665011407865,1.0,7451,7451,934,935
0.9742276921421219,0.6497201492537313,0.9753535919339028,0.7799115391075527,0.7247584371936704,1.0,7141,7141,935,936
0.9846818092523049,0.6525415585663495,0.9876381617219313,0.7858589365272233,0.7308755090168703,1.0,6876,6876,936,937
0.9813407488221473,0.6528378930175582,0.9858182266617339,0.785496708263732,0.7307929461092613,1.0,8109,8109,937,938
0.9733250720419312,0.6530890498508735,0.9792997699974444,0.7836000204488524,0.7295553283925377,1.0,7826,7826,938,939
0.9638103451493546,0.6472375166128727,0.9653121902874133,0.7749048133204524,0.7195950729151919,1.0,7063,7063,939,940
0.980102660321119,0.6499671638990524,0.9829738933030647,0.782515389394025,0.7268019296254257,1.0,7048,7048,940,941
0.9714534604261643,0.648795575967757,0.976029328821207,0.7794606159563088,0.7238437676254935,1.0,7092,7092,941,942
0.9564677468680557,0.6453799500535141,0.9653148345784418,0.7735728030788968,0.7174493062966916,1.0,7496,7496,942,943
0.9828066654175943,0.6548295454545454,0.9841227484989993,0.7863958633189403,0.7326884589726484,1.0,7495,7495,943,944
0.9801541908144683,0.6454076367389061,0.9830242062244577,0.7792175429852978,0.721471235460547,1.0,6362,6362,944,945
0.9724404466890633,0.651859671918142,0.9739140985197767,0.7809885191671532,0.7268866779907789,1.0,8242,8242,945,946
0.9798247983964817,0.6486728837876614,0.9822131704005431,0.7813360695577037,0.7251188051595383,1.0,7365,7365,946,947
0.9779874705013034,0.6476460969102332,0.9826325411334552,0.7807231415676713,0.7240141028989292,1.0,7658,7658,947,948
0.9812955901133396,0.6497334272206016,0.9840036563071298,0.7826719176007271,0.7267672151127361,1.0,6564,6564,948,949
0.9724730201622446,0.6513387660069848,0.9719568184638293,0.7799850634802091,0.7258344707780121,1.0,8059,8059,949,950
0.9800827841190638,0.6522133377297832,0.9817595235140837,0.783754333828628,0.7291227199404393,1.0,8059,8059,950,951
0.9824031854286348,0.6487554658594012,0.9843072212299055,0.7820577800304105,0.7256953304414392,1.0,7838,7838,951,952
0.9721181367778732,0.646096589925567,0.9751796211626388,0.777239835493779,0.7205094709340301,1.0,7655,7655,952,953
0.9810141257149764,0.6539869631217073,0.9845409329210916,0.7859212361841399,0.7318187928485012,1.0,7439,7439,953,954
0.9773762951558039,0.6487227012652107,0.9777723794485607,0.7799631818622227,0.7241588728288595,1.0,8233,8233,954,955
0.9691744524031017,0.6455504006748207,0.9686115681559296,0.7747519740838227,0.718390077205417,1.0,7901,7901,955,956
0.9657186295744521,0.6512413289521723,0.9677200596772007,0.7785476567188608,0.7247389122473892,1.0,7373,7373,956,957
0.9733140602703939,0.6477786144578314,0.9740976645435244,0.7781106902594833,0.7222222222222222,1.0,7065,7065,957,958
0.9776454987128393,0.6476200142088704,0.9801843317972351,0.7799303306239687,0.7234254992319509,1.0,6510,6510,958,959
0.9742185221447245,0.6454322385805965,0.9771395913701958,0.7773799374822393,0.7201743106158023,1.0,6999,6999,959,960
0.9746789445216045,0.6492873895002707,0.9777234447161097,0.7803555941023417,0.7248030426514535,1.0,7362,7362,960,961
0.9768881878146849,0.6489239217075546,0.980463000133815,0.7809635472180771,0.7250100361300682,1.0,7473,7473,961,962
0.9815873217128055,0.6531084962475678,0.9844972067039106,0.7852726563805492,0.7307960893854749,1.0,7160,7160,962,963
0.9722567444049406,0.6496775903188764,0.972626289341444,0.7790075729492136,0.7240809309706426,1.0,7562,7562,963,964
0.9796856975342385,0.6506615878107458,0.9821455590860947,0.7827555019596021,0.7274171584203359,1.0,6609,6609,964,965
0.969494769873184,0.6511074311736701,0.9699352451433858,0.7791676987862274,0.725100215849522,1.0,6486,6486,965,966
0.9760457471123921,0.6499600816109288,0.982171581769437,0.7822559120269044,0.7266085790884719,1.0,7460,7460,966,967
0.8510644046022752,0.6156580687830688,0.8369296471117105,0.7094407926074117,0.6572263429984266,1.0,8898,8898,967,968
0.8757784695219727,0.6176194138255148,0.8641798182687709,0.7203867045397917,0.6645743663318986,1.0,8364,8364,968,969
0.972825284027623,0.6479137828752225,0.9780597014925373,0.7794694897109552,0.7232835820895522,1.0,6700,6700,969,970
0.9775688565974682,0.6491680754515526,0.9801182160128963,0.781030883691056,0.725214938205266,1.0,7444,7444,970,971
0.9607366705099928,0.6420169520844144,0.9639007921049214,0.7707003062866635,0.7132190624594209,1.0,7701,7701,971,972
0.9499409656066424,0.6402433568936208,0.949701393497014,0.764856776400171,0.708029197080292,1.0,7535,7535,972,973
0.9647986712672298,0.6491030337184184,0.9675206495870082,0.7769533445756043,0.7222455550888982,1.0,7143,7143,973,974
0.9634019266279422,0.6413350933433906,0.9666050873951968,0.7710706795896389,0.713016910615319,1.0,7037,7037,974,975
0.981285154642318,0.6499143835616439,0.9835449598341539,0.7826580059799979,0.7268722466960352,1.0,7718,7718,975,976
0.9701107592286663,0.6487899322362052,0.9721496953872933,0.7782164421737111,0.7229474905715114,1.0,6894,6894,976,977
0.9663688159749263,0.6488880512627214,0.9652368937482478,0.7760622112025245,0.7214746285393888,1.0,7134,7134,977,978
0.9638460090625772,0.6454632951264327,0.9653232138183722,0.7736353625924178,0.7175477623658728,1.0,7642,7642,978,979
0.9819557347324563,0.6516881623264602,0.9854658385093168,0.7845522424961677,0.7293788819875776,1.0,8050,8050,979,980
0.9547826997809696,0.6407978545088837,0.9494598286352912,0.7651738804103078,0.7086179063702968,1.0,8053,8053,980,981
0.9797929042027047,0.6500237004266077,0.9843282689316903,0.7829852024551553,0.727180284723053,1.0,8359,8359,981,982
0.9565670596484172,0.6417948717948718,0.9588813689184013,0.7689314423224617,0.711850338398672,1.0,7831,7831,982,983
0.9594474825830116,0.6481696947999642,0.9622641509433962,0.7745868763035456,0.719970768004252,1.0,7526,7526,983,984
0.9617618598687953,0.6428148022694555,0.9650394101195017,0.7716391359593393,0.7144037630307654,1.0,7866,7866,984,985
0.9676884790513847,0.6445274120652388,0.9719958512372203,0.7750930466119218,0.7179582160320047,1.0,6749,6749,985,986
0.9744336579509694,0.6472471852081396,0.9778401997503121,0.7789172726707688,0.7224563046192259,1.0,6408,6408,986,987
0.9825223954294121,0.6546152292466169,0.9855557244944504,0.786698221979489,0.7327809031473316,1.0,6577,6577,987,988
0.9864218319550899,0.6475501680757869,0.988646967340591,0.7825444697482612,0.7252721617418352,1.0,6430,6430,988,989
0.986712740847119,0.6542648868692607,0.9892642427712568,0.7876232263946663,0.7332522187231606,1.0,6986,6986,989,990
0.9612982598725162,0.644637332416638,0.9621600820933812,0.7720255249073693,0.7158799384299641,1.0,7796,7796,990,991
0.9711775065850892,0.642675852066715,0.9629227217166916,0.7708616471867356,0.7137715605052288,1.0,7363,7363,991,992
0.9615832369399857,0.6429020100502513,0.9544606776499844,0.7682972601025898,0.7121541809138949,1.0,6434,6434,992,993
0.963257377380069,0.6471269917914051,0.970034742327736,0.7763424665469502,0.7205414012738853,1.0,6908,6908,993,994
0.9604937026593386,0.6432,0.9657013212331509,0.7721282612175212,0.7150006672894702,1.0,7493,7493,994,995
0.9790217688703312,0.6569335840839354,0.9845720219551996,0.7880550938019473,0.735202492211838,1.0,6741,6741,995,996
0.9653918398395379,0.6469855764241984,0.9645730198019802,0.7744860567666605,0.7191367574257426,1.0,6464,6464,996,997
0.9731741171529867,0.6506024096385542,0.9761709120788825,0.7808084127505751,0.7259654889071487,1.0,6085,6085,997,998
0.9728024332467752,0.6456545654565456,0.9723326706428098,0.776014808938252,0.719350563286945,1.0,6036,6036,998,999
0.9726655038377237,0.6519493177387914,0.9740789282073685,0.7811058562503649,0.7270278141837775,1.0,6867,6867,999,1000
0.9714254664729486,0.6470325747434181,0.9749865519096288,0.777855265275468,0.7215572888649812,1.0,7436,7436,1000,1001
0.980712859524125,0.6468242929995364,0.9841986455981941,0.7806188104962793,0.7234057562076749,1.0,7088,7088,1001,1002
0.9795248880510609,0.6475124918531393,0.9835010724302921,0.780899980349774,0.7240554363966342,1.0,6061,6061,1002,1003
0.9764736780041543,0.6469979296066253,0.9808817234983592,0.779699461298554,0.7228563275788272,1.0,7009,7009,1003,1004
0.9680803937558006,0.6473945866322961,0.9730178497301785,0.7774890817623971,0.7215303722153037,1.0,7227,7227,1004,1005
0.9802536951219419,0.648948341107102,0.9820215741110667,0.7814752013565069,0.725396191237182,1.0,7509,7509,1005,1006
0.9768376568047337,0.6499846798079869,0.9790769230769231,0.7812902829783316,0.7259230769230769,1.0,6500,6500,1006,1007
0.9805866533396765,0.6477316416762784,0.9855220824802574,0.7816958589490778,0.7247733255337818,1.0,6838,6838,1007,1008
0.97853572914814,0.6490267639902676,0.9814717477003942,0.7813578826237054,0.7253613666228647,1.0,7610,7610,1008,1009
0.9764357341409857,0.6499092558983666,0.9796197510600465,0.7814085429054607,0.7259608808644509,1.0,7311,7311,1009,1010
0.9570890204081633,0.6381698347502149,0.9544285714285714,0.7648978189936458,0.7066428571428571,1.0,7000,7000,1010,1011
0.9526483560733929,0.6430683918669131,0.9544581618655693,0.7684152401987852,0.7123456790123457,1.0,7290,7290,1011,1012
0.9713099553852033,0.6498410557749735,0.9752782998409715,0.7799745635333565,0.7248807286395836,1.0,6917,6917,1012,1013
0.9625213247349058,0.646308844507846,0.9651178271867927,0.7741763229561596,0.7184795633071495,1.0,7511,7511,1013,1014
0.9849751056752226,0.6515651475965397,0.9891686975358787,0.7856336362170009,0.7300974817221771,1.0,7386,7386,1014,1015
0.9807885676849905,0.6536124240378123,0.9851701075894155,0.7858509712960279,0.7315353300378017,1.0,6878,6878,1015,1016
0.967392558848568,0.6462824043300731,0.9685498790379963,0.7752591411322474,0.7192258431763199,1.0,7027,7027,1016,1017
0.9799302136715863,0.6491888500492964,0.9830347448425625,0.781970310391363,0.7259093376764386,1.0,7368,7368,1017,1018
0.9777289968713299,0.6523636363636364,0.9789904502046385,0.7829787234042553,0.7286493860845838,1.0,7330,7330,1018,1019
0.986382177409407,0.6558887113450512,0.9903491342605734,0.7891433418150975,0.735381776894692,1.0,7046,7046,1019,1020
0.9824579137112429,0.6533116765926728,0.9877216916780355,0.7864436237236585,0.7317871759890859,1.0,7330,7330,1020,1021
0.9703502569139403,0.6467794033821015,0.9731275014293882,0.7770802419815089,0.7208404802744426,1.0,6996,6996,1021,1022
0.9695656085600982,0.6462123548155001,0.9682735253349761,0.7751202071261251,0.7190820884028954,1.0,6493,6493,1022,1023
0.9860431770972546,0.6515959936347467,0.9886379775600057,0.785488603024148,0.730009941769635,1.0,7041,7041,1023,1024
0.9827139962641243,0.6533700137551581,0.9864217252396166,0.7860734517217236,0.7315495207667732,1.0,6260,6260,1024,1025
0.9805600098864587,0.6475281873373807,0.9844409282700421,0.7812074918907607,0.7242879746835443,1.0,7584,7584,1025,1026
0.982978809521074,0.654351909830933,0.9870462825529618,0.7869822485207101,0.7328295776548374,1.0,7411,7411,1026,1027
0.9790251856767763,0.6455923235584252,0.9815925824925007,0.7789018122802273,0.7213662394327789,1.0,7334,7334,1027,1028
0.9734716700154649,0.647597033612636,0.9760487734068806,0.778601204261232,0.7224560894179126,1.0,6889,6889,1028,1029
0.9744124423135878,0.6470474533681261,0.9743850967835832,0.7776745266581484,0.7214379275214671,1.0,6871,6871,1029,1030
0.874814712968,0.6225809251063091,0.8770171149144255,0.728213977566868,0.6726772616136919,1.0,8180,8180,1030,1031
0.9661711797629814,0.6448066717210008,0.9641490718435596,0.7727866431938213,0.7165226016720986,1.0,7057,7057,1031,1032
0.9825209895461766,0.6496528429348846,0.9859034600598034,0.783213619139189,0.7271109212587213,1.0,7023,7023,1032,1033
0.9681319946181643,0.6486944389077137,0.9793860969003912,0.7804556354916067,0.7244959374059585,1.0,6646,6646,1033,1034
0.971608020453452,0.641664196066805,0.9753642782033949,0.7740820219360992,0.715337238996545,1.0,6657,6657,1034,1035
0.9643907231362083,0.6415134902719553,0.9672609400324149,0.7714082595488916,0.7133711507293355,1.0,6170,6170,1035,1036
0.9738063469804104,0.6506425978612773,0.9758681577398469,0.780740479133557,0.7259417304296645,1.0,6796,6796,1036,1037
0.9649723679671799,0.6466343871641508,0.9655514601644457,0.7745493830670381,0.7189537850864758,1.0,7054,7054,1037,1038
0.9636644037925344,0.6431141929254806,0.9668778041699657,0.7724421485425123,0.7151623119556612,1.0,7578,7578,1038,1039
0.9673275906411862,0.6446351931330472,0.9742000576535025,0.7758709751477931,0.7185788411646008,1.0,6938,6938,1039,1040
0.9625827918062555,0.6479832848837209,0.9620987321284057,0.7744001737053523,0.7197194496897761,1.0,7414,7414,1040,1041
0.9495110182213894,0.6438808221761267,0.9493952453774503,0.7673464801393337,0.7121507020714584,1.0,7193,7193,1041,1042
0.9753374496935374,0.6506300114547537,0.9774845833930876,0.7812482090664221,0.7263014484439982,1.0,6973,6973,1042,1043
0.9806851485761588,0.6463366725594186,0.984295542925516,0.7802940479013517,0.7228537241998205,1.0,6686,6686,1043,1044
0.9421588164043894,0.6416695234830305,0.9438981341401916,0.7639795918367347,0.7083963691376702,1.0,7932,7932,1044,1045
0.9781777361477831,0.6466064218419535,0.9808954353215692,0.7794194333391274,0.7224004666763891,1.0,6857,6857,1045,1046
0.9700774998434267,0.6449689017636534,0.9781625533014602,0.7773670158143355,0.7198604470861868,1.0,7739,7739,1046,1047
0.9735414606264671,0.6508963223064128,0.9731970157502072,0.7800664451827243,0.7256148107211937,1.0,7238,7238,1047,1048
0.9679910796533063,0.645057340536442,0.973119816985988,0.7758335708178968,0.7188304260794968,1.0,6994,6994,1048,1049
0.9639522030969947,0.6465782391387928,0.9705670177463569,0.7761176809922122,0.720025970278459,1.0,6931,6931,1049,1050
0.9377960574091053,0.6349795413455134,0.9283528102392877,0.7541391196247952,0.6973427935447969,1.0,7188,7188,1050,1051
0.9683114497423336,0.6511566072852965,0.9704134196275261,0.7793571655882041,0.7252674679698851,1.0,7571,7571,1051,1052
0.9719816038037716,0.6448692152917505,0.973424449506454,0.7757942511346445,0.7186788154897494,1.0,6585,6585,1052,1053
0.9752946820665794,0.6448725121892734,0.9799587027814891,0.7778634785962206,0.7201506133851573,1.0,8233,8233,1053,1054
0.9662975463073294,0.6472173185914708,0.9669627984453082,0.7754216062781767,0.7199472515269295,1.0,7204,7204,1054,1055
0.9584957465739663,0.6478365384615384,0.9610698365527489,0.7739619480674883,0.7193164933135215,1.0,6730,6730,1055,1056
0.9705473202878311,0.6482910694597575,0.9713170145667518,0.7775907670113008,0.7221805075837213,1.0,6659,6659,1056,1057
0.9815644972544784,0.6465994733496776,0.9828847481021394,0.780041625588783,0.7228433402346446,1.0,7245,7245,1057,1058
0.9805086497183884,0.6508638677906685,0.9834783705385295,0.7833249623304872,0.7279606507756338,1.0,7929,7929,1058,1059
0.9641772330623395,0.6469159786304031,0.9704918032786886,0.776336878915926,0.7204007285974499,1.0,8235,8235,1059,1060
0.9775908565491801,0.6483996580871878,0.980186647523331,0.7804961701154681,0.7243359655419956,1.0,6965,6965,1060,1061
0.9806323740448825,0.6466126350789693,0.9840290955091714,0.7804113368447454,0.7231182795698925,1.0,6324,6324,1061,1062
0.9701952965430964,0.6461648306813546,0.9704350490196079,0.7757776144991428,0.719515931372549,1.0,6528,6528,1062,1063
0.9828362344537102,0.6495479899980765,0.9867056245434623,0.7833903613060372,0.7271731190650109,1.0,6845,6845,1063,1064
0.9788158831012945,0.6501911281002756,0.9804289544235925,0.7818696883852692,0.7264745308310991,1.0,7460,7460,1064,1065
0.9819540918892208,0.6498629600626469,0.9832642180094787,0.7825318246110325,0.7267476303317536,1.0,6752,6752,1065,1066
0.9738745517789196,0.6491127647395535,0.9806860766791583,0.781171067738232,0.7252810608244451,1.0,6938,6938,1066,1067
0.9491623829725385,0.6386811023622048,0.9497950819672131,0.763771186440678,0.7062353629976581,1.0,6832,6832,1067,1068
0.9612401562154197,0.6447631464580618,0.9657596667100637,0.7732721776295215,0.7168337456060409,1.0,7681,7681,1068,1069
0.9601479093291365,0.6465108401084011,0.9681674064679772,0.7753008683288478,0.7194039315155358,1.0,7885,7885,1069,1070
0.9647204842570055,0.6472449739389426,0.9648952407381712,0.7747757785081612,0.7195088108783128,1.0,7207,7207,1070,1071
0.980818019666356,0.6528532608695652,0.9866529774127311,0.785772690106296,0.731006160164271,1.0,7792,7792,1071,1072
0.9560044413445727,0.6461430136128932,0.9609075043630018,0.7726996304439351,0.7173356602675974,1.0,8595,8595,1072,1073
0.9645352657584666,0.6492882867432688,0.9703960015378701,0.7780118160801438,0.723119313084711,1.0,7803,7803,1073,1074
0.9516583467536274,0.6454413892908828,0.953373413493654,0.7697535192276577,0.7148296593186373,1.0,7485,7485,1074,1075
0.9548975635115312,0.6463998554521637,0.9605316149818768,0.7727616373258451,0.717545979326084,1.0,7449,7449,1075,1076
0.9575124042239163,0.6478454680534919,0.9702364394993046,0.7769239336228979,0.7214186369958275,1.0,7190,7190,1076,1077
0.9586982967311409,0.6454448845522172,0.9615716753022453,0.7724145904387537,0.7166810592976396,1.0,6948,6948,1077,1078
0.9533899852207729,0.6425612052730697,0.9520089285714286,0.7672588261749494,0.7112165178571429,1.0,7168,7168,1078,1079
0.962545699559158,0.6435814042471781,0.9650028686173264,0.772179501893722,0.7152897303499713,1.0,6972,6972,1079,1080
0.9648313884106863,0.6471489055040086,0.9689776099271649,0.7760194436943019,0.7203264094955489,1.0,7414,7414,1080,1081
0.9769649122840278,0.6506331699346405,0.9807573891625616,0.7822937131630648,0.7270628078817734,1.0,6496,6496,1081,1082
0.9732992824415015,0.6486415425065731,0.9767718094232546,0.7795860325485858,0.723835291012274,1.0,7577,7577,1082,1083
0.9755888805769113,0.6517430862084497,0.9792907417433676,0.7826275082481475,0.7280048727666486,1.0,7388,7388,1083,1084
0.9829980751937949,0.6505376344086021,0.9866045428072219,0.7840777597778292,0.7283051834595224,1.0,6868,6868,1084,1085
0.9686764241432547,0.6425191883082746,0.9689234184239733,0.7726640536098116,0.7149199302362454,1.0,6307,6307,1085,1086
0.9769151887967519,0.6503641015548121,0.9796916691372666,0.7817601135557133,0.7265045953157426,1.0,6746,6746,1086,1087
0.961937495231533,0.6434445599773135,0.9656688892041424,0.7722940776038121,0.7152787629450986,1.0,7049,7049,1087,1088
0.9534530355482892,0.6440388419349038,0.9630276956171013,0.771875,0.7153804786232858,1.0,7438,7438,1088,1089
0.9683322959938652,0.6479378942261038,0.9791758322334653,0.7798411586078019,0.723566505352691,1.0,6819,6819,1089,1090
0.959296801285834,0.6471393643031785,0.9620529223611515,0.773782377360697,0.718740913056121,1.0,6878,6878,1090,1091
0.9777210544594939,0.6529377641501616,0.9847519060117486,0.7852302172613116,0.7306586676665416,1.0,8001,8001,1091,1092
0.969264631023922,0.6489066296424852,0.9728112397554313,0.7785123106553538,0.7232340314817224,1.0,7687,7687,1092,1093
0.9711052780701566,0.6438356164383562,0.9748985420111228,0.775512644227895,0.717796482789719,1.0,6653,6653,1093,1094
0.966522300650554,0.6456599286563615,0.9713774597495528,0.7757142857142857,0.7191413237924866,1.0,7267,7267,1094,1095
0.9753688542529552,0.646048761977042,0.9783077144088493,0.7781967775111416,0.7211607527654073,1.0,6961,6961,1095,1096
0.9742247669249874,0.6534057830390064,0.9766497461928934,0.782977733852683,0.72929659173314,1.0,6895,6895,1096,1097
0.9561800412906508,0.6455439814814815,0.9560062848164548,0.7706834014623755,0.7155406370518498,1.0,7001,7001,1097,1098
0.9655479807660579,0.6422388353334645,0.9632634995573915,0.7706562795089708,0.7133372676305695,1.0,6778,6778,1098,1099
0.9750144423975757,0.6478210789019005,0.9775492468134415,0.7792402724858561,0.7230590961761297,1.0,6904,6904,1099,1100
0.9638958257540257,0.6470462785242056,0.9640927867810614,0.7743746809596733,0.7190975532252939,1.0,6294,6294,1100,1101
0.9740507652559076,0.6467342229356877,0.9823224626638221,0.7799624901687943,0.7228741237427614,1.0,6562,6562,1101,1102
0.9494293358651585,0.6391416139240507,0.948906181177507,0.7638125627843763,0.7065775950668037,1.0,6811,6811,1102,1103
0.9733858656729334,0.6492616542804749,0.9745038389106185,0.7793095458758109,0.7240330291177749,1.0,6903,6903,1103,1104
0.9735098876364837,0.6536283648401429,0.9792482380579484,0.7839715793323233,0.7301618376403028,1.0,7662,7662,1104,1105
0.9805940197695762,0.6486904118056092,0.9834836593651165,0.7817504655493482,0.7254304790910155,1.0,8537,8537,1105,1106
0.9786085460173325,0.6480421956016449,0.9817172264355363,0.7807215939687668,0.7242686890574215,1.0,7384,7384,1106,1107
0.9683040629283545,0.644392423919983,0.9723827874116892,0.7751183924228849,0.7178869621066153,1.0,6228,6228,1107,1108
0.9740167955277531,0.6481889763779528,0.9767441860465116,0.7792502839833396,0.7233032747982914,1.0,6321,6321,1108,1109
0.9663749469037083,0.646902842596521,0.9694802098235574,0.7760035625675934,0.7201557780956923,1.0,6291,6291,1109,1110
0.9734030599362249,0.6488326848249028,0.9755740821997952,0.7793421744464567,0.7237823606845107,1.0,6837,6837,1110,1111
0.9565523898978356,0.6457511652922194,0.9582335727587125,0.7715540323444361,0.7162809257781325,1.0,7518,7518,1111,1112
0.9536882749752915,0.6460471567267684,0.9560755336617406,0.7710643933123655,0.7161330049261084,1.0,7308,7308,1112,1113
0.967341738085191,0.6447483780466421,0.9659792460265335,0.7733319312266681,0.7168658872980428,1.0,7613,7613,1113,1114
0.9712981588634106,0.6479564519007674,0.9776491180826713,0.7793699350614501,0.7232395314393429,1.0,7427,7427,1114,1115
0.9576056065356572,0.6464051666824959,0.9600789956270278,0.772618912475877,0.71744956975596,1.0,7089,7089,1115,1116
0.9644701420462033,0.6434940855323021,0.9638816955158784,0.7717575162328805,0.7149379855526782,1.0,7337,7337,1116,1117
0.9672732456726492,0.6437517657029852,0.9656731176719876,0.7725166685501187,0.7156378019494278,1.0,7079,7079,1117,1118
0.9562087356148472,0.6407106598984772,0.9540438397581255,0.7665958092924385,0.7095238095238096,1.0,6615,6615,1118,1119
0.9800896753676751,0.651634943875061,0.9830658224120159,0.783752054472881,0.7287586511559417,1.0,6791,6791,1119,1120
0.9767137282776244,0.6505536051849852,0.9795337489834643,0.7818467030886569,0.7266874491732177,1.0,7378,7378,1120,1121
0.9801518464794753,0.6483431800667866,0.984399375975039,0.7817872076815858,0.7252340093603744,1.0,7692,7692,1121,1122
0.9785990481585372,0.6500250125062531,0.9799396681749623,0.7815939849624061,0.7261689291101056,1.0,6630,6630,1122,1123
0.9795242983217605,0.649402390438247,0.983196897888841,0.7821765209940017,0.7261956053425248,1.0,6963,6963,1123,1124
0.9629911173010021,0.643502490922908,0.9651722391084093,0.7721769086579867,0.7152355623100304,1.0,7896,7896,1124,1125
0.9747221354117067,0.6482986767485822,0.9799971424489212,0.7803629330451106,0.724174882126018,1.0,6999,6999,1125,1126
0.9421775702730065,0.6398677276015294,0.943758573388203,0.7626554994457445,0.7062947721383935,1.0,6561,6561,1126,1127
0.9682132319727345,0.6461308690376178,0.9709636695188666,0.7759219818406008,0.7195960162715669,1.0,7129,7129,1127,1128
0.9775043071754631,0.6482524271844661,0.9804698972099853,0.780479251899474,0.7242290748898679,1.0,6810,6810,1128,1129
0.9715152944818678,0.6461624233413864,0.976137001684447,0.7775914122777592,0.7208029197080292,1.0,7124,7124,1129,1130
0.9737737149850445,0.645137547152452,0.9761937908951691,0.7768668291602039,0.7196157594319922,1.0,7183,7183,1130,1131
0.9502827394792274,0.6411442598187311,0.9516535874439462,0.7661326714801444,0.7095011210762332,1.0,7136,7136,1131,1132
0.9769603085623946,0.6520326803819274,0.9811879721522737,0.7834417504435245,0.728780921344986,1.0,6751,6751,1132,1133
0.9742701580084315,0.6499439461883408,0.9740968916269952,0.7796705144009862,0.7247269672360683,1.0,7142,7142,1133,1134
0.9674433967882452,0.6476038338658147,0.9703207276208712,0.7767771603755509,0.7211584490186692,1.0,6267,6267,1134,1135
0.9709715769387052,0.6479247791813088,0.9758260620798169,0.7787671232876713,0.7227864397081962,1.0,6991,6991,1135,1136
0.9703187029958765,0.647824359229088,0.9729931363772009,0.7777910305343512,0.7220232766338407,1.0,6702,6702,1136,1137
0.9590378023343265,0.6404749873673572,0.9625363877990127,0.7691529709228824,0.7111125174028604,1.0,7901,7901,1137,1138
0.9647051366164283,0.6452708907254362,0.9627346211809837,0.772664797405025,0.7167420194547198,1.0,7299,7299,1138,1139
0.9637686269912609,0.6398504939040669,0.9658785599140247,0.7697660724800599,0.7111096184846857,1.0,7444,7444,1139,1140
0.9680198989734149,0.6485722363584959,0.9703891708967851,0.7774953397729198,0.7222927241962775,1.0,7092,7092,1140,1141
0.9860140997096495,0.6529562982005142,0.9891515994436718,0.7866386461674594,0.7317107093184979,1.0,7190,7190,1141,1142
0.9205381522315214,0.6307829977628635,0.9210767019469489,0.7487784151264075,0.6909708611002221,1.0,7653,7653,1142,1143
0.9604912743952279,0.6473599393307422,0.9670065137354857,0.7755380160127193,0.7201217785329935,1.0,7062,7062,1143,1144
0.9647362557596763,0.6465806320495885,0.9658469945355191,0.7746058798466127,0.7189587128111719,1.0,6588,6588,1144,1145
0.9535196993981722,0.6420603674540682,0.954983530559961,0.7678650252587179,0.7112968159082591,1.0,8197,8197,1145,1146
0.9750174525523363,0.6506688963210703,0.9786217303822937,0.7816392125351547,0.7266096579476862,1.0,7952,7952,1146,1147
0.9261331023785133,0.6339990710636322,0.9276879162702188,0.7532281205164992,0.6960717683838521,1.0,7357,7357,1147,1148
0.9778094258219416,0.6503568842453709,0.9828044395810536,0.7827440239043825,0.7272158824448961,1.0,6397,6397,1148,1149
0.9665891506473774,0.6471772261094604,0.9701149425287356,0.7764043005806934,0.7206178160919541,1.0,6960,6960,1149,1150
0.9775450586957837,0.6454335465529495,0.983085250338295,0.7792556044191784,0.7215155615696888,1.0,7390,7390,1150,1151
0.966418505941464,0.6463365130911305,0.9722179819874829,0.7764705882352941,0.7201190657914822,1.0,6551,6551,1151,1152
0.9197723269192619,0.6350788887813377,0.9240845070422535,0.7527967414376685,0.6965492957746479,1.0,7100,7100,1152,1153
0.9758220732105932,0.6494079871563315,0.9779389543668782,0.7805113362276893,0.7249924448473859,1.0,6618,6618,1153,1154
0.9506618596962924,0.6422660098522167,0.9493228484054173,0.7661750014691191,0.7102810543177516,1.0,6867,6867,1154,1155
0.9761551266239674,0.6490059834008879,0.9783241198719814,0.7803434671617545,0.7246144893802735,1.0,6874,6874,1155,1156
0.9686673920368695,0.6514377316902114,0.972188995215311,0.7801307816905633,0.7260017942583732,1.0,6688,6688,1156,1157
0.9044981537670035,0.6349698688408366,0.9057009227657692,0.7465485803594686,0.692516748830742,1.0,7911,7911,1157,1158
0.9604137812919895,0.6429597701149425,0.967698337613191,0.7725923927704343,0.7151642113799163,0.5,7399,7399,1158,1159
0.9744372598360063,0.6513359614542269,0.9773892467464178,0.7817264220376406,0.7270934665439727,1.0,7607,7607,1159,1160
0.9860265981375619,0.6555225359088658,0.9908909408535064,0.7890500794912559,0.7350885949588221,1.0,8014,8014,1160,1161
0.9740013347576857,0.6470111631256752,0.9767599891274803,0.7784035524748186,0.7219353085077467,1.0,7358,7358,1161,1162
0.9076717060203099,0.635225048923679,0.91243851018974,0.7490049033746755,0.6942375263527758,1.0,7115,7115,1162,1163
0.9688427182553104,0.6478831830654646,0.9723488748345345,0.7776274775039699,0.7219444035887631,1.0,6799,6799,1163,1164
0.969102322402031,0.6500309342132399,0.9691006917755572,0.7781275072517435,0.723674096848578,1.0,6505,6505,1164,1165
0.9549713044277216,0.6368701837581505,0.9557018324141612,0.7643710870802505,0.7053904999110479,1.0,5621,5621,1165,1166
0.9608275345870323,0.6455961653684841,0.9634873323397913,0.7731403970342023,0.7172876304023845,1.0,6710,6710,1166,1167
0.966039825391716,0.6463414634146342,0.9708967351159699,0.7760524295920175,0.719825675875314,1.0,6769,6769,1167,1168
0.976921115322707,0.6496473312980313,0.9804575786463299,0.7814854682454252,0.7258500158881475,1.0,6294,6294,1168,1169
0.9640119057702373,0.6462549551429168,0.963302752293578,0.7735530998314291,0.7180065308661172,1.0,6431,6431,1169,1170
0.9757335055995902,0.6475599592554866,0.9769488683989941,0.7788606114607117,0.7226180497345627,1.0,7158,7158,1170,1171
0.9763406048216442,0.6474738921817669,0.9786689419795221,0.7793443179887889,0.7229095563139932,1.0,7032,7032,1171,1172
0.9445149970064558,0.6386590830748018,0.945280612244898,0.7622917095247891,0.7052295918367347,1.0,7840,7840,1172,1173
0.9761103090661352,0.6519908116385911,0.9811320754716981,0.7833937093899144,0.7287195736713237,1.0,6943,6943,1173,1174
0.982507176693156,0.6533827618164968,0.986013986013986,0.7859531772575251,0.7314685314685314,1.0,7865,7865,1174,1175
0.984794609652221,0.648757016840417,0.9859174001354096,0.782566638005159,0.7260663507109004,1.0,7385,7385,1175,1176
0.9753404836056968,0.6482732375606507,0.9776183644189383,0.7795892683484926,0.7236011477761837,1.0,6970,6970,1176,1177
0.9815754660582628,0.6484854583878434,0.9827665090742718,0.7813750454710804,0.7250266890346195,1.0,6557,6557,1177,1178
0.9752258555637089,0.6478952820416235,0.9776893562597698,0.7793384685092887,0.7231774904078443,1.0,7037,7037,1178,1179
0.9837612434510776,0.6514979474189886,0.9846864686468647,0.7841673675357443,0.728976897689769,1.0,7575,7575,1179,1180
0.9838070013675795,0.6555101264619188,0.9842946887492862,0.7869413846241653,0.7335094231867504,1.0,7004,7004,1180,1181
0.9793506646221799,0.6556642589375514,0.9816563997262149,0.7862076526696634,0.7330595482546202,1.0,7305,7305,1181,1182
0.9798785598721271,0.6487445160085877,0.9821933295647258,0.7813817527685648,0.7251978518937253,1.0,7076,7076,1182,1183
0.8929115509051695,0.628423317683881,0.8881669892175836,0.7360522396609005,0.6815040088471108,1.0,7234,7234,1183,1184
0.9709907864719957,0.6499336802367105,0.9747513389441469,0.7798726738491675,0.7248661055853098,1.0,6535,6535,1184,1185
0.9785057177559308,0.6503030303030303,0.9797595495358393,0.7817375994171575,0.7264495510576777,1.0,6571,6571,1185,1186
0.9760409540601047,0.6444444444444445,0.9759184933621489,0.7762770137524558,0.7187403519604816,1.0,6478,6478,1186,1187
0.9868614971740793,0.653613617337922,0.9905553989286722,0.7875595404875315,0.7328023681984775,1.0,7094,7094,1187,1188
0.9244488508701709,0.6321817140675702,0.9202556265629341,0.7494908350305499,0.6924145595998888,1.0,7198,7198,1188,1189
0.9733095087250269,0.6454203013481364,0.9798344620015049,0.7782226737584415,0.7207674943566591,1.0,6645,6645,1189,1190
0.96892395061273,0.6451499118165784,0.9705492172990183,0.775082106155313,0.7183603077739453,1.0,7538,7538,1190,1191
0.955585804343595,0.6445748364755676,0.960579128440367,0.7714713331798296,0.7154529816513762,1.0,6976,6976,1191,1192
0.974487003649711,0.6451550199241909,0.9763200470657449,0.7769194756554307,0.7196646565671422,1.0,6799,6799,1192,1193
0.9267658550113693,0.639631179031845,0.9276869737493809,0.757188336954874,0.7025136206042595,1.0,8076,8076,1193,1194
0.9648987778594798,0.6463547334058759,0.967032967032967,0.7748247187347138,0.7189662189662189,1.0,7371,7371,1194,1195
0.9804001099910693,0.6503795066413662,0.9829366217378835,0.7828023295649195,0.7272727272727273,1.0,6974,6974,1195,1196
0.9732349850337754,0.6507798960138648,0.9737789943812131,0.7801696773821204,0.7256159054891226,1.0,6941,6941,1196,1197
0.981300647561277,0.6493967352732435,0.9831661891117478,0.7821627012394928,0.7261819484240688,1.0,8376,8376,1197,1198
0.9343005356466942,0.6375797489195307,0.938930140930444,0.7594533308819023,0.7026064555235642,1.0,6599,6599,1198,1199
0.978074370922065,0.6506370735717222,0.9849121169699798,0.7836148753171215,0.7280292424949448,1.0,6429,6429,1199,1200
0.9793540341373176,0.6497668997668997,0.9818021719988259,0.7819988310929281,0.7262987965952451,1.0,6814,6814,1200,1201
0.9773138662189345,0.6505158126162692,0.9796256207818668,0.7818486711723157,0.7266649688017318,1.0,7853,7853,1201,1202
0.9709955015436887,0.6467919048915509,0.9711132306853795,0.7764462359734176,0.7203978743698052,1.0,7339,7339,1202,1203
0.9425436754194084,0.6384659857390634,0.9475189475189475,0.762880663174256,0.7054912054912055,1.0,6993,6993,1203,1204
0.9660741301164115,0.6483835195769001,0.9718706047819972,0.7778346295538273,0.7224140135532541,1.0,7821,7821,1204,1205
0.9770315568749052,0.6442230273752013,0.9794950267788829,0.7772448545929209,0.7192807957153787,1.0,6535,6535,1205,1206
0.9831277561287127,0.6545768566493955,0.9851263537906138,0.7865336945869603,0.7326353790613719,1.0,6925,6925,1206,1207
0.9771017891858507,0.6462694041061592,0.9781718963165075,0.7783138342781329,0.7213885099287555,1.0,6597,6597,1207,1208
0.9717325903279679,0.6479525015279839,0.9747799816104032,0.7784537920906326,0.7225797977144358,1.0,7613,7613,1208,1209
0.9686920817285166,0.6483311579339922,0.9690635451505016,0.7768964361523852,0.721711259754738,1.0,7176,7176,1209,1210
0.9281934265938969,0.641430726901571,0.9307147456535737,0.7594577553593947,0.7052157115260785,1.0,7765,7765,1210,1211
0.9444287217241732,0.6393925011865211,0.9459345597528437,0.763026733121885,0.7062210363712962,1.0,7121,7121,1211,1212
0.9741811313129436,0.6514052583862194,0.9759576202118989,0.7813179643323184,0.7268405324640044,1.0,7362,7362,1212,1213
0.9773752819621936,0.6465745647236941,0.9816118373796868,0.7796223401220834,0.7225254992098836,1.0,6961,6961,1213,1214
0.9817281356081824,0.6499392580132698,0.9851274787535411,0.7831766229378977,0.7272662889518413,1.0,7060,7060,1214,1215
0.973466638768892,0.6476496584973885,0.980416007784941,0.7800251621020033,0.7235129546283907,1.0,8221,8221,1215,1216
0.9787346831912361,0.6474534161490684,0.9829016846869499,0.7806680313545359,0.7238496354035705,1.0,7954,7954,1216,1217
0.9849234423469209,0.6538865122285898,0.9874451487079473,0.7867722041470403,0.7323866406630912,1.0,8204,8204,1217,1218
0.9674255212780369,0.650233426704015,0.9704570791527313,0.7787096052778709,0.7242196209587514,1.0,7176,7176,1218,1219
0.9653596249960608,0.6468856817318648,0.969270166453265,0.7759239223278857,0.7200882060036989,1.0,7029,7029,1219,1220
0.9588973192540908,0.6464304925843387,0.9674525589419206,0.7750138197899392,0.7191489361702128,1.0,8695,8695,1220,1221
0.9425371660298896,0.6418887015177066,0.9420849420849421,0.763540078632753,0.7082467082467082,1.0,10101,10101,1221,1222
0.9645286788666595,0.6452374926179026,0.9660224832638625,0.773697521497218,0.7174434760641657,1.0,7917,7917,1222,1223
0.98475678607336,0.6500697999069335,0.9881171311359457,0.7842146626249018,0.7281086433724714,1.0,7069,7069,1223,1224
0.9569455135316043,0.6436917866215072,0.9599696931430736,0.7706422018348624,0.714294734183609,1.0,7919,7919,1224,1225
0.9781276455914141,0.6502807908300638,0.9824500232450023,0.7825764940054623,0.727045560204556,1.0,8604,8604,1225,1226
0.9712465972806924,0.6519127410686057,0.9741348765796622,0.7810975898480041,0.7269989370497224,1.0,8467,8467,1226,1227
0.9633448622529822,0.6496305418719212,0.9630933750652061,0.7758982979617567,0.721830985915493,1.0,7668,7668,1227,1228
0.9767354434889692,0.6459990261321215,0.981141378035252,0.7790555419623195,0.7217428817946505,1.0,8113,8113,1228,1229
0.9791988200020533,0.6486666666666666,0.9801057668093679,0.7806639253836125,0.7246285570385294,1.0,7942,7942,1229,1230
0.9738674848136813,0.6476128081238228,0.9781076066790353,0.7792668506109578,0.7229437229437229,1.0,8085,8085,1230,1231
0.9695649465166233,0.6453689021546497,0.972589260612876,0.7758901037286235,0.7190750632555525,1.0,7114,7114,1231,1232
0.9058372572841129,0.626615771666522,0.8981596617756777,0.7382083908222188,0.6814847052971897,1.0,8042,8042,1232,1233
0.9677106167244066,0.6469287857255644,0.97096812418533,0.7764984600805497,0.7205237587391871,1.0,8439,8439,1233,1234
0.96603385929762,0.6451950224824846,0.9687549065787407,0.7745418026613106,0.7180091066101428,1.0,6369,6369,1234,1235
0.966260822368019,0.6474405191059841,0.9658510352245228,0.7752239128088918,0.7199515998924442,1.0,7438,7438,1235,1236
0.9729832809157439,0.6493753196463797,0.974027397260274,0.7792389970191127,0.724054794520548,1.0,9125,9125,1236,1237
0.9709164110913382,0.6453894875380439,0.970439084724799,0.7752198399367651,0.7186147186147186,1.0,8085,8085,1237,1238
0.9714890536667438,0.6512761432116271,0.974797718530309,0.7808532114965734,0.7264226024671707,1.0,7539,7539,1238,1239
0.9663431110288431,0.6480924182118241,0.9682378535170413,0.7764596417771574,0.7212472806381436,1.0,6895,6895,1239,1240
0.9587117466683817,0.6482408069255817,0.958656330749354,0.7734660033167496,0.7192271552736669,1.0,8514,8514,1240,1241
0.9568003030656138,0.6495930644019816,0.9584910586085368,0.7743738465594516,0.7207283644432841,1.0,7661,7661,1241,1242
0.9781394600843991,0.6487542321382065,0.9783974862529458,0.7801847888500287,0.7243388321550144,1.0,7638,7638,1242,1243
0.9814641840771818,0.6463179185437161,0.9854219231847491,0.780634056965188,0.7230866274179983,0.5,7134,7134,1243,1244
0.9766744706169824,0.6469952247950266,0.9816814764183185,0.7799500380145541,0.7230348598769651,1.0,7315,7315,1244,1245
0.9778168921660076,0.651120751988431,0.9818727000136296,0.7830009238628335,0.7278860569715142,1.0,7337,7337,1245,1246
0.9754094035032763,0.6463742166517458,0.979381443298969,0.7787725164491425,0.7217851329354313,1.0,7372,7372,1246,1247
0.967438973063973,0.6485161072123108,0.9684343434343434,0.7768268597761685,0.721780303030303,1.0,7920,7920,1247,1248
0.9713905402658454,0.6490135905304691,0.9756161855805984,0.779486099410278,0.7240015816528272,1.0,7587,7587,1248,1249
0.974600292489714,0.6487582781456953,0.9759651307596513,0.7794132272501243,0.723785803237858,1.0,8030,8030,1249,1250
0.976904613095238,0.6489538097118042,0.978452380952381,0.7803465464039877,0.7245833333333334,1.0,8400,8400,1250,1251
0.9713882093166221,0.6457863902658856,0.9768234492160872,0.7775366250678242,0.7205180640763463,1.0,7335,7335,1251,1252
0.9805686237285665,0.6515458225984542,0.9837454848569047,0.7839034650725119,0.7288135593220338,1.0,7198,7198,1252,1253
0.9738686863307051,0.6478599221789884,0.9771625414646593,0.779145473041709,0.7230160755294718,1.0,7838,7838,1253,1254
0.9598456447581859,0.6419662509170947,0.9619348632678302,0.7700346515593202,0.7127250240483716,1.0,7277,7277,1254,1255
0.9355279157487058,0.6333695974681041,0.9384525205158265,0.7563035134337172,0.6976113716295428,1.0,6824,6824,1255,1256
0.9652257577979755,0.6518698125524574,0.9685464874601635,0.7792642140468228,0.7256477760842456,1.0,7217,7217,1256,1257
0.9785863234072315,0.6488774383511225,0.9838169642857143,0.7819915724107341,0.7257254464285714,1.0,7168,7168,1257,1258
0.9765754958220361,0.645532319391635,0.9793769829824055,0.7781597341583592,0.7207960773002596,1.0,6934,6934,1258,1259
0.9814036439996313,0.6508913802609815,0.985529428134131,0.78399468703304,0.7284680673438152,1.0,7187,7187,1259,1260
0.9796076744613659,0.6451761667589005,0.9834106565443554,0.7791701475912002,0.7212849711795304,1.0,7113,7113,1260,1261
0.962871220411633,0.6495956873315364,0.9673356401384083,0.7772464412811388,0.7227681660899654,1.0,7225,7225,1261,1262
0.9580339903217262,0.6448598130841121,0.9577903682719546,0.7707739655761997,0.715155807365439,1.0,7060,7060,1262,1263
0.9797566641466977,0.6508697696285849,0.9824013624751632,0.7829873875911996,0.7277178541016179,1.0,7046,7046,1263,1264
0.970240439619837,0.6423124667494237,0.9723489932885906,0.7736010252029047,0.7154362416107383,1.0,7450,7450,1264,1265
0.968151024758302,0.6491778897793935,0.9691624522018009,0.7775358733300346,0.7227087701985938,1.0,8107,8107,1265,1266
0.9696794519682932,0.6427445449265743,0.9740978247202313,0.7744676597020894,0.7163334590720483,1.0,7953,7953,1266,1267
0.96920731653695,0.6492341158343152,0.9695452084461289,0.7776993648553282,0.7228613968597726,1.0,7388,7388,1267,1268
0.9719052138348357,0.6515728310959727,0.97409016025161,0.7808391860255718,0.7265987719035495,1.0,6677,6677,1268,1269
0.9761962959654086,0.6501184186554928,0.9780731807592161,0.7810670314637483,0.725846238180074,1.0,7297,7297,1269,1270
0.9754431928976853,0.6495991253644315,0.9753761969904241,0.7798315651317949,0.724623803009576,1.0,7310,7310,1270,1271
0.9771252052048691,0.654555940023068,0.9814700432365658,0.7853506647555973,0.7317479925880173,1.0,8095,8095,1271,1272
0.961553976629691,0.64701589361012,0.960284029365748,0.7731214572937357,0.7181971356360572,1.0,8309,8309,1272,1273
0.9687943601043001,0.6517604023776863,0.9712455710002725,0.7800580090844416,0.7261515399291361,1.0,7338,7338,1273,1274
0.9331605938270965,0.6408247422680412,0.9316546762589928,0.7593452235524065,0.704736211031175,1.0,8340,8340,1274,1275
0.9561909412022536,0.6436587629735887,0.9587732528909,0.7702327459988892,0.7139894419306184,1.0,7956,7956,1275,1276
0.9646104470885575,0.6500120880006447,0.9815040155755659,0.7820817375284821,0.7265149671452908,1.0,8218,8218,1276,1277
0.9772251057995229,0.6505452426537918,0.9773636818409205,0.7811484831825678,0.7261755877938969,1.0,7996,7996,1277,1278
0.9807935568332967,0.6493473253135398,0.9852427184466019,0.7827830916383832,0.7266019417475729,1.0,7725,7725,1278,1279
0.9830709765330654,0.652945020069075,0.9872971065631616,0.7860433756601866,0.7312632321806634,1.0,7085,7085,1279,1280
0.9802836643952169,0.6482603427384456,0.9852670349907919,0.7820004176237211,0.7253354380426204,1.0,7602,7602,1280,1281
0.9764925722926597,0.6486066775946855,0.9804381846635368,0.7807258943870399,0.7246348461137193,1.0,7668,7668,1281,1282
0.971346532462379,0.6451907282350794,0.9765193370165746,0.7770084624684032,0.7197513812154697,1.0,7240,7240,1282,1283
0.9627905562246711,0.6448408871745419,0.9684286748732802,0.7741823444283646,0.7175235336712528,1.0,6905,6905,1283,1284
0.9608400290058076,0.6460517120894479,0.9637737816002085,0.7735592511243594,0.717878550951264,1.0,7674,7674,1284,1285
0.9790471731799246,0.6464067984481803,0.9856338028169014,0.7807653687381457,0.7232394366197183,1.0,7100,7100,1285,1286
0.968846561045732,0.647002027614174,0.9690527838033262,0.7759379342288096,0.720173535791757,1.0,6915,6915,1286,1287
0.9666737086560936,0.6419452887537994,0.9713322091062394,0.7730128713475264,0.7147784761612754,1.0,6523,6523,1287,1288
0.9772407994400731,0.649924032531951,0.9795258620689655,0.7813893515285015,0.7259563577586207,1.0,7424,7424,1288,1289
0.9785285909514656,0.6546674225245653,0.9836740488358887,0.7861356932153393,0.7323963657013061,1.0,7044,7044,1289,1290
0.9808698865923415,0.6474586588211423,0.9835105563260903,0.7808638198947755,0.723994452149792,1.0,6489,6489,1290,1291
0.9807884578251065,0.652401372212693,0.984470040119063,0.7847526693144891,0.7299728225702083,1.0,7727,7727,1291,1292
0.9820329303187904,0.6477697384113859,0.9851269649334946,0.7815992708783038,0.7247279322853688,1.0,8270,8270,1292,1293
0.9605705275603545,0.6482113111763306,0.9644753924229906,0.7753320683111955,0.7205240174672489,1.0,8473,8473,1293,1294
0.9713281645703127,0.6495624205250954,0.9749635118446166,0.7796731908780751,0.7244863590434489,1.0,8907,8907,1294,1295
0.9788625366823918,0.6485218622765091,0.9800695559122525,0.7805475657824651,0.7244515783841626,1.0,7476,7476,1295,1296
0.9762891070342805,0.6461234313219872,0.9799243905618563,0.7787619787619787,0.7216138704210664,1.0,7671,7671,1296,1297
0.9779681705752223,0.6402017560246591,0.9820891245164064,0.7751201583262652,0.7150737928069925,1.0,6979,6979,1297,1298
0.9837968729675988,0.6495439270283245,0.9860078705728028,0.783167399861079,0.7270077248214546,1.0,6861,6861,1298,1299
0.9753444108141671,0.6500999714367324,0.9783636624158188,0.7811463219311292,0.725891961599083,1.0,6979,6979,1299,1300
0.9832020019118307,0.6510510510510511,0.986351228389445,0.784370477568741,0.7288444040036397,1.0,6594,6594,1300,1301
0.979350202783191,0.6522140221402214,0.9829000417072153,0.7841180058781123,0.7293896844154039,1.0,7193,7193,1301,1302
0.9753027115266757,0.6506749538700592,0.9811099721774784,0.782436062127759,0.7271928540049788,1.0,6829,6829,1302,1303
0.9803694151102056,0.6497098295248458,0.9827184199698258,0.7822479392979966,0.7264435605541079,1.0,7291,7291,1303,1304
0.9734721628820932,0.6507018209408194,0.9774896708932896,0.7813015999544497,0.7263855250035618,1.0,7019,7019,1304,1305
0.960882361863549,0.6407107916541879,0.9627962796279628,0.7694059821375052,0.7114461446144614,1.0,6666,6666,1305,1306
0.9669511683667729,0.6467978395061729,0.968935124981939,0.7757533691942854,0.7199104175697154,1.0,6921,6921,1306,1307
0.9780957802774922,0.6467201510146295,0.9813806932111143,0.7796552312681345,0.7226439415640218,1.0,6982,6982,1307,1308
0.9640301530423622,0.6421768707482993,0.9683470105509965,0.7722332593198551,0.714390386869871,1.0,6824,6824,1308,1309
0.9670224871887824,0.6463947259991759,0.9721155037798984,0.776479904969313,0.7201635890444913,1.0,8069,8069,1309,1310
0.9763366173916069,0.6484603069968924,0.979098535475615,0.7801948787672784,0.7241575430115171,1.0,7033,7033,1310,1311
0.9729574276125907,0.6501584125396032,0.9765810895428929,0.7806196506331649,0.7255479023168441,1.0,7985,7985,1311,1312
0.9796498207958293,0.6528068340306834,0.9804922754647813,0.7837781266352695,0.7295103430217335,1.0,7638,7638,1312,1313
0.9815032189478353,0.6489083784288113,0.9852670349907919,0.7824717331383249,0.726094347641309,1.0,7059,7059,1313,1314
0.981874127740933,0.6496109839816934,0.9831001523756753,0.7822971781305115,0.7264164011635961,1.0,7219,7219,1314,1315
0.9872265446530629,0.6497410206334381,0.9899094437257439,0.7845388834777259,0.728137128072445,1.0,7730,7730,1315,1316
0.9789794996057337,0.6572176582107069,0.9803393482359278,0.7868994217153975,0.7345138701858336,1.0,7426,7426,1316,1317
0.9602983394752131,0.6471124066314448,0.9606490872210953,0.7733086594459261,0.7183908045977011,1.0,7395,7395,1317,1318
0.9607964294232716,0.6451864870142551,0.9594888921155801,0.7715570085819371,0.7159140409467112,1.0,6887,6887,1318,1319
0.9810585270496947,0.6533830275229358,0.9840241796200345,0.7853204686423156,0.7310017271157168,1.0,6948,6948,1319,1320
0.9664262381788287,0.6454245191373615,0.968089756666181,0.7744943754735676,0.7181261838845986,1.0,6863,6863,1320,1321
0.9713108699500278,0.6461372760207579,0.9740221402214022,0.7769013421238521,0.7202952029520295,1.0,6775,6775,1321,1322
0.9697480268596377,0.645127818130365,0.9750499001996008,0.7764973034345728,0.7193470202452238,1.0,7014,7014,1322,1323
0.9689806926772709,0.6435615399203489,0.973186119873817,0.7747716894977169,0.7170920562087755,1.0,6974,6974,1323,1324
0.9764943410474752,0.6491026010173722,0.9805712628679136,0.7811272811272811,0.7252428592141511,1.0,6897,6897,1324,1325
0.9708230074621088,0.649044088958252,0.971954425942156,0.7783366475611183,0.7231960268770085,1.0,6846,6846,1325,1326
0.976260449060546,0.649213043925522,0.9822568093385214,0.7817416078285644,0.7257587548638132,1.0,6425,6425,1326,1327
0.9513003318586655,0.6431192660550459,0.9583048530416951,0.7696953060664288,0.7132604237867396,1.0,7315,7315,1327,1328
0.968382471364946,0.650951434251633,0.9679054054054054,0.7784004075394804,0.7244510135135135,1.0,7104,7104,1328,1329
0.980534295775124,0.6510170722847802,0.9865143800743085,0.784397395918814,0.7288427136369892,1.0,7267,7267,1329,1330
0.9791549898583563,0.6492802392970649,0.9806579133135677,0.7812833923851302,0.7254694338557108,1.0,7083,7083,1330,1331
0.9835215129988788,0.6463328275164391,0.9883972772277227,0.7815768548535078,0.7237778465346535,1.0,6464,6464,1331,1332
0.9765032343744623,0.6533407366277993,0.9783813747228381,0.7834868494062812,0.7296286031042128,1.0,7216,7216,1332,1333
0.971508108382696,0.6439006901496818,0.9762195950536757,0.7759775329444805,0.7181682293789917,1.0,7359,7359,1333,1334
0.9747469880920404,0.6471774193548387,0.9774923871309413,0.7787563947049206,0.722295776512644,1.0,7553,7553,1334,1335
0.9460366636015217,0.640203932993445,0.945542557482856,0.7634764670756202,0.7070727443861772,1.0,7437,7437,1335,1336
0.9601431778713629,0.6441879303361685,0.9681935778420332,0.7736365294582599,0.7167097854207883,1.0,6571,6571,1336,1337
0.9714651842519113,0.6455388493742685,0.9776383965094082,0.7776150967951846,0.7204117807472048,1.0,7334,7334,1337,1338
0.96793506874958,0.6427057576827976,0.9709178228388474,0.7734325185972369,0.7155816435432231,1.0,7496,7496,1338,1339
0.9543321272907966,0.6405036924824844,0.9602555003548616,0.7684443687169875,0.7106458481192335,1.0,7045,7045,1339,1340
0.9755730175127625,0.651262419104913,0.9801097393689986,0.7825420294616943,0.7276406035665295,1.0,7290,7290,1340,1341
0.972030668721222,0.6478320401643085,0.9712604351991241,0.7772423611871646,0.7216367866429452,1.0,7307,7307,1341,1342
0.9766299593798091,0.6484458735262594,0.9772513124242832,0.7795973154362416,0.7237178624310135,1.0,7429,7429,1342,1343
0.9786551751446414,0.647265476642613,0.98270145596079,0.7804682580571298,0.7235836817067897,1.0,6937,6937,1343,1344
0.9754442594794556,0.6504081632653061,0.9768582375478927,0.7808882082695253,0.7259003831417624,1.0,6525,6525,1344,1345
0.9603990473458474,0.6454946913464249,0.9636695188666012,0.7731262660364618,0.7172113900967878,1.0,7129,7129,1345,1346
0.9786156909222347,0.6479494218451044,0.9782717910072846,0.7795626282339989,0.7233735242401407,1.0,7962,7962,1346,1347
0.9756438014397127,0.6472619161791503,0.9803893085415456,0.7797354283403616,0.7230534572922719,1.0,6884,6884,1347,1348
0.969976438148789,0.6459572807958647,0.9739705882352941,0.7767548231982643,0.7200735294117647,1.0,6800,6800,1348,1349
0.9717706619324482,0.649077337756583,0.974626400996264,0.779215930304916,0.7238480697384807,1.0,6424,6424,1349,1350
0.9730373206929404,0.6507454182888615,0.9746835443037974,0.7804350301787951,0.7257858057175366,1.0,7031,7031,1350,1351
0.9807438084819525,0.6508780817291455,0.9854275853253228,0.7839528143590787,0.7284289914355107,1.0,7823,7823,1351,1352
0.9793673844586519,0.6488134321358222,0.9815524336597133,0.7812288231307883,0.725131261529729,1.0,7047,7047,1352,1353
0.9789005691264983,0.6513372150399684,0.9825815096025011,0.7833827893175074,0.7283013249962781,1.0,6717,6717,1353,1354
0.976072425513748,0.6480796586059744,0.979083094555874,0.7799144079885877,0.7237106017191977,1.0,6980,6980,1354,1355
0.9624935902534393,0.6463831403075755,0.9626749611197511,0.7734423808712444,0.7180121589141807,1.0,7073,7073,1355,1356
0.9752557003432831,0.6497939437376814,0.9785483000539665,0.7809841714224184,0.7255801403130059,1.0,7412,7412,1356,1357
0.9515761997347603,0.6431953172075406,0.9553765503132592,0.7688033748328017,0.7126965861143076,1.0,7821,7821,1357,1358
0.9639177461977376,0.6440966010733452,0.9717948717948718,0.7747175901022055,0.7174089068825911,1.0,7410,7410,1358,1359
0.9217718049855842,0.6328033773466272,0.9112663303582977,0.7469253604749788,0.6912430474712198,1.0,7731,7731,1359,1360
0.9676614027520989,0.6490930835160454,0.9719444858976273,0.7783686883776516,0.7232502611550515,1.0,6701,6701,1360,1361
0.9665310597996601,0.642548171451042,0.9698768363258644,0.7729879959789486,0.7151654548152545,1.0,6739,6739,1361,1362
0.9733202660649546,0.6506940482981556,0.9760410724472333,0.7808328579577867,0.7260410724472333,1.0,7012,7012,1362,1363
0.9699763564107091,0.6494732406236831,0.9753195798000253,0.7797227562481028,0.7244652575623339,1.0,7901,7901,1363,1364
0.9732125639904347,0.6463310174169601,0.9769817292475903,0.7779814411731012,0.7211911955114372,1.0,6951,6951,1364,1365
0.9491418257510185,0.645146767513056,0.9480021169621593,0.7677882554650665,0.7132839375496163,1.0,7558,7558,1365,1366
0.9700607934078456,0.648707270518827,0.9753456822332377,0.7791788245102126,0.7235846595356118,1.0,7666,7666,1366,1367
0.9756125789335512,0.6476429287863591,0.9781851234661415,0.7793132581015026,0.7229965156794426,1.0,6601,6601,1367,1368
0.9709729186703427,0.6505843852267414,0.9753294084664984,0.7805261091480172,0.7257499299130923,1.0,7134,7134,1368,1369
0.9777798124338731,0.6498692416012875,0.9795330503335354,0.7813520377312855,0.7258944815039418,1.0,6596,6596,1369,1370
0.967317657964637,0.6469935245143386,0.9731459579796855,0.7772406512196477,0.7210936412967859,1.0,7187,7187,1370,1371
0.955246265381982,0.6415004748338081,0.9630738522954092,0.7700638394892841,0.7124322783005418,1.0,7014,7014,1371,1372
0.9636358264359789,0.6418014085904176,0.9707426856714179,0.7727218440224531,0.7144786196549138,1.0,6665,6665,1372,1373
0.9785726200322837,0.6493425659379133,0.9807285546415981,0.7813509338576042,0.7255581668625147,1.0,8510,8510,1373,1374
0.979539507229404,0.6483925250199274,0.9826845637583893,0.7812816818739662,0.7248993288590604,1.0,7450,7450,1374,1375
0.9697563966122168,0.6478998225202129,0.9726169330965068,0.777725174576873,0.7220248667850799,1.0,6756,6756,1375,1376
0.9811026022295856,0.6503376675738333,0.9832368180432794,0.7828671965054905,0.7272935080768058,1.0,6562,6562,1376,1377
0.9649269302524841,0.6470763723150358,0.9675836431226765,0.7755199332578512,0.7199256505576208,1.0,6725,6725,1377,1378
0.965000435143649,0.6432616081540203,0.9665343165059558,0.772438803263826,0.7152580828133863,1.0,7052,7052,1378,1379
0.972912721815926,0.651814694600177,0.9762816735415439,0.7817163078737835,0.7273865645256334,1.0,6788,6788,1379,1380
0.9506887819629626,0.6445327646374563,0.9514882655981682,0.7684928340268146,0.7133657698912421,1.0,6988,6988,1380,1381
0.9690962358870477,0.6484816845036109,0.9700637771703762,0.7773258239465999,0.7221137576467526,1.0,7683,7683,1381,1382
0.9590411547342854,0.6470479704797047,0.9645214521452146,0.7745141342756183,0.7191969196919692,1.0,7272,7272,1382,1383
0.9772770371444587,0.6522315929119682,0.9757584349305358,0.7818481285852218,0.7277431244683867,1.0,7054,7054,1383,1384
0.972010383165756,0.6479153572176828,0.976476160404168,0.7789672544080605,0.7229239027470793,1.0,6334,6334,1384,1385
0.967502530230715,0.6472133608556953,0.9689563140890575,0.7760589525791753,0.7203961230509903,1.0,7119,7119,1385,1386
0.976605184907995,0.6482929242949035,0.9803950912900329,0.7804848990290105,0.7242592038311882,1.0,6682,6682,1386,1387
0.9768488983755935,0.6505104387013704,0.9792330056763118,0.7817197170645447,0.7265679080714385,1.0,7223,7223,1387,1388
0.9737621250194632,0.6477756861190924,0.984786865491791,0.7814965335883337,0.7246573279108299,1.0,6639,6639,1388,1389
0.9674005311545474,0.6415549036043587,0.9711340206185567,0.7726670452394473,0.714274385408406,1.0,6305,6305,1389,1390
0.9730480073029448,0.6468978993649243,0.9758290346352247,0.7780258519388954,0.7215917464996315,1.0,6785,6785,1390,1391
0.9813893416310306,0.6465149359886202,0.9836331665088597,0.7802156536666488,0.7229135668875963,1.0,7393,7393,1391,1392
0.9692628554550571,0.6416266591358374,0.9706636285958417,0.7725701331822046,0.7142551979493021,1.0,7022,7022,1392,1393
0.9787006543999048,0.6496451285832796,0.9820259161209419,0.7819815821591035,0.7262087223073708,1.0,7177,7177,1393,1394
0.9615164456752133,0.6447841726618705,0.9674662668665667,0.7738337930207458,0.7172413793103448,1.0,6670,6670,1394,1395
0.9655747111348499,0.647307464705385,0.9699771978718014,0.7764538863256097,0.7207372688117558,1.0,7894,7894,1395,1396
0.9690796001034458,0.6491260181202526,0.9736444749485244,0.7789369646386998,0.7236787920384351,1.0,7285,7285,1396,1397
0.9746616664638478,0.6488839955960364,0.9800453514739229,0.7808021197157654,0.7248677248677249,1.0,6615,6615,1397,1398
0.962796686364464,0.6471177944862155,0.9677661169415293,0.7756082907780114,0.7200149925037481,1.0,6670,6670,1398,1399
0.9781270196974202,0.6482588480880539,0.9800602496055085,0.7803540833809252,0.7241428776359202,1.0,6971,6971,1399,1400
0.9697379166863629,0.6457935470901598,0.9730425564137514,0.776341227646206,0.7196728759654702,1.0,6603,6603,1400,1401
0.9760299379935932,0.6473434822058676,0.9797070491303022,0.7795787045468342,0.7229935916997253,1.0,6554,6554,1401,1402
0.9801925151660372,0.6514225701737636,0.9834246180455463,0.7837123822651045,0.7285961372153358,1.0,6938,6938,1402,1403
0.9777809817501381,0.6437523037228161,0.9788426509737985,0.7766968703096336,0.7185792349726776,1.0,7137,7137,1403,1404
0.9689210059779921,0.6465321971739834,0.9736842105263158,0.7770791469501523,0.720679012345679,1.0,6156,6156,1404,1405
0.9765144029972065,0.6494873423464296,0.9798767967145791,0.7811852013532686,0.7255304585900069,1.0,7305,7305,1405,1406
0.9793356965536879,0.647961211350449,0.9837094243996621,0.7812919302281004,0.7246289368891035,1.0,8287,8287,1406,1407
0.9609189774681619,0.6434962147281487,0.96553504582419,0.7722884724588303,0.7153091519297793,1.0,7747,7747,1407,1408
0.9851491065602291,0.6524251610458507,0.9899381917493172,0.7865014560612117,0.7312778496478367,1.0,6957,6957,1408,1409
0.9693146818762532,0.6449142156862745,0.9739358420727946,0.7759891865323175,0.7188463911165947,1.0,6484,6484,1409,1410
0.9772611084446489,0.6473279648609077,0.9803215077605322,0.7797619047619048,0.7231152993348116,1.0,7216,7216,1410,1411
0.9706118849135715,0.6456445993031359,0.9711740041928721,0.7756383424026789,0.7190775681341719,1.0,7632,7632,1411,1412
0.9668267084579172,0.6475268404907976,0.966104118993135,0.7753673094582185,0.720108695652174,1.0,6992,6992,1412,1413
0.9689530615093592,0.6473227639844451,0.9743358847366052,0.7778576563623293,0.7217469608284557,1.0,6663,6663,1413,1414
0.9719930869515866,0.6481362172112287,0.9764281752634498,0.7791115782486032,0.7231697171381032,1.0,7212,7212,1414,1415
0.9777333988729472,0.6516452074391988,0.9816810344827587,0.7833190025795357,0.728448275862069,1.0,7424,7424,1415,1416
0.9795683468310316,0.6530088495575221,0.9849172450613988,0.7853341847594721,0.7307794981313401,1.0,7492,7492,1416,1417
0.9778736937853323,0.6493164642948119,0.9837900424546507,0.78230179028133,0.7262318281229898,1.0,7773,7773,1417,1418
0.9803204559143796,0.6524242677125929,0.9835199396150459,0.7844671884406984,0.7297773304818216,1.0,7949,7949,1418,1419
0.9781992705065524,0.653171625512608,0.9855186940494998,0.7856430707876371,0.7311084781463928,1.0,7596,7596,1419,1420
0.9743556683445589,0.6469371233246379,0.9793028322440087,0.7791560587183793,0.7224264705882353,1.0,7344,7344,1420,1421
0.9715528209147156,0.6472380952380953,0.9785457163426926,0.7791344224706219,0.7226061915046796,1.0,6945,6945,1421,1422
0.9791760300409859,0.6469747498808956,0.9826338639652678,0.7802355644929618,0.7232272069464544,1.0,6910,6910,1422,1423
0.9684376903439478,0.6508659168005714,0.9740814963259853,0.780328570664098,0.7257849031396125,1.0,7485,7485,1423,1424
0.9771500011797654,0.6494750789929671,0.9827267119062307,0.7820803927585149,0.7261721159777915,1.0,6484,6484,1424,1425
0.9725129444103147,0.6518566414188066,0.9748584058571625,0.7812897868807086,0.7271031910484873,1.0,7239,7239,1425,1426
0.9725765194913641,0.6478833222843072,0.9786838340486409,0.779645563849792,0.7233905579399141,1.0,6990,6990,1426,1427
0.9774763330719481,0.6504732470542786,0.9829246935201401,0.7828664419388586,0.7273788674839463,1.0,6852,6852,1427,1428
0.9583533667200801,0.6460058776382581,0.9691382765531062,0.7752484770759859,0.7190380761523046,1.0,7485,7485,1428,1429
0.9620228941112439,0.6450321907081956,0.9670014347202296,0.7738635770575648,0.7174253293335072,1.0,7667,7667,1429,1430
0.9697855243596192,0.6446925223751323,0.9748253783469151,0.7761107571105833,0.7187863795110594,1.0,6872,6872,1430,1431
0.9754403773882693,0.6489637305699482,0.9812534974818131,0.7812430385386501,0.7252378287632905,1.0,7148,7148,1431,1432
0.9562529937837568,0.645227062094532,0.9697729488786739,0.7748900884857254,0.7182755258392534,1.0,7179,7179,1432,1433
0.9471286673809738,0.6405148095909732,0.9512961508248232,0.7655673796228005,0.7086933752291176,1.0,7638,7638,1433,1434
0.9696830114981239,0.6497175141242938,0.9756869697353425,0.7800161976108524,0.7248322147651006,1.0,7897,7897,1434,1435
0.9567531549486676,0.6414869127802881,0.9593267882187938,0.768853464132434,0.7115899528241745,1.0,7843,7843,1435,1436
0.9615889927211939,0.6463344078022977,0.9689010035931112,0.7754090233019336,0.7193656300334531,1.0,8071,8071,1436,1437
0.9659380325102743,0.6463706970946399,0.9741329479768787,0.7771053086633235,0.7205924855491329,1.0,6920,6920,1437,1438
0.9703536881841097,0.6483851310176721,0.9780695994747209,0.7798136320804104,0.7238345370978332,1.0,7615,7615,1438,1439
0.9646705096377803,0.6424751090265778,0.9669349845201238,0.7719992090172039,0.7144272445820433,1.0,8075,8075,1439,1440
0.9444941005102041,0.6396682548085407,0.9393625291526302,0.761074952760865,0.7051049494687743,1.0,7718,7718,1440,1441
0.95618512419303,0.646462063086104,0.9603596757852076,0.7727504330989504,0.7175785207700102,1.0,7896,7896,1441,1442
0.960128474869569,0.6435738174868609,0.9678114671648226,0.7730716253443526,0.7159074579680988,1.0,6959,6959,1442,1443
0.9739774695417279,0.6479992854590926,0.9822637422150013,0.7808632009471531,0.7243433522881126,1.0,7386,7386,1443,1444
0.9657348330868434,0.6463656169538522,0.9649615612063868,0.7741667655082434,0.7185097575399172,1.0,6764,6764,1444,1445
0.9632587615120948,0.6471814211988884,0.9772216394425296,0.7786733536330527,0.722238873070583,1.0,6673,6673,1445,1446
0.9207834619650834,0.6377551020408163,0.9246042045159616,0.754846911749126,0.6997145081754477,1.0,7706,7706,1446,1447
0.9495988955144323,0.6472389874786055,0.9574893390191898,0.7723730180059124,0.7178171641791045,1.0,7504,7504,1447,1448
0.9399694697182777,0.6403213267685929,0.9479539641943734,0.7643450018044028,0.7077365728900256,1.0,7820,7820,1448,1449
0.9418468279287427,0.6472730502753598,0.9379585532243532,0.7659641561990855,0.7134122795726606,1.0,7769,7769,1449,1450
0.9601871012712296,0.6428249300983133,0.9634987156955522,0.7711534299935079,0.7140732729484927,1.0,7397,7397,1450,1451
0.9579784512303119,0.6435486873952709,0.9630816383393703,0.7715401785714285,0.7148230704931736,1.0,7178,7178,1451,1452
0.9733859377685021,0.6472224715067756,0.9763097333152836,0.7784133837021047,0.7220793285501557,1.0,7387,7387,1452,1453
0.9630776723225912,0.6455223880597015,0.9686197916666667,0.7747344303270152,0.718359375,1.0,7680,7680,1453,1454
0.954750857176483,0.645860767272408,0.9644729942317777,0.7736474052263526,0.7178159412690089,1.0,7628,7628,1454,1455
0.9728991684987003,0.6492141894925909,0.9772880897661214,0.7801640405784589,0.7246180884142219,1.0,7397,7397,1455,1456
0.9385201028472479,0.6435293021522408,0.9501994772320814,0.7673591823130763,0.7119273627734214,1.0,7269,7269,1456,1457
0.9624693146554152,0.6447083297217647,0.9637211712878985,0.7725785510257076,0.7163125161959056,1.0,7718,7718,1457,1458
0.9787305428660305,0.6478949262324577,0.9828056768558951,0.780958577315116,0.7243449781659389,1.0,7328,7328,1458,1459
0.9777429282757497,0.6504501385041551,0.9858304906848596,0.7837696881193282,0.7280241406454999,1.0,7622,7622,1459,1460
0.9763588188507079,0.6471370324410566,0.9854231340261844,0.7812316087956771,0.7240518288567958,1.0,7409,7409,1460,1461
0.9792707759397086,0.6474556508703256,0.9838015692229816,0.7809533376864735,0.7240572007086813,1.0,7902,7902,1461,1462
0.970113817601856,0.6477965203567959,0.9748803827751196,0.7783732158964292,0.7224215842636895,1.0,7524,7524,1462,1463
0.976222285516847,0.6460350053779211,0.9793951971538689,0.7785306074353385,0.7213904536021346,1.0,6746,6746,1463,1464
0.9735955967127276,0.6474487746082764,0.9812756888415284,0.7801512859304085,0.7234738925254985,1.0,6569,6569,1464,1465
0.9604763359923282,0.6418924961989089,0.9625804721030042,0.7701883350324623,0.712781652360515,1.0,7456,7456,1465,1466
0.9594836730265023,0.645698335161001,0.9638392857142857,0.7733269655542953,0.717485119047619,1.0,6720,6720,1466,1467
0.9669679495998367,0.6455646352269371,0.9741494577328778,0.7765277119848413,0.719655326103105,1.0,6731,6731,1467,1468
0.9543882031240245,0.6370210368144252,0.9587279151943463,0.76544603058173,0.7062190812720848,1.0,7075,7075,1468,1469
0.9661136649264086,0.644836932762088,0.9711614432446668,0.7750512322000945,0.7181327363708191,1.0,7594,7594,1469,1470
0.9615521824435679,0.6470532944825641,0.9650918267208748,0.7747017780778753,0.719332679097154,1.0,7133,7133,1470,1471
0.9759170943588258,0.6491993023624544,0.9796626390716593,0.7809087874886759,0.7251465486302189,1.0,8359,8359,1471,1472
0.9679236602168175,0.6440767008142895,0.9712173224188012,0.7745196104237957,0.7172564034856087,1.0,7574,7574,1472,1473
0.9693706071032545,0.6440556303275011,0.9658234660925726,0.7727835495505194,0.7160252960172229,1.0,7432,7432,1473,1474
0.949969427506865,0.6403286426011712,0.9430998970133883,0.7627674527565204,0.7066812564366632,1.0,7768,7768,1474,1475
0.9386261736099396,0.6419821313438334,0.9429112554112554,0.7638774727382323,0.7085362554112554,1.0,7392,7392,1475,1476
0.9799066617712401,0.6581196581196581,0.9827051526717557,0.7883078983877913,0.7361044847328244,1.0,8384,8384,1476,1477
0.9448644224227053,0.6408674348970148,0.9472907725321889,0.7645180494669048,0.7082215665236051,1.0,7456,7456,1477,1478
0.9647673899961466,0.6400464081987818,0.964030872287753,0.7693201626961069,0.7109363623125091,1.0,6867,6867,1478,1479
0.9678312495659758,0.6448968561390865,0.9712386379053046,0.775119099177133,0.7182200515533849,1.0,7371,7371,1479,1480
0.9786110749155605,0.6479559606533707,0.979402537170918,0.7799261351292636,0.7236393397899331,1.0,7331,7331,1480,1481
0.9729221078611384,0.6473397570171764,0.9783462074205395,0.7791448164582493,0.7226794985437508,1.0,7897,7897,1481,1482
0.9755332879241008,0.6451310861423221,0.9804657179818888,0.778211315330116,0.720569210866753,1.0,7730,7730,1482,1483
0.9844077562897272,0.6492041280391814,0.9893375982940157,0.7839678935417437,0.7273757163801147,1.0,7503,7503,1483,1484
0.9761240407659317,0.6464083804456269,0.9809487761796619,0.7792923724566503,0.7221801665404997,1.0,7926,7926,1484,1485
0.972790803308876,0.6493350493350494,0.9767681982447083,0.7800855537803433,0.7246386164171399,1.0,7748,7748,1485,1486
0.962541614058455,0.6453354664533547,0.9696514423076923,0.7749294590862701,0.7183743990384616,1.0,6656,6656,1486,1487
0.9653580206481767,0.6457610532870741,0.9733172432287477,0.7764051553559014,0.7196969696969697,1.0,7458,7458,1487,1488
0.9683767820567049,0.6450264459989763,0.9741046122133471,0.7761239991788134,0.7190157175985571,1.0,7762,7762,1488,1489
0.966453725250865,0.6451021059349075,0.9705952952472395,0.7750622963388921,0.7183149303888622,1.0,8332,8332,1489,1490
0.9730985305477013,0.6518228529483729,0.9751098096632503,0.7813462384513858,0.7271229868228404,1.0,8196,8196,1490,1491
0.9809257531097073,0.6508454209939061,0.9844216539010775,0.7836106231270021,0.7281578605738024,1.0,7703,7703,1491,1492
0.9692742355605621,0.6468458166571374,0.9709626662852239,0.7764369459536746,0.7204262623372908,1.0,6991,6991,1492,1493
0.9768476303402284,0.6481335090030742,0.9811195319771308,0.780598751719031,0.7242387980321766,1.0,7521,7521,1493,1494
0.9738994819174086,0.6458020989505248,0.9775886524822694,0.7777903171199639,0.7207092198581561,1.0,7050,7050,1494,1495
0.9145852501531212,0.6307837582625118,0.9104538639771024,0.7452446031126234,0.6887692517377675,1.0,7337,7337,1495,1496
0.9446534052520992,0.645692952103442,0.9660762942779292,0.7740421351380854,0.717983651226158,1.0,7340,7340,1496,1497
0.9663457607423281,0.6460674157303371,0.9745762711864406,0.777027027027027,0.7203389830508474,1.0,8968,8968,1497,1498
0.9859384772577802,0.6520428318952074,0.9889624724061811,0.7859156694442704,0.7306054872280038,1.0,6342,6342,1498,1499
0.980123684077379,0.6495642016353671,0.9818008963737607,0.781851611507679,0.7260627461632487,1.0,7363,7363,1499,1500
0.9812316223368122,0.6501303214596004,0.9857726254775392,0.7835191874770955,0.727637992359373,1.0,7591,7591,1500,1501
0.9570773591497503,0.6432673899170389,0.9568106312292359,0.7693188322839153,0.7130991931656383,1.0,8428,8428,1501,1502
0.9688640146723647,0.6512643110122724,0.9703031046754202,0.7793987185805815,0.7253650754693828,1.0,8149,8149,1502,1503
0.9789289654113484,0.6505140898705255,0.9827412627642744,0.7828378300968093,0.7273838630806846,1.0,6953,6953,1503,1504
0.9748308646779954,0.6522824536376605,0.9768994525303779,0.7822507350975675,0.7280678328214715,1.0,7489,7489,1504,1505
0.9760595222710351,0.6491189668381306,0.9809791597750579,0.7812685240071132,0.7253556070129011,1.0,6046,6046,1505,1506
0.9797083262564541,0.6514631502890174,0.9825636834218772,0.7834682018139358,0.7284429914180629,1.0,7341,7341,1506,1507
0.9720818010521746,0.6485607255520505,0.9774179170999852,0.7797333333333333,0.7238894666468578,1.0,6731,6731,1507,1508
0.9680742700304102,0.6466151582045622,0.970190449903395,0.7760238436913567,0.7199834391388352,1.0,7246,7246,1508,1509
0.966484940038193,0.6455421866826097,0.9714349977507872,0.7756476451308759,0.719017094017094,1.0,8892,8892,1509,1510
0.9702686181013622,0.6480746791131855,0.9682705718270572,0.7764574304487628,0.7212343096234309,1.0,8604,8604,1510,1511
0.970038694634844,0.6489809668182583,0.9777946961045553,0.7801569222981524,0.7244639005202386,1.0,7881,7881,1511,1512
0.9751685872102267,0.6473366570453949,0.9796161482461946,0.7795449757741731,0.7229649238914626,1.0,7555,7555,1512,1513
0.9760749448355975,0.6446722005759783,0.9849877054484276,0.7792965750268775,0.7210430956386696,1.0,7727,7727,1513,1514
0.9743369468517853,0.6516843892413546,0.9794520547945206,0.7826366904544723,0.7279747515444533,1.0,7446,7446,1514,1515
0.9715241874757622,0.6501441458197712,0.9822959111985388,0.7824286513710129,0.7268512013488829,1.0,7117,7117,1515,1516
0.9736985472996164,0.6501031636863824,0.981440622972096,0.7821275275378807,0.726606099935107,1.0,7705,7705,1516,1517
0.9775277641522672,0.6481150700385447,0.9833119383825417,0.7812783318223028,0.7247182998145771,1.0,7011,7011,1517,1518
0.9780754695916128,0.6493319234836105,0.9804063860667634,0.7812409645521309,0.7254716981132076,1.0,6890,6890,1518,1519
0.9715608337453544,0.6493359706131676,0.9769023664446649,0.7801290030553355,0.7246705398894715,1.0,7057,7057,1519,1520
0.9758928140598067,0.6478031634446397,0.9761652542372882,0.7787872385379252,0.7227224576271186,1.0,7552,7552,1520,1521
0.9698291167823033,0.6464050359004623,0.9795796691012073,0.7788575491822707,0.7218661499478313,1.0,6709,6709,1521,1522
0.9770733902846436,0.6485078162008526,0.9774382407539626,0.779701560542203,0.7238326431529345,1.0,7003,7003,1522,1523
0.9759427999606709,0.6456404144127624,0.9803703188082974,0.7785516860143726,0.7211471530001392,1.0,7183,7183,1523,1524
0.9673427761432101,0.6457301200772525,0.9699798183652876,0.7753188486162222,0.7189076690211907,1.0,7928,7928,1524,1525
0.9722153691517851,0.6448897795591182,0.9744133232399698,0.7761230027132952,0.7189250567751704,1.0,6605,6605,1525,1526
0.9819916215769374,0.6479222264582539,0.9849319037960012,0.7816488444291135,0.7248623587365981,1.0,6902,6902,1526,1527
0.9836368042457204,0.649243224216825,0.9860999732691793,0.7829778202271039,0.7266773589949211,1.0,7482,7482,1527,1528
0.9812499666986754,0.6505905511811023,0.9889825897714908,0.7848661485319517,0.7289173014145811,1.0,7352,7352,1528,1529
0.9827823591147041,0.6543185614621204,0.9847678201715468,0.78623295353917,0.7322537710736469,1.0,6762,6762,1529,1530
0.9833391379809328,0.6500448430493273,0.9849164288626172,0.7831865578907559,0.7273406712868596,1.0,7359,7359,1530,1531
0.9787273885103983,0.6424315863879633,0.979371921182266,0.7759009695713153,0.7171336206896551,1.0,6496,6496,1531,1532
0.966716649081514,0.6495640845776129,0.9732732732732733,0.7791333613798906,0.7240990990990991,1.0,6660,6660,1532,1533
0.9712842529518955,0.6456922498118887,0.9741734071235987,0.7766276373098026,0.7198098481623386,1.0,7047,7047,1533,1534
0.970846599713005,0.6456254966010417,0.974417055296469,0.7766567544604928,0.7197868087941373,1.0,7505,7505,1534,1535
0.9588422056031152,0.6463016330451489,0.9604568165596002,0.7726672408842952,0.7174161313347609,1.0,7005,7005,1535,1536
0.9598581416512482,0.6447355363699514,0.9618060695780903,0.7719819391634981,0.7159141376757957,1.0,6755,6755,1536,1537
0.9748477874716178,0.6502977553825011,0.977147577092511,0.7809010396611474,0.7258397577092511,1.0,7264,7264,1537,1538
0.9723567454544289,0.6481600514221436,0.9782925054571914,0.7797216315484246,0.723623575066699,1.0,8246,8246,1538,1539
0.9659492987890924,0.6487505480052609,0.9680753630773257,0.7768794624107518,0.7219678136857255,1.0,7643,7643,1539,1540
0.9703336960490607,0.6525431467445896,0.9750306999590668,0.7818380743982495,0.7279301405375904,1.0,7329,7329,1540,1541
0.9718942516255257,0.6482111652717741,0.9759069509831072,0.7789997236805748,0.723137635004154,1.0,7222,7222,1541,1542
0.9708460271753867,0.6457843466577091,0.9756407003298655,0.7771601819100555,0.7202486678507993,0.5,7882,7882,1542,1543
0.9763786625656531,0.6502632838678793,0.9807942238267148,0.7820379965457686,0.7266425992779784,1.0,6925,6925,1543,1544
0.9805689659548594,0.649304632828417,0.984156820622986,0.7824091370016545,0.7263023630504833,1.0,7448,7448,1544,1545
0.9749805960915103,0.6533695160560832,0.9772696522797998,0.7831508186056597,0.7294006223785685,1.0,7391,7391,1545,1546
0.9772904840771415,0.6493866244558766,0.9795552902551858,0.7810101731215421,0.7253395015669303,1.0,6701,6701,1546,1547
0.9781774713243243,0.6469322954010038,0.9815073815073815,0.779849364119027,0.7229215229215229,1.0,6435,6435,1547,1548
0.962194340978313,0.6450562738349921,0.963328240033338,0.7727019498607243,0.7166273093485206,1.0,7199,7199,1548,1549
0.9653142997235759,0.6464971255968041,0.9684717559480368,0.7753885707607806,0.7194570135746606,1.0,6851,6851,1549,1550
0.97481749803392,0.6526753639629419,0.9787354692373121,0.7831215970961888,0.728948114544939,1.0,7054,7054,1550,1551
0.9569113880234846,0.6466629276500281,0.9565818584070797,0.7716675962074735,0.7169524336283186,1.0,7232,7232,1551,1552
0.9776312078532478,0.6509298998569385,0.9839965397923875,0.7835371103840193,0.7281574394463668,1.0,6936,6936,1552,1553
0.9640436427833028,0.6527678662452849,0.970739842328684,0.7806156659555014,0.7271831412977562,1.0,6596,6596,1553,1554
0.9632477575211777,0.6460825935932073,0.9644246003168659,0.7737909516380655,0.7180613567622065,1.0,6943,6943,1554,1555
0.9581762303686907,0.6440138040881338,0.9626984126984127,0.7717512327024018,0.7152777777777778,1.0,7560,7560,1555,1556
0.9721871836734693,0.6414775923495218,0.9774285714285714,0.7745952677459527,0.7155714285714285,1.0,7000,7000,1556,1557
0.9652814752477767,0.6472910726036412,0.968811556139199,0.7760683760683761,0.7204530531845043,1.0,6092,6092,1557,1558
0.9608106307927492,0.6414551942902459,0.9610871825337888,0.7693953986088817,0.7119411852071885,1.0,6733,6733,1558,1559
0.9749999515854564,0.6450707050446294,0.9766170665047069,0.7769523464395723,0.7196325539022168,1.0,6586,6586,1559,1560
0.9815725562465679,0.6517456602301541,0.985547854298776,0.7846199002054594,0.7294646807255567,1.0,6781,6781,1560,1561
0.9702214189514046,0.6446374622356495,0.9707136764287745,0.7747645523658232,0.7177992607335798,1.0,7034,7034,1561,1562
0.9632619331042754,0.6491637100861632,0.9615615615615616,0.7750680786686838,0.720945945945946,1.0,6660,6660,1562,1563
0.9712237443997208,0.6490227251472926,0.9719887955182073,0.7783323052767341,0.7231792717086835,1.0,7140,7140,1563,1564
0.97602465159608,0.6493483306552401,0.9795313762456235,0.7809748765299549,0.7252895232965257,1.0,7426,7426,1564,1565
0.9693805826752048,0.6455390334572491,0.9711968680089486,0.7755694506476105,0.7189597315436241,1.0,7152,7152,1565,1566
0.9776891070274869,0.647916865287444,0.9817971684484254,0.7806559071851129,0.7241404218433979,1.0,6922,6922,1566,1567
0.9740612417077315,0.6458379578246393,0.9758510816703002,0.7772657450076805,0.7203588797585108,1.0,5963,5963,1567,1568
0.9753335441392271,0.6474670367800138,0.9810725552050473,0.7801003344481605,0.7234490010515248,1.0,6657,6657,1568,1569
0.9760663825370253,0.6509094754653131,0.9766740717232625,0.7811905064094429,0.7264360520469693,1.0,6302,6302,1569,1570
0.9796751416976469,0.6433370660694289,0.9810450819672131,0.7770864331124037,0.7185792349726776,1.0,5856,5856,1570,1571
0.9816597730657272,0.650535613606465,0.985620728929385,0.7837654251103815,0.7280751708428246,1.0,7024,7024,1571,1572
0.970083009781796,0.6446216689360047,0.9721325902024054,0.7752046783625731,0.7180991493106483,1.0,6818,6818,1572,1573
0.9828857185156387,0.6479077788871743,0.9861840287372202,0.7820323199123528,0.7251312517269964,1.0,7238,7238,1573,1574
0.9805874879839812,0.6528209475369691,0.9852167732764747,0.7852934511670066,0.7306325515280739,1.0,7035,7035,1574,1575
0.9485525266607107,0.638968967271494,0.9478053075084895,0.7633324892377817,0.7061375927556283,1.0,7951,7951,1575,1576
0.960474647077596,0.6478622327790974,0.9702706136450261,0.7769469454194008,0.7214458137466649,1.0,7871,7871,1576,1577
0.9651229038696096,0.6517109574080815,0.967571949736522,0.7788351732013704,0.7252398324550736,1.0,7401,7401,1577,1578
0.965798869116975,0.6470805617147081,0.9675369526177648,0.7755079444167635,0.719919878436248,1.0,7239,7239,1578,1579
0.9787987181389088,0.6509713848215141,0.9826639699508812,0.7831443209947614,0.7278965616873736,1.0,6922,6922,1579,1580
0.9840184611924964,0.6518382030358867,0.9885562208915503,0.7856387478849408,0.7302727877578177,1.0,7515,7515,1580,1581
0.9860588552694998,0.6516452764643443,0.9882921118103322,0.7854152128401954,0.7299868286257867,1.0,6833,6833,1581,1582
0.9705976535478311,0.6461150171263746,0.9719322033898306,0.776219611240457,0.7197966101694915,1.0,7375,7375,1582,1583
0.9865180138637948,0.648430667573608,0.9887390724551786,0.7832159624413145,0.7263298266409839,1.0,6749,6749,1583,1584
0.9849560531038877,0.6513808738664468,0.9879649890590809,0.7851198608868464,0.7296030009377931,1.0,6398,6398,1584,1585
0.9803585255648037,0.6506486387721542,0.9823448275862069,0.7828094086612443,0.727448275862069,1.0,7250,7250,1585,1586
0.9784559553038479,0.6479099678456591,0.9793438639125152,0.779874213836478,0.7235722964763062,1.0,6584,6584,1586,1587
0.9838618408811309,0.6520545594921506,0.9852235904082955,0.7847408631013835,0.729747245625405,1.0,7715,7715,1587,1588
0.9717858311796713,0.6516874541452677,0.9746262515429982,0.7810937070623798,0.7268550267453024,1.0,7291,7291,1588,1589
0.9761672537055114,0.6534969088098919,0.9798667439165701,0.7840751043115438,0.7301564310544612,1.0,6904,6904,1589,1590
0.9772714589808715,0.6482850104225886,0.9771493858897458,0.7794486215538847,0.723507569265924,1.0,7002,7002,1590,1591
0.9645924689976809,0.6475721444617245,0.9698498964803313,0.7766034607812662,0.7210144927536232,1.0,7728,7728,1591,1592
0.9829871485255852,0.653689284390063,0.9865696698377169,0.7863514719000892,0.731952993844432,1.0,7148,7148,1592,1593
0.9810202791512005,0.6470781893004115,0.9841031418200025,0.7807736233179403,0.7236825635248466,1.0,7989,7989,1593,1594
0.9754877052699481,0.6434071679817474,0.9794500723589001,0.7766366400826209,0.7183068017366137,1.0,6910,6910,1594,1595
0.9794481132476649,0.6459164671455174,0.9819358317605824,0.779245787643755,0.7218252898355352,1.0,7418,7418,1595,1596
0.9692907964203835,0.6440241520156278,0.9746036011824778,0.7755560307955518,0.7179521633969363,1.0,7442,7442,1596,1597
0.9737187865031235,0.650703309212131,0.976809471500061,0.7810853015811048,0.7262297082875625,1.0,8193,8193,1597,1598
0.9786629244669597,0.6464795667159035,0.9816822429906542,0.779575478699718,0.7224299065420561,1.0,8025,8025,1598,1599
0.963694813860776,0.6481301388029352,0.9689399947131906,0.7767124013349579,0.7214512291831879,1.0,7566,7566,1599,1600
0.9715935959680092,0.6473186119873817,0.9747557003257329,0.7779884092509343,0.7218376764386536,1.0,7368,7368,1600,1601
0.9787613073985153,0.6526039905309435,0.9856978674498786,0.7852891805280025,0.7304941897586515,1.0,7831,7831,1601,1602
0.9744763601443275,0.6482627795527156,0.9768316533774635,0.7793314529196423,0.723409056717316,1.0,6647,6647,1602,1603
0.9579277527021024,0.6482575911962503,0.9611723825351262,0.774295624657701,0.7198217253361535,1.0,6619,6619,1603,1604
0.9629567269535981,0.6416149611115967,0.9633906311507676,0.7702475870751154,0.7126361369898964,1.0,7621,7621,1604,1605
0.9750841493921181,0.6458687521251275,0.981146694214876,0.7789624769325405,0.7215909090909091,1.0,7744,7744,1605,1606
0.9828696552937465,0.6521597657203286,0.9873152709359606,0.7854798412776172,0.7303571428571428,1.0,8120,8120,1606,1607
0.9782662877026114,0.6496604139715395,0.9805955577251647,0.7815387608209318,0.7258969978032707,1.0,8194,8194,1607,1608
0.9759611505189771,0.6450494008829094,0.9825488312520013,0.7788071065989848,0.7209414024975984,1.0,6246,6246,1608,1609
0.9759100395143714,0.6419404751069445,0.9786318856667129,0.7753105419369023,0.716386846121826,1.0,7207,7207,1609,1610
0.9775705993067519,0.65299418058945,0.9829047753602712,0.7846830588766073,0.7302910426674202,1.0,7078,7078,1610,1611
0.9659408616437158,0.649406392694064,0.9668252889191027,0.7769461895656924,0.7224337185588036,1.0,7355,7355,1611,1612
0.9642514692824018,0.6458131889383099,0.9664303284618724,0.7742421607836318,0.7182028649978296,1.0,6911,6911,1612,1613
0.9701653878399171,0.6463048090523338,0.9763621794871795,0.7777659574468085,0.7210202991452992,1.0,7488,7488,1613,1614
0.958837932169602,0.6470145036730081,0.9623196526124107,0.773779354620713,0.7186580753606948,1.0,7139,7139,1614,1615
0.9651142017751798,0.6400076716532412,0.9694944799535155,0.7710258780036968,0.7120859965136549,1.0,6884,6884,1615,1616
0.971564295448986,0.6500136005077523,0.9787030716723549,0.7811921107115615,0.7258703071672354,1.0,7325,7325,1616,1617
0.9752302874798279,0.645996005084438,0.9793530626290433,0.7784889764210295,0.7213351686166551,1.0,7265,7265,1617,1618
0.9730075887312402,0.6433095486250301,0.9774637592885858,0.7759404312929117,0.7177488122792057,1.0,8209,8209,1618,1619
0.9859376307464761,0.6528202885876694,0.9896592867559326,0.7867003899251765,0.7316717486411243,1.0,7543,7543,1619,1620
0.981037841720765,0.6504881450488145,0.9850746268656716,0.7835582684661477,0.7278935511123628,1.0,7102,7102,1620,1621
0.9838402801751468,0.6534613522672261,0.9859995130265401,0.7860054347826086,0.7315558802045289,1.0,8214,8214,1621,1622
0.9712905796429653,0.6484603474969896,0.9751649204501358,0.7789430180296534,0.7232570172034666,1.0,7731,7731,1622,1623
0.9853807365162773,0.6525682736862861,0.9882054344580472,0.7860578350454248,0.7310391161540758,1.0,6698,6698,1623,1624
0.982308035961611,0.6485074626865671,0.9863791146424518,0.7825303917154435,0.7258796821793416,1.0,7048,7048,1624,1625
0.9761913383941682,0.6500154178230034,0.980313129747326,0.7817058096415328,0.7262439931793521,1.0,6451,6451,1625,1626
0.9731088835180982,0.6486922250089574,0.9756163276303381,0.7792543175337602,0.7236292604068436,1.0,7423,7423,1626,1627
0.9810949654319302,0.653902394443429,0.9855371900826446,0.7861773431491045,0.7319559228650138,1.0,7260,7260,1627,1628
0.9665946852502719,0.6458948099288317,0.9683799609629148,0.7749258082990577,0.7187378009108654,1.0,7685,7685,1628,1629
0.9789881485639249,0.6488261042578591,0.9850475758948799,0.7823427097702873,0.7259477420329256,1.0,6621,6621,1629,1630
0.9831771370046821,0.6486690105474636,0.9881407804131599,0.7832019405700424,0.7264728385615914,1.0,7842,7842,1630,1631
0.9763890494024056,0.6380919460767369,0.9776247848537005,0.7721830065359477,0.7115715609691513,1.0,7553,7553,1631,1632
0.9816564447137494,0.6547651248760256,0.9841441929800786,0.7863562533838657,0.7326195961512401,1.0,7379,7379,1632,1633
0.9731903033341038,0.6461427019195943,0.9765977829478583,0.777723284834614,0.7208840837553031,1.0,7307,7307,1633,1634
0.9702374337241121,0.6472785485592316,0.9726045703594814,0.7772734554386714,0.72130161699853,1.0,7483,7483,1634,1635
0.9587625549946318,0.6501012332044911,0.9603045133224578,0.7753265283722972,0.7217237629146275,1.0,7356,7356,1635,1636
0.9657129051452695,0.6502833691616181,0.9677184818961757,0.77786219391035,0.7236440308273957,1.0,6877,6877,1636,1637
0.9748568199830262,0.6499598232221776,0.9797123391370174,0.7814745486383673,0.7260408781226344,1.0,6605,6605,1637,1638
0.9801663021933803,0.6530301492234291,0.9862026674842864,0.7857579088799316,0.7311053196382032,1.0,6523,6523,1638,1639
0.969158390184072,0.6433801098230628,0.9689127105666157,0.7732828159374237,0.7159264931087289,1.0,6530,6530,1639,1640
0.9704293946010188,0.6486533000602358,0.9739018087855297,0.7786787872527245,0.7231912144702842,1.0,7740,7740,1640,1641
0.964005007038636,0.6468548786527984,0.9651197162281998,0.7745685309293636,0.7191102571681939,1.0,6766,6766,1641,1642
0.972538494118947,0.6466484683045193,0.9818851704022106,0.779762267601341,0.7226742400982499,1.0,6514,6514,1642,1643
0.9614808081161781,0.649264461895808,0.9656193452870538,0.7764550264550265,0.7219937489718704,1.0,6079,6079,1643,1644
0.9779376262626263,0.6510809451985923,0.9810606060606061,0.7827138108189785,0.7276515151515152,1.0,6600,6600,1644,1645
0.9771580365006898,0.650790413054564,0.9812394279563279,0.782560706401766,0.7273566046440104,1.0,6503,6503,1645,1646
0.9757293877551021,0.6479750778816199,0.9805714285714285,0.7803103507076679,0.7239285714285715,1.0,7000,7000,1646,1647
0.965008407762273,0.6430887120542294,0.9689165186500888,0.7730735163861825,0.7155861456483126,1.0,6756,6756,1647,1648
0.9829671098371592,0.6493432324386065,0.9869791666666666,0.7833275921460559,0.7269965277777778,1.0,6912,6912,1648,1649
0.9833666843905311,0.6474080638015064,0.9864974345125573,0.7817666256487079,0.7246151768836079,1.0,7406,7406,1649,1650
0.9831939223647418,0.6490666666666667,0.986223662884927,0.7828883885493728,0.7264991896272285,1.0,7404,7404,1650,1651
0.9765763394516244,0.6526896963366411,0.9783046298367256,0.7829939583799508,0.7288637888615522,1.0,8942,8942,1651,1652
0.9805997305074436,0.6487508066746566,0.9821353803210049,0.781367976904286,0.725191905094208,1.0,7165,7165,1652,1653
0.9728627852951454,0.6468080888183981,0.9798768583871452,0.7792440437093211,0.7224057666316264,1.0,6659,6659,1653,1654
0.9648283274572818,0.6478486719592277,0.9707739756205023,0.7770985186926875,0.7215450139521222,1.0,6809,6809,1654,1655
0.9689944074366714,0.6453115899825277,0.9715037264357738,0.7755030621172353,0.7187637001315212,1.0,6843,6843,1655,1656
0.9653344328703705,0.6433843882635173,0.9684722222222222,0.773145581550061,0.7158333333333333,1.0,7200,7200,1656,1657
0.9847948050803843,0.6522101751459549,0.988621997471555,0.785929648241206,0.7307206068268015,1.0,6328,6328,1657,1658
0.9758002930962724,0.6458998449329563,0.9818358291735996,0.7792022008253094,0.7217831392124238,1.0,7212,7212,1658,1659
0.9667161403744295,0.6440968910928857,0.9669291338582677,0.7731669623948257,0.716320687186829,1.0,6985,6985,1659,1660
0.9711932555828505,0.6443131462333825,0.9727921498661909,0.7751910431846455,0.717885816235504,1.0,6726,6726,1660,1661
0.9818715307240357,0.6456493044979186,0.9834519022579647,0.7795280416794361,0.7218527683266316,1.0,6466,6466,1661,1662
0.9793634100790143,0.6489272777932572,0.9822859552931252,0.7815436241610738,0.7254323070434416,1.0,7113,7113,1662,1663
0.9794970568209557,0.6473758865248227,0.981505376344086,0.7801709401709401,0.7234408602150537,1.0,6975,6975,1663,1664
0.9721123339442854,0.6547630726969489,0.9745911214953271,0.7832873657649199,0.7303592289719626,1.0,6848,6848,1664,1665
0.9740009966911544,0.6495293265749457,0.9778343023255814,0.7805656272661349,0.725109011627907,1.0,8256,8256,1665,1666
0.9775664380727437,0.650210716435882,0.9838625715773035,0.7829734348298897,0.7272904737116085,1.0,7684,7684,1666,1667
0.98123577555557,0.6519252374629761,0.9839679358717435,0.7842486791989188,0.7293047633728996,1.0,6487,6487,1667,1668
0.9782480211063642,0.6497113005224086,0.9799557644456732,0.7813722788647011,0.7258086812275366,1.0,7234,7234,1668,1669
0.9777878250981124,0.6504570728489304,0.9816526809842128,0.7824509692778596,0.727065851230266,1.0,7031,7031,1669,1670
0.9642094898761678,0.6491329479768786,0.9658830275229358,0.7764461857570869,0.7219036697247706,1.0,6976,6976,1670,1671
0.9784655517218045,0.6497295379976944,0.9824349691606329,0.782172404590339,0.726401179941003,1.0,7458,7458,1671,1672
0.9698710908733708,0.6479596432753806,0.9717643880032424,0.7774955412635789,0.7218994866252364,1.0,7402,7402,1672,1673
0.9673243862752481,0.6444717444717445,0.9680157460942306,0.773784355179704,0.7170008611145282,1.0,8129,8129,1673,1674
0.9716826495585731,0.6445122454028201,0.9748066849588426,0.7759741871432118,0.7185707158892491,1.0,8018,8018,1674,1675
0.9647673032729468,0.6503515914137675,0.9680484781710508,0.7780175992030549,0.7237983748794932,1.0,7261,7261,1675,1676
0.9756239151373193,0.6517833783901631,0.9775045775568925,0.7820854915502538,0.727635364896678,1.0,7646,7646,1676,1677
0.9746641189815405,0.6510768093169425,0.9794215795328143,0.7821886624840375,0.7272664071190211,1.0,7192,7192,1677,1678
0.9804026805285384,0.6556354916067146,0.9841612670986322,0.7869890616004606,0.7336213102951764,1.0,6945,6945,1678,1679
0.9755533450597893,0.6509164969450102,0.9764741827069966,0.7811316143223757,0.726397800183318,1.0,6546,6546,1679,1680
0.9747341124772066,0.6536871693121693,0.9794376316115446,0.7840745698844762,0.7302737520128825,1.0,8073,8073,1680,1681
0.9785772743698814,0.6480008057206164,0.9812414213817294,0.7805410651461846,0.7241116364190942,1.0,6557,6557,1681,1682
0.9811058154331966,0.6544418052256532,0.981476204046737,0.7852704782534344,0.731618694784839,1.0,7018,7018,1682,1683
0.9609612466377867,0.6405529953917051,0.9665875169606513,0.7704995606029879,0.7120929443690638,1.0,5896,5896,1683,1684
0.9761968530223929,0.6492993510768362,0.9788742379129448,0.7807305213162954,0.7250815255919467,1.0,7053,7053,1684,1685
0.9737812567829743,0.6499859432105707,0.9764888075461072,0.780465848992911,0.7253273264817682,1.0,7103,7103,1685,1686
0.9844647303173345,0.6490468830499743,0.9866854636591479,0.7830194542855367,0.7265820802005013,1.0,6384,6384,1686,1687
0.94764456968207,0.6468567502576434,0.9498108448928121,0.7695923163379994,0.7156368221941992,1.0,7930,7930,1687,1688
0.9802439571271625,0.6496569053832029,0.9834674469641551,0.7824467465952741,0.7265544989027066,1.0,6835,6835,1688,1689
0.9791732263333217,0.6478350965208856,0.9819804926434121,0.7806544881061901,0.7240866258885766,1.0,6049,6049,1689,1690
0.9796328166126536,0.6477143936531923,0.9806949806949807,0.7801604004322849,0.7236522236522237,1.0,6993,6993,1690,1691
0.9786230462200691,0.6465364120781527,0.980628608082104,0.7792843307166888,0.7222578576010263,1.0,7795,7795,1691,1692
0.981749515132713,0.6477640675592894,0.985881726158764,0.7818325851597571,0.7248934469898775,1.0,7508,7508,1692,1693
0.9801332180920864,0.6462482219061166,0.9825628548256286,0.779684650863456,0.7223573938902406,1.0,7398,7398,1693,1694
0.9616678660289766,0.6543399638336347,0.9729766066146813,0.7824629689696183,0.7294971766603926,1.0,7438,7438,1694,1695
0.9829133209269376,0.6467944369063772,0.9856552080640992,0.7810547875064004,0.7237012147841819,1.0,7738,7738,1695,1696
0.9614312701857264,0.6482995256837218,0.9613888057467824,0.7743957567355795,0.7199191858724933,1.0,6682,6682,1696,1697
0.9379061008330176,0.6406556208800998,0.9409917571634175,0.7623085484127404,0.706594269265995,1.0,7643,7643,1697,1698
0.9843921784650573,0.6490027375831052,0.986329866270431,0.7828753390730039,0.7264487369985141,1.0,6730,6730,1698,1699
0.9795535601622429,0.6526383943023633,0.9835745649699138,0.7846393357550597,0.7300374044560091,1.0,6149,6149,1699,1700
0.974719062239584,0.6527173409869457,0.9775374376039934,0.7827680008882474,0.7287160288408209,1.0,7212,7212,1700,1701
0.9647000036442447,0.6492325740541598,0.9723279648609078,0.7785919456005628,0.7234992679355783,1.0,6830,6830,1701,1702
0.9578051802224677,0.6397177995995805,0.9614557959593065,0.7682619647355163,0.7099871041696518,1.0,6979,6979,1702,1703
0.9670749111878475,0.6503731030435147,0.9702313946216385,0.7787370745909046,0.7243277048155097,1.0,7995,7995,1703,1704
0.9693085247654256,0.648534525583706,0.9691907943578322,0.7770833333333333,0.7219747587230884,1.0,8082,8082,1704,1705
0.9790117098692033,0.6526924135400421,0.9813793103448276,0.7839788441408186,0.7295862068965517,1.0,7250,7250,1705,1706
0.9801315627723753,0.654327479230203,0.9834044570886676,0.7858044960848699,0.731942468784574,1.0,6327,6327,1706,1707
0.9716003096052959,0.6468103448275863,0.9788649706457926,0.7789255125875941,0.7221787345075016,1.0,7665,7665,1707,1708
0.9812360365008577,0.6527631955712513,0.9830386660917062,0.7845589078811518,0.7300560586459681,1.0,6957,6957,1708,1709
0.9859609330278896,0.650802538260545,0.9896409819781468,0.7852277205427011,0.7293174400454094,1.0,7047,7047,1709,1710
0.9722687721166585,0.6510587805768528,0.9735225876893681,0.7802876989553137,0.7258768936809062,1.0,7327,7327,1710,1711
0.9715384275191368,0.6460176991150443,0.9727694090382387,0.7764161849710982,0.7198725376593279,1.0,6904,6904,1711,1712
0.986728085238651,0.651446117274168,0.9897667419112114,0.7857356191386416,0.7300978179082016,1.0,6645,6645,1712,1713
0.9824304738163173,0.6526498320147394,0.9830231798889977,0.7844720901452484,0.7299216454456415,1.0,6126,6126,1713,1714
0.979141108741585,0.6539323553382234,0.9831520906723847,0.785438972162741,0.7314290090366059,1.0,6529,6529,1714,1715
0.9618173535308532,0.644173007609131,0.9602985074626865,0.7710930009587728,0.7149253731343284,1.0,6700,6700,1715,1716
0.9609033752754721,0.6438532110091744,0.9608433734939759,0.7710393320149418,0.7146768893756845,1.0,7304,7304,1716,1717
0.97279134496404,0.6488694660839825,0.9787904843794784,0.7803930530164533,0.7245629120091717,1.0,6978,6978,1717,1718
0.9633336677885805,0.6441608786948797,0.968431277319087,0.7736928897080221,0.7167314230208839,1.0,8236,8236,1718,1719
0.9692860612690074,0.6451359832635983,0.9733035244608101,0.7759488362340113,0.7189637033140452,1.0,7604,7604,1719,1720
0.9767976479467677,0.6462813987850927,0.9778909452241957,0.7782335788068996,0.721338964103838,1.0,8051,8051,1720,1721
0.9814802731299819,0.6460664632078671,0.985007108698462,0.7803204832846977,0.7226961354530179,1.0,7737,7737,1721,1722
0.9788393502673227,0.6491923783731502,0.9828671840679455,0.7819198508853681,0.7258749450871285,1.0,6829,6829,1722,1723
0.9808383021538822,0.6455870222711025,0.9829751604800446,0.7793328539027493,0.7216717834217137,1.0,7166,7166,1723,1724
0.978899159191596,0.6472489082969433,0.9819795945408771,0.7802284571248091,0.7234000265005963,1.0,7547,7547,1724,1725
0.9743544708794863,0.6490580847723705,0.9773076468502541,0.7800575444554502,0.7244415553717055,1.0,8461,8461,1725,1726
0.9785133969816189,0.6476743079996196,0.9798532162901137,0.7798648493872409,0.7234134407828464,1.0,6949,6949,1726,1727
0.9816289506751009,0.6553499738174201,0.985562409765061,0.7872306966504168,0.733626460165376,1.0,7619,7619,1727,1728
0.9781183929518875,0.6457040698285834,0.9800478850758181,0.7784962596678078,0.7211492418196329,1.0,6265,6265,1728,1729
0.9813674445001859,0.6502833782402676,0.9850809289232935,0.7834116856950973,0.7276565798733287,1.0,7105,7105,1729,1730
0.9690629370331931,0.6445766590389016,0.9703734325478848,0.7746122538774612,0.7176519222819346,1.0,7257,7257,1730,1731
0.9734555314920589,0.6496674057649667,0.9844449975111996,0.7827635680007916,0.7267919362867098,1.0,8036,8036,1731,1732
0.975500834105539,0.6503613118399111,0.9755419677598666,0.7804335742078933,0.7255419677598666,1.0,7196,7196,1732,1733
0.9726531697879386,0.6469851666345598,0.9733371975076076,0.7772956084013192,0.7211273728445153,1.0,6901,6901,1733,1734
0.9807716777423352,0.6490545050055617,0.984533183352081,0.7823463687150838,0.7260967379077615,1.0,7112,7112,1734,1735
0.9765182356023043,0.6531701481549645,0.9782249173098125,0.7833140208574739,0.729396361631753,1.0,7256,7256,1735,1736
0.9836231457093775,0.647905499305142,0.9861006194289168,0.7820044329958665,0.7251095331621091,1.0,6619,6619,1736,1737
0.9670764999037398,0.6471999261924531,0.9717412383986702,0.7769409679920257,0.7210139908574594,1.0,7219,7219,1737,1738
0.9571596061307887,0.6435382257789886,0.9601168550743046,0.7705795402416026,0.7141496253016639,1.0,7873,7873,1738,1739
0.9729985045840566,0.648799813563272,0.9782150386507379,0.7801597309794032,0.7243499648629655,1.0,8538,8538,1739,1740
0.9699915120632706,0.647675180091683,0.9724680432645034,0.7775157232704403,0.7217305801376598,1.0,7119,7119,1740,1741
0.9773581761641049,0.6468900502100625,0.9811936586882188,0.779719631939727,0.7228007460366801,1.0,6434,6434,1741,1742
0.9562939940275054,0.6441368850127974,0.96015260703688,0.7710200839668672,0.7148509255334181,1.0,7077,7077,1742,1743
0.9217490552526125,0.636684135302525,0.927411519777932,0.7550282485875707,0.6990978487161693,1.0,7205,7205,1743,1744
0.9736432178559823,0.6492126289659452,0.9766600536818766,0.7799627213420317,0.7244719337145524,1.0,8569,8569,1744,1745
0.9692532235150187,0.6490291262135922,0.9757936990633743,0.7795539575336475,0.7240603332927867,1.0,8221,8221,1745,1746
0.951120443213093,0.6442783981193855,0.9572159161781215,0.7701726214371738,0.7143569913932892,1.0,8017,8017,1746,1747
0.9533376285828586,0.6392398958232854,0.9473909935668334,0.7633913143647045,0.7063616869192281,1.0,6995,6995,1747,1748
0.9750346662501308,0.6478999910063855,0.9758872934164183,0.7787687152045836,0.7227716066106746,1.0,7382,7382,1748,1749
0.9668096860168051,0.6470698371091556,0.9692890197728229,0.7760624263178577,0.7203057074744075,1.0,7131,7131,1749,1750
0.9724061708784519,0.6461493007681702,0.9772117962466488,0.777922693858193,0.7210306821566875,1.0,6714,6714,1750,1751
0.9752471142752525,0.6487148102815178,0.9766123316796598,0.7795881421136004,0.7238837703756201,1.0,7055,7055,1751,1752
0.983164911584126,0.6524442908965279,0.9847477512710208,0.7848719413995532,0.730087341937166,1.0,7671,7671,1752,1753
0.9649423581563916,0.6454849498327759,0.9667059516794343,0.7740946089418427,0.7178845020624631,1.0,6788,6788,1753,1754
0.983730177890032,0.652384367156687,0.9872490504612046,0.7856217616580311,0.730602278893109,1.0,7372,7372,1754,1755
0.9635825359533942,0.6458767086086721,0.964710654407788,0.7737352925229084,0.7178880475932937,1.0,7396,7396,1755,1756
0.9670688038770443,0.644348839293717,0.9669132481506388,0.7733433734939759,0.7166106254203094,1.0,7435,7435,1756,1757
0.97216408031239,0.6451586655817738,0.9752767527675277,0.7765915768854065,0.7194341943419434,1.0,8130,8130,1757,1758
0.9681298521804872,0.6466787283535798,0.9708963911525029,0.7762953769779708,0.7202173069460613,1.0,7731,7731,1758,1759
0.9474548590733247,0.6440212577502215,0.9513280125605129,0.7680769027623726,0.7127436870338872,1.0,7643,7643,1759,1760
0.9711485084781872,0.6542774461928016,0.9738861219545026,0.7827121761237626,0.7296405976578274,1.0,7429,7429,1760,1761
0.9507398122321475,0.6439360480522922,0.9550635398925718,0.7692307692307693,0.7134809380322285,1.0,7633,7633,1761,1762
0.9712710450066089,0.6530925854782943,0.9754698034715249,0.7823735833860669,0.7286615980490604,1.0,6971,6971,1762,1763
0.9707942806882119,0.6491869527566632,0.9768350948313306,0.78,0.7244824091501375,1.0,6907,6907,1763,1764
0.9781622335710652,0.6487325400931195,0.9813486370157819,0.7811056319750843,0.7249902178166167,1.0,7667,7667,1764,1765
0.9730602895130628,0.650130109963905,0.9766708701134931,0.7806279292445699,0.7255359394703657,1.0,7930,7930,1765,1766
0.9678363637747471,0.6458393877748716,0.9680557572237549,0.7747821034282394,0.7186002613619864,1.0,6887,6887,1766,1767
0.974045899212651,0.6459425955945456,0.9770662051060147,0.7777267508610792,0.7207558055675753,1.0,6933,6933,1767,1768
0.9777232099537843,0.6569545969319469,0.9815413013382557,0.7870975700012335,0.7345023842485772,1.0,6501,6501,1768,1769
0.9846592029278733,0.6484424666242848,0.9884918231374924,0.7831469840203464,0.7262870987280436,1.0,8255,8255,1769,1770
0.9868089023822354,0.6518538713195202,0.9889700813456501,0.7857807964068576,0.7303874258927341,1.0,7253,7253,1770,1771
0.9799999454391348,0.6545887331393812,0.9818830997090717,0.7855064797672573,0.7318830997090717,1.0,7562,7562,1771,1772
0.9775198973479463,0.6539953452288596,0.9813736903376019,0.7849162011173184,0.7310826542491269,1.0,6872,6872,1772,1773
0.9589030191894968,0.6497184104069168,0.9620624853182993,0.7756261540646749,0.7216936809960066,1.0,8514,8514,1773,1774
0.9685254780143415,0.6465853245212676,0.9703713123092573,0.7760602054306925,0.7199898270600203,1.0,7864,7864,1774,1775
0.9584138287758643,0.6441849148418491,0.959553493766309,0.77086123566063,0.7147723977964627,1.0,6898,6898,1775,1776
0.9732026119742901,0.6504086245870283,0.9763769250848342,0.7807347109163014,0.7257896110676064,1.0,7662,7662,1776,1777
0.9788538409893236,0.6525778458397141,0.979767014101778,0.783381334640603,0.7290772532188842,1.0,6524,6524,1777,1778
0.9785337229207647,0.6485277286442618,0.9825031525851198,0.7813224694453149,0.725015762925599,1.0,6344,6344,1778,1779
0.9710805367602722,0.6502433090024331,0.974729712127133,0.7800886108939276,0.7252181841865312,1.0,7677,7677,1779,1780
0.9803738712815091,0.6528511087645196,0.9846051758460518,0.7851209058680353,0.7305242203052422,1.0,7535,7535,1780,1781
0.9573922382615072,0.6484026107866713,0.9589737076082815,0.7736844801967515,0.7194843134764385,1.0,7873,7873,1781,1782
0.9788421262194446,0.650055846722227,0.9820872274143302,0.782298505919454,0.7267004153686397,1.0,7704,7704,1782,1783
0.9712541615270581,0.6453488372093024,0.9713603818615751,0.7754842807240394,0.718774860779634,1.0,7542,7542,1783,1784
0.969762584789927,0.648000815993472,0.9748350468006751,0.77850621898168,0.7226484578793924,1.0,6517,6517,1784,1785
0.9828541007552307,0.6501674056646457,0.9851912793089264,0.7833624073266463,0.7275469628410804,1.0,7293,7293,1785,1786
0.978089197201482,0.6477409778272567,0.9813070976809557,0.7803733094892142,0.7238229093464511,1.0,7115,7115,1786,1787
0.9728951371734152,0.6491853360488798,0.9752179899036255,0.7794827902427095,0.7241089184641273,1.0,6537,6537,1787,1788
0.9662028051231419,0.6459033799327553,0.9760663190266078,0.7773813960917949,0.7204840219280653,1.0,7479,7479,1788,1789
0.9694038213482405,0.6519270988945324,0.978767942583732,0.7825931017992708,0.72809509569378,1.0,6688,6688,1789,1790
0.981053519308688,0.6492861087007967,0.985748502994012,0.7828981785323631,0.7266467065868264,1.0,8350,8350,1790,1791
0.9887067713920952,0.6517827665896335,0.9917116664573653,0.7865929578166243,0.7309431118925028,1.0,7963,7963,1791,1792
0.9829729003748211,0.6497201134882294,0.9868390402981598,0.7835575900494752,0.7274050780340089,1.0,8586,8586,1792,1793
0.9828878891433305,0.650976535056906,0.9864792930905993,0.78435687984086,0.7287873948685191,1.0,9393,9393,1793,1794
0.9841260720828087,0.6504384886484714,0.9866965062787517,0.7840347757360205,0.7282108665920677,1.0,8043,8043,1794,1795
0.9860098432527119,0.6539072146763097,0.9881380781020925,0.7870070590732976,0.7325736372117819,1.0,7503,7503,1795,1796
0.9716002651255535,0.6502634550244637,0.9742035522977164,0.7799345446337885,0.7251198195658303,1.0,7094,7094,1796,1797
0.9854811922022668,0.64784561001242,0.9883398921440023,0.7826638965835642,0.7255502113394549,1.0,6861,6861,1797,1798
0.9640388757282627,0.6446942274718994,0.9706008891438406,0.7747696182244863,0.7178402409292988,1.0,6973,6973,1798,1799
